<?xml version="1.0" encoding="utf-8"?>
<exported_data>
   <header>
      <software name="IMPRO R.2.92"/>
      <user account="admin"/>
      <instrument serial_number="09-207-0014" id="" EFL_Telescope="104.00000000" EFL_Collimator="104.00000000"/>
      <camera index="1" serial_number="18427771" slit_horizontal="0.0200" slit_vertical="0.0200"/>
      <camera index="2" serial_number="18355941" slit_horizontal="0.0200" slit_vertical="0.0200"/>
      <camera index="3" serial_number="18427889" slit_horizontal="0.0200" slit_vertical="0.0200"/>
      <camera index="4" serial_number="18427775" slit_horizontal="0.0200" slit_vertical="0.0200"/>
      <camera index="5" serial_number="18427827" slit_horizontal="0.0200" slit_vertical="0.0200"/>
      <timestamp date="02/06/20" time="16:11:57"/>
      <setup file="C:\Program Files\TRIOPTICS GmbH\IMPRO AR\Config_Files\Shark13\Shark13_green.mcfg" color="green"/>
      <mtf max_freq="50" tilt_correction="1" cut_percent="20" auto_shutter="1"/>
      <alert enabled="true" min_acceptable_mtf="0.0"/>
      <on_axis_aoi min_width="1000" min_height="100" max_width="1000" max_height="1000" dist_border="2"/>
      <off_axis_aoi min_width="1000" min_height="100" max_width="1000" max_height="1000" dist_border="3"/>
      <local_minima enabled="true" max_frequency="50" max_exports="3" min_mtf_difference="1.5"/>
      <global_minimum enabled="false"/>
      <batch file="C:\Program Files\TRIOPTICS GmbH\XML\2020_02_06_16_11_49_admin_18-256-35_Shark13_repeat1_Zhida.xml"/>
      <measurement_time_sec total="60.117" one_sample_avg="60.117"/>
      <samples tested="1" good="0" bad="1"/>
   </header>
   <measurements>
      <sample number="1" barcode="" entrance="-0.531,-18.533" entranceAfterAlign="-0.598,-18.570" angle="0.000,0.000" result="bad" combined_mtf_result="good" final_aggregate_result="bad" decided_by="local minimum of camera 5" mtf_smaller_than_min_acceptable="false" aggregate_result="bad">
         <exit number="1" pos="0.000,-22.000" min_sag="0.0" min_tan="0.0">
            <config number="1">
               <csv_exports cam_index="1" DOE_ID="2e61a160-d1c2-4480-a5b1-f118617240a5" OperationName="1" FeatureArea="Optics" IsProduction="TRUE" DUTPartNo="1" DUTPartType="1" HWBuild="1" ProductFamily="Devices" ProductGroup="Hardware" ProductName="1" DUTAssemblySN="" DUTType="1" DUTFailed="TRUE" OperationStartTime="02/06/2020 15:56:09" OperationEndTime="02/06/2020 16:11:57" OperatorName="admin" TesterName="" TestMachineName="09-207-0014" TestPackageName="1" TestStartTime="02/06/2020 16:11:49" TestEndTime="02/06/2020 16:11:57" TestName="Shark13_rg.mcfg" METADATA__CarrierDesign="1" FACTOR_Color="Red(0.0) Green(100.0) Blue(0.0)" FACTOR__CarrierPosition="1" FACTOR__CarrierSN="1" FACTOR__CarrierSlot="1" FACTOR__CarrierSlotX="-0.531" FACTOR__CarrierSlotY="-18.533" FACTOR__AngleNumber="1" FACTOR__AngleTheta="0.0" FACTOR__AnglePhi="0.0" FACTOR__PositionNumber="1" FACTOR__PositionX="0.000" FACTOR__PositionY="-22.000" FACTOR__PositionZ="75" FACTOR__MTFFrequency1="23.00" FACTOR__MTFFrequency2="18.50" FACTOR__MTFFrequency3="11.50" FACTOR__Polarization="1" FACTOR__Stagedx="327.503" FACTOR__Stagedy="240.197" RESPONSE__LEDLightCurrentRed="0.00" RESPONSE__LEDLightCurrentGreen="100.00" RESPONSE__LEDLightCurrentBlue="0.00" RESPONSE__MTFTangential1="21.00100" RESPONSE__MTFSagittal1="27.40100" RESPONSE__MTFTangential2="29.40100" RESPONSE__MTFSagittal2="34.50100" RESPONSE__MTFTangential3="49.20100" RESPONSE__MTFSagittal3="52.80100" RESPONSE_Entrance_after_alignment_X="-0.598" RESPONSE_Entrance_after_alignment_Y="-18.570" RESPONSE__Shuttertime="49912" RESPONSE__CRAdx="2.344" RESPONSE__CRAdy="18.524" RESPONSE__RotationAngle="0.455" RESPONSE__Efficiency="0.00027968" RESPONSE__LowestTanPlace="50.0" RESPONSE__LowestTan="0.03444" RESPONSE__LowestSagPlace="50.0" RESPONSE__LowestSag="0.02186" RESPONSE__LSFSag="-999999" RESPONSE__LSFTan="-999999"/>
               <csv_exports cam_index="2" DOE_ID="2e61a160-d1c2-4480-a5b1-f118617240a5" OperationName="1" FeatureArea="Optics" IsProduction="TRUE" DUTPartNo="1" DUTPartType="1" HWBuild="1" ProductFamily="Devices" ProductGroup="Hardware" ProductName="1" DUTAssemblySN="" DUTType="1" DUTFailed="TRUE" OperationStartTime="02/06/2020 15:56:09" OperationEndTime="02/06/2020 16:11:57" OperatorName="admin" TesterName="" TestMachineName="09-207-0014" TestPackageName="1" TestStartTime="02/06/2020 16:11:49" TestEndTime="02/06/2020 16:11:57" TestName="Shark13_rg.mcfg" METADATA__CarrierDesign="1" FACTOR_Color="Red(0.0) Green(0.0) Blue(0.0)" FACTOR__CarrierPosition="1" FACTOR__CarrierSN="1" FACTOR__CarrierSlot="1" FACTOR__CarrierSlotX="-0.531" FACTOR__CarrierSlotY="-18.533" FACTOR__AngleNumber="2" FACTOR__AngleTheta="0.0" FACTOR__AnglePhi="0.0" FACTOR__PositionNumber="1" FACTOR__PositionX="0.000" FACTOR__PositionY="-22.000" FACTOR__PositionZ="75" FACTOR__MTFFrequency1="23.00" FACTOR__MTFFrequency2="18.50" FACTOR__MTFFrequency3="11.50" FACTOR__Polarization="1" FACTOR__Stagedx="311.786" FACTOR__Stagedy="107.654" RESPONSE__LEDLightCurrentRed="0.00" RESPONSE__LEDLightCurrentGreen="0.00" RESPONSE__LEDLightCurrentBlue="0.00" RESPONSE__MTFTangential1="0.60100" RESPONSE__MTFSagittal1="2.00100" RESPONSE__MTFTangential2="1.80100" RESPONSE__MTFSagittal2="4.40100" RESPONSE__MTFTangential3="0.80100" RESPONSE__MTFSagittal3="16.80100" RESPONSE_Entrance_after_alignment_X="-0.598" RESPONSE_Entrance_after_alignment_Y="-18.570" RESPONSE__Shuttertime="485294" RESPONSE__CRAdx="2.019" RESPONSE__CRAdy="89.525" RESPONSE__RotationAngle="-11.703" RESPONSE__Efficiency="280.50340405" RESPONSE__LowestTanPlace="13.9" RESPONSE__LowestTan="0.00609" RESPONSE__LowestSagPlace="8.6" RESPONSE__LowestSag="0.08959" RESPONSE__LSFSag="-999999" RESPONSE__LSFTan="-999999"/>
               <csv_exports cam_index="3" DOE_ID="2e61a160-d1c2-4480-a5b1-f118617240a5" OperationName="1" FeatureArea="Optics" IsProduction="TRUE" DUTPartNo="1" DUTPartType="1" HWBuild="1" ProductFamily="Devices" ProductGroup="Hardware" ProductName="1" DUTAssemblySN="" DUTType="1" DUTFailed="TRUE" OperationStartTime="02/06/2020 15:56:09" OperationEndTime="02/06/2020 16:11:57" OperatorName="admin" TesterName="" TestMachineName="09-207-0014" TestPackageName="1" TestStartTime="02/06/2020 16:11:49" TestEndTime="02/06/2020 16:11:57" TestName="Shark13_rg.mcfg" METADATA__CarrierDesign="1" FACTOR_Color="Red(0.0) Green(0.0) Blue(0.0)" FACTOR__CarrierPosition="1" FACTOR__CarrierSN="1" FACTOR__CarrierSlot="1" FACTOR__CarrierSlotX="-0.531" FACTOR__CarrierSlotY="-18.533" FACTOR__AngleNumber="3" FACTOR__AngleTheta="0.0" FACTOR__AnglePhi="0.0" FACTOR__PositionNumber="1" FACTOR__PositionX="0.000" FACTOR__PositionY="-22.000" FACTOR__PositionZ="75" FACTOR__MTFFrequency1="23.00" FACTOR__MTFFrequency2="18.50" FACTOR__MTFFrequency3="11.50" FACTOR__Polarization="1" FACTOR__Stagedx="500.215" FACTOR__Stagedy="231.309" RESPONSE__LEDLightCurrentRed="0.00" RESPONSE__LEDLightCurrentGreen="0.00" RESPONSE__LEDLightCurrentBlue="0.00" RESPONSE__MTFTangential1="0.00100" RESPONSE__MTFSagittal1="0.00100" RESPONSE__MTFTangential2="0.00100" RESPONSE__MTFSagittal2="0.00100" RESPONSE__MTFTangential3="0.00100" RESPONSE__MTFSagittal3="0.00100" RESPONSE_Entrance_after_alignment_X="-0.598" RESPONSE_Entrance_after_alignment_Y="-18.570" RESPONSE__Shuttertime="6482142" RESPONSE__CRAdx="-180.900" RESPONSE__CRAdy="20.066" RESPONSE__RotationAngle="0.831" RESPONSE__Efficiency="3.01176440" RESPONSE__LowestTanPlace="2.5" RESPONSE__LowestTan="0.00000" RESPONSE__LowestSagPlace="2.5" RESPONSE__LowestSag="0.00000" RESPONSE__LSFSag="-999999" RESPONSE__LSFTan="-999999"/>
               <csv_exports cam_index="4" DOE_ID="2e61a160-d1c2-4480-a5b1-f118617240a5" OperationName="1" FeatureArea="Optics" IsProduction="TRUE" DUTPartNo="1" DUTPartType="1" HWBuild="1" ProductFamily="Devices" ProductGroup="Hardware" ProductName="1" DUTAssemblySN="" DUTType="1" DUTFailed="TRUE" OperationStartTime="02/06/2020 15:56:09" OperationEndTime="02/06/2020 16:11:57" OperatorName="admin" TesterName="" TestMachineName="09-207-0014" TestPackageName="1" TestStartTime="02/06/2020 16:11:49" TestEndTime="02/06/2020 16:11:57" TestName="Shark13_rg.mcfg" METADATA__CarrierDesign="1" FACTOR_Color="Red(0.0) Green(0.0) Blue(0.0)" FACTOR__CarrierPosition="1" FACTOR__CarrierSN="1" FACTOR__CarrierSlot="1" FACTOR__CarrierSlotX="-0.531" FACTOR__CarrierSlotY="-18.533" FACTOR__AngleNumber="4" FACTOR__AngleTheta="0.0" FACTOR__AnglePhi="0.0" FACTOR__PositionNumber="1" FACTOR__PositionX="0.000" FACTOR__PositionY="-22.000" FACTOR__PositionZ="75" FACTOR__MTFFrequency1="23.00" FACTOR__MTFFrequency2="18.50" FACTOR__MTFFrequency3="11.50" FACTOR__Polarization="1" FACTOR__Stagedx="305.084" FACTOR__Stagedy="340.648" RESPONSE__LEDLightCurrentRed="0.00" RESPONSE__LEDLightCurrentGreen="0.00" RESPONSE__LEDLightCurrentBlue="0.00" RESPONSE__MTFTangential1="0.00100" RESPONSE__MTFSagittal1="0.00100" RESPONSE__MTFTangential2="0.00100" RESPONSE__MTFSagittal2="0.00100" RESPONSE__MTFTangential3="0.00100" RESPONSE__MTFSagittal3="0.00100" RESPONSE_Entrance_after_alignment_X="-0.598" RESPONSE_Entrance_after_alignment_Y="-18.570" RESPONSE__Shuttertime="59419642" RESPONSE__CRAdx="24.801" RESPONSE__CRAdy="-117.516" RESPONSE__RotationAngle="-0.522" RESPONSE__Efficiency="3.48827021" RESPONSE__LowestTanPlace="2.5" RESPONSE__LowestTan="0.00000" RESPONSE__LowestSagPlace="2.5" RESPONSE__LowestSag="0.00000" RESPONSE__LSFSag="-999999" RESPONSE__LSFTan="-999999"/>
               <csv_exports cam_index="5" DOE_ID="2e61a160-d1c2-4480-a5b1-f118617240a5" OperationName="1" FeatureArea="Optics" IsProduction="TRUE" DUTPartNo="1" DUTPartType="1" HWBuild="1" ProductFamily="Devices" ProductGroup="Hardware" ProductName="1" DUTAssemblySN="" DUTType="1" DUTFailed="TRUE" OperationStartTime="02/06/2020 15:56:09" OperationEndTime="02/06/2020 16:11:57" OperatorName="admin" TesterName="" TestMachineName="09-207-0014" TestPackageName="1" TestStartTime="02/06/2020 16:11:49" TestEndTime="02/06/2020 16:11:57" TestName="Shark13_rg.mcfg" METADATA__CarrierDesign="1" FACTOR_Color="Red(0.0) Green(0.0) Blue(0.0)" FACTOR__CarrierPosition="1" FACTOR__CarrierSN="1" FACTOR__CarrierSlot="1" FACTOR__CarrierSlotX="-0.531" FACTOR__CarrierSlotY="-18.533" FACTOR__AngleNumber="5" FACTOR__AngleTheta="0.0" FACTOR__AnglePhi="0.0" FACTOR__PositionNumber="1" FACTOR__PositionX="0.000" FACTOR__PositionY="-22.000" FACTOR__PositionZ="75" FACTOR__MTFFrequency1="23.00" FACTOR__MTFFrequency2="18.50" FACTOR__MTFFrequency3="11.50" FACTOR__Polarization="1" FACTOR__Stagedx="42.410" FACTOR__Stagedy="213.921" RESPONSE__LEDLightCurrentRed="0.00" RESPONSE__LEDLightCurrentGreen="0.00" RESPONSE__LEDLightCurrentBlue="0.00" RESPONSE__MTFTangential1="0.00100" RESPONSE__MTFSagittal1="6.10100" RESPONSE__MTFTangential2="0.00100" RESPONSE__MTFSagittal2="10.90100" RESPONSE__MTFTangential3="0.00100" RESPONSE__MTFSagittal3="5.10100" RESPONSE_Entrance_after_alignment_X="-0.598" RESPONSE_Entrance_after_alignment_Y="-18.570" RESPONSE__Shuttertime="1234693" RESPONSE__CRAdx="352.305" RESPONSE__CRAdy="11.764" RESPONSE__RotationAngle="1.276" RESPONSE__Efficiency="13.91339521" RESPONSE__LowestTanPlace="2.5" RESPONSE__LowestTan="0.00000" RESPONSE__LowestSagPlace="6.3" RESPONSE__LowestSag="0.04656" RESPONSE__LSFSag="-999999" RESPONSE__LSFTan="-999999"/>
               <camera index="1" shuttertime="49912" mtf_frequency="23.00" sag="27.4" tan="21.0" mean="24.2" max_sag_lsf="77.3" max_tan_lsf="61.5" ray_tilt_x="35.9" ray_tilt_y="227.9" rel_cross_pos="5.8,14.7"
 sag_curve="100.0,97.8,95.2,90.1,84.9,79.6,74.7,70.1,65.9,61.8,58.1,54.4,51.1,47.9,45.0,42.4,39.9,37.6,35.5,33.5,31.7,30.1,28.6,27.4,25.8,23.8,21.4,18.8,16.6,14.4,12.9,11.4,10.1,8.9,7.9,7.0,6.3,5.7,5.1,4.7,4.2,3.9,3.6,3.3,3.1,3.0,3.0,2.9,2.7,2.5,2.1"
 tan_curve="100.0,97.4,94.2,88.3,82.5,76.7,71.5,66.8,62.5,58.2,54.5,50.9,47.6,44.4,41.4,38.6,35.8,33.2,30.6,28.3,26.0,24.2,22.4,21.0,19.7,18.4,17.1,15.9,14.8,13.8,12.8,11.9,11.0,10.1,9.4,8.8,8.4,7.9,7.5,7.0,6.5,6.0,5.4,5.0,4.6,4.4,4.1,3.8,3.6,3.5,3.4"
 sag_lsf="{{0}{-0.00000}{-1.361}};{{1}{-0.00013}{-1.358}};{{2}{-0.00043}{-1.355}};{{3}{-0.00036}{-1.351}};{{4}{-0.00105}{-1.348}};{{5}{0.00093}{-1.344}};{{6}{-0.00512}{-1.341}};{{7}{-0.01008}{-1.337}};{{8}{-0.01287}{-1.333}};{{9}{-0.01385}{-1.329}};{{10}{-0.02927}{-1.325}};{{11}{-0.01702}{-1.321}};{{12}{-0.01719}{-1.316}};{{13}{0.00377}{-1.312}};{{14}{-0.01674}{-1.307}};{{15}{0.01507}{-1.302}};{{16}{-0.01542}{-1.297}};{{17}{-0.00327}{-1.291}};{{18}{-0.01414}{-1.286}};{{19}{-0.06049}{-1.280}};{{20}{-0.03957}{-1.274}};{{21}{-0.02075}{-1.268}};{{22}{0.01139}{-1.262}};{{23}{0.02456}{-1.255}};{{24}{0.06621}{-1.248}};{{25}{0.10670}{-1.241}};{{26}{0.11161}{-1.233}};{{27}{0.06470}{-1.225}};{{28}{0.03695}{-1.217}};{{29}{-0.01914}{-1.208}};{{30}{-0.03658}{-1.199}};{{31}{-0.00453}{-1.189}};{{32}{0.10300}{-1.179}};{{33}{0.14952}{-1.168}};{{34}{0.24741}{-1.157}};{{35}{0.41960}{-1.145}};{{36}{0.33830}{-1.133}};{{37}{0.20837}{-1.120}};{{38}{0.16035}{-1.106}};{{39}{0.19992}{-1.091}};{{40}{0.29680}{-1.075}};{{41}{0.21343}{-1.059}};{{42}{0.37463}{-1.041}};{{43}{0.68774}{-1.022}};{{44}{0.83693}{-1.002}};{{45}{1.04471}{-0.981}};{{46}{1.07087}{-0.958}};{{47}{1.02306}{-0.934}};{{48}{0.79050}{-0.908}};{{49}{0.73055}{-0.880}};{{50}{0.80289}{-0.850}};{{51}{1.09429}{-0.818}};{{52}{1.78995}{-0.783}};{{53}{2.49195}{-0.746}};{{54}{3.28734}{-0.707}};{{55}{4.27485}{-0.664}};{{56}{4.87741}{-0.618}};{{57}{5.12909}{-0.570}};{{58}{5.55968}{-0.517}};{{59}{6.90112}{-0.462}};{{60}{11.43713}{-0.403}};{{61}{18.79811}{-0.342}};{{62}{30.80785}{-0.277}};{{63}{46.52218}{-0.210}};{{64}{62.71278}{-0.141}};{{65}{74.85757}{-0.071}};{{66}{77.34200}{0.000}};{{67}{68.17498}{0.071}};{{68}{51.66638}{0.141}};{{69}{35.48170}{0.210}};{{70}{23.42774}{0.277}};{{71}{15.98084}{0.342}};{{72}{11.96629}{0.403}};{{73}{9.15297}{0.462}};{{74}{8.15173}{0.517}};{{75}{7.76165}{0.570}};{{76}{6.92894}{0.618}};{{77}{5.75472}{0.664}};{{78}{4.22920}{0.707}};{{79}{2.88966}{0.746}};{{80}{2.02352}{0.783}};{{81}{1.74740}{0.818}};{{82}{1.61834}{0.850}};{{83}{1.68449}{0.880}};{{84}{1.45873}{0.908}};{{85}{1.66246}{0.934}};{{86}{1.54008}{0.958}};{{87}{1.25680}{0.981}};{{88}{0.89788}{1.002}};{{89}{0.67424}{1.022}};{{90}{0.29668}{1.041}};{{91}{0.43700}{1.059}};{{92}{0.38333}{1.075}};{{93}{0.46737}{1.091}};{{94}{0.56188}{1.106}};{{95}{0.49656}{1.120}};{{96}{0.48423}{1.133}};{{97}{0.46319}{1.145}};{{98}{0.22309}{1.157}};{{99}{0.02173}{1.168}};{{100}{-0.04786}{1.179}};{{101}{0.00312}{1.189}};{{102}{0.09168}{1.199}};{{103}{0.08632}{1.208}};{{104}{0.01587}{1.217}};{{105}{0.16235}{1.225}};{{106}{0.13251}{1.233}};{{107}{0.05689}{1.241}};{{108}{-0.03752}{1.248}};{{109}{-0.09713}{1.255}};{{110}{-0.01805}{1.262}};{{111}{-0.09602}{1.268}};{{112}{-0.01512}{1.274}};{{113}{-0.01372}{1.280}};{{114}{-0.01354}{1.286}};{{115}{0.02763}{1.291}};{{116}{0.01237}{1.297}};{{117}{0.00271}{1.302}};{{118}{-0.01313}{1.307}};{{119}{-0.04553}{1.312}};{{120}{-0.04352}{1.316}};{{121}{-0.03529}{1.321}};{{122}{-0.03247}{1.325}};{{123}{-0.01327}{1.329}};{{124}{-0.01644}{1.333}};{{125}{-0.00920}{1.337}};{{126}{-0.00096}{1.341}};{{127}{-0.00315}{1.344}};{{128}{-0.00147}{1.348}};{{129}{-0.00136}{1.351}};{{130}{-0.00049}{1.355}}"
 tan_lsf="{{0}{-0.00000}{-1.355}};{{1}{-0.00013}{-1.351}};{{2}{-0.00054}{-1.348}};{{3}{-0.00185}{-1.344}};{{4}{-0.00302}{-1.341}};{{5}{-0.00241}{-1.337}};{{6}{-0.00391}{-1.333}};{{7}{-0.01305}{-1.329}};{{8}{-0.01620}{-1.325}};{{9}{-0.01073}{-1.321}};{{10}{-0.01690}{-1.316}};{{11}{-0.01092}{-1.312}};{{12}{-0.03883}{-1.307}};{{13}{-0.01717}{-1.302}};{{14}{-0.02615}{-1.297}};{{15}{-0.00176}{-1.291}};{{16}{-0.00505}{-1.286}};{{17}{-0.03900}{-1.280}};{{18}{-0.01909}{-1.274}};{{19}{-0.01685}{-1.268}};{{20}{-0.01228}{-1.262}};{{21}{-0.02194}{-1.255}};{{22}{-0.03685}{-1.248}};{{23}{-0.00168}{-1.241}};{{24}{-0.07129}{-1.233}};{{25}{0.00279}{-1.225}};{{26}{0.04056}{-1.217}};{{27}{0.00594}{-1.208}};{{28}{0.06039}{-1.199}};{{29}{0.06111}{-1.189}};{{30}{0.15093}{-1.179}};{{31}{0.19980}{-1.168}};{{32}{0.25299}{-1.157}};{{33}{0.18751}{-1.145}};{{34}{0.20439}{-1.133}};{{35}{0.38945}{-1.120}};{{36}{0.10807}{-1.106}};{{37}{0.45010}{-1.091}};{{38}{0.49106}{-1.075}};{{39}{0.46174}{-1.059}};{{40}{0.54786}{-1.041}};{{41}{0.54611}{-1.022}};{{42}{0.65397}{-1.002}};{{43}{0.93088}{-0.981}};{{44}{0.89071}{-0.958}};{{45}{1.12920}{-0.934}};{{46}{1.23593}{-0.908}};{{47}{1.30913}{-0.880}};{{48}{1.71897}{-0.850}};{{49}{1.63610}{-0.818}};{{50}{2.18213}{-0.783}};{{51}{2.49527}{-0.746}};{{52}{3.05830}{-0.707}};{{53}{3.62256}{-0.664}};{{54}{4.51921}{-0.618}};{{55}{5.61935}{-0.570}};{{56}{7.57692}{-0.517}};{{57}{10.04274}{-0.462}};{{58}{12.89439}{-0.403}};{{59}{17.23916}{-0.342}};{{60}{24.22637}{-0.277}};{{61}{32.88790}{-0.210}};{{62}{43.61436}{-0.141}};{{63}{54.44759}{-0.071}};{{64}{61.52475}{0.000}};{{65}{57.92406}{0.071}};{{66}{44.38608}{0.141}};{{67}{30.55563}{0.210}};{{68}{21.00220}{0.277}};{{69}{14.39438}{0.342}};{{70}{10.17720}{0.403}};{{71}{7.43684}{0.462}};{{72}{5.99968}{0.517}};{{73}{4.88579}{0.570}};{{74}{3.87753}{0.618}};{{75}{3.02759}{0.664}};{{76}{2.98456}{0.707}};{{77}{2.45484}{0.746}};{{78}{2.28345}{0.783}};{{79}{2.03575}{0.818}};{{80}{1.86832}{0.850}};{{81}{1.59369}{0.880}};{{82}{1.70886}{0.908}};{{83}{1.55318}{0.934}};{{84}{1.10891}{0.958}};{{85}{0.76897}{0.981}};{{86}{0.72767}{1.002}};{{87}{0.57144}{1.022}};{{88}{0.55180}{1.041}};{{89}{0.46847}{1.059}};{{90}{0.56272}{1.075}};{{91}{0.42121}{1.091}};{{92}{0.40869}{1.106}};{{93}{0.37026}{1.120}};{{94}{0.39781}{1.133}};{{95}{0.44157}{1.145}};{{96}{0.36558}{1.157}};{{97}{0.18743}{1.168}};{{98}{0.19280}{1.179}};{{99}{0.16846}{1.189}};{{100}{0.14943}{1.199}};{{101}{0.11281}{1.208}};{{102}{0.19617}{1.217}};{{103}{0.20322}{1.225}};{{104}{0.15426}{1.233}};{{105}{0.12469}{1.241}};{{106}{0.09763}{1.248}};{{107}{0.12115}{1.255}};{{108}{-0.00409}{1.262}};{{109}{0.03592}{1.268}};{{110}{-0.00783}{1.274}};{{111}{0.01088}{1.280}};{{112}{-0.00293}{1.286}};{{113}{0.03315}{1.291}};{{114}{0.00382}{1.297}};{{115}{0.00491}{1.302}};{{116}{-0.02244}{1.307}};{{117}{-0.03048}{1.312}};{{118}{-0.02817}{1.316}};{{119}{-0.01946}{1.321}};{{120}{-0.04321}{1.325}};{{121}{-0.02712}{1.329}};{{122}{-0.02262}{1.333}};{{123}{-0.01858}{1.337}};{{124}{-0.02365}{1.341}};{{125}{-0.01152}{1.344}};{{126}{-0.01576}{1.348}};{{127}{-0.00619}{1.351}};{{128}{-0.00576}{1.355}};{{129}{-0.00714}{1.358}};{{130}{-0.00283}{1.361}};{{131}{-0.00167}{1.364}};{{132}{-0.00088}{1.367}};{{133}{-0.00027}{1.370}}" sag_local_min_freq_1="50.00" sag_local_min_mtf_1="2.2" sag_local_min_freq_limit="23.00" sag_local_min_check_result="good" tan_local_min_freq_1="50.00" tan_local_min_mtf_1="3.4" tan_local_min_freq_limit="23.00" tan_local_min_check_result="good" cra_dx="2.344" cra_dy="18.524" efficiency="0.00027968"/>
               <camera index="2" shuttertime="485294" mtf_frequency="23.00" sag="2.0" tan="0.6" mean="1.3" max_sag_lsf="0.1" max_tan_lsf="13.2" ray_tilt_x="31.2" ray_tilt_y="1269.9" rel_cross_pos="-10.2,-46.8"
 sag_curve="100.0,87.3,72.4,47.5,27.4,15.3,10.0,10.1,9.7,9.2,12.5,15.9,17.6,17.6,13.1,8.7,4.4,3.7,4.7,4.2,3.5,2.2,1.4,2.0,2.1,1.1,0.9,1.0,1.0,1.0,1.4,1.7,1.2,0.7,0.4,0.2,0.3,0.4,0.4,0.4,0.4,0.6,0.8,0.9,1.0,0.8,0.5,0.1,0.2,0.3,0.3"
 tan_curve="100.0,84.0,65.6,36.7,16.4,10.7,6.8,4.1,2.7,1.8,1.3,0.8,0.8,0.7,0.6,0.8,1.5,1.9,2.1,1.6,0.9,0.5,0.3,0.6,0.8,0.7,0.8,1.0,1.0,0.9,0.8,0.6,0.2,0.2,0.6,0.8,0.8,0.9,1.0,1.0,1.0,1.1,1.1,1.3,1.2,0.9,0.6,0.3,0.3,0.4,0.5"
 sag_lsf="{{0}{0.00000}{-1.454}};{{1}{0.00086}{-1.453}};{{2}{0.00298}{-1.452}};{{3}{0.00535}{-1.451}};{{4}{0.01221}{-1.450}};{{5}{0.01502}{-1.449}};{{6}{0.01696}{-1.448}};{{7}{0.02313}{-1.447}};{{8}{0.02948}{-1.446}};{{9}{0.02066}{-1.445}};{{10}{0.04575}{-1.444}};{{11}{0.05781}{-1.443}};{{12}{0.03831}{-1.441}};{{13}{0.03769}{-1.440}};{{14}{0.06017}{-1.439}};{{15}{0.03638}{-1.438}};{{16}{0.05368}{-1.436}};{{17}{0.02145}{-1.435}};{{18}{-0.01931}{-1.434}};{{19}{-0.03314}{-1.433}};{{20}{-0.06770}{-1.431}};{{21}{-0.04323}{-1.430}};{{22}{-0.15146}{-1.428}};{{23}{-0.10218}{-1.427}};{{24}{-0.12197}{-1.425}};{{25}{-0.17795}{-1.424}};{{26}{-0.16496}{-1.422}};{{27}{-0.18788}{-1.421}};{{28}{-0.17358}{-1.419}};{{29}{-0.23878}{-1.418}};{{30}{-0.30733}{-1.416}};{{31}{-0.20083}{-1.414}};{{32}{-0.38665}{-1.412}};{{33}{-0.38973}{-1.411}};{{34}{-0.53257}{-1.409}};{{35}{-0.52699}{-1.407}};{{36}{-0.70211}{-1.405}};{{37}{-0.78122}{-1.403}};{{38}{-0.79186}{-1.401}};{{39}{-1.10037}{-1.399}};{{40}{-1.18595}{-1.397}};{{41}{-1.14869}{-1.395}};{{42}{-1.16267}{-1.393}};{{43}{-1.45745}{-1.390}};{{44}{-1.48633}{-1.388}};{{45}{-1.42868}{-1.386}};{{46}{-1.81095}{-1.383}};{{47}{-1.82312}{-1.381}};{{48}{-1.99026}{-1.378}};{{49}{-2.09298}{-1.375}};{{50}{-2.22169}{-1.373}};{{51}{-2.35178}{-1.370}};{{52}{-2.20666}{-1.367}};{{53}{-2.35391}{-1.364}};{{54}{-2.46166}{-1.361}};{{55}{-2.11450}{-1.358}};{{56}{-2.37584}{-1.355}};{{57}{-2.42872}{-1.351}};{{58}{-2.22991}{-1.348}};{{59}{-2.32678}{-1.344}};{{60}{-2.54600}{-1.341}};{{61}{-2.39250}{-1.337}};{{62}{-2.40343}{-1.333}};{{63}{-2.60404}{-1.329}};{{64}{-2.28367}{-1.325}};{{65}{-2.32349}{-1.321}};{{66}{-2.35345}{-1.316}};{{67}{-2.54506}{-1.312}};{{68}{-2.05514}{-1.307}};{{69}{-2.26399}{-1.302}};{{70}{-2.29863}{-1.297}};{{71}{-1.87925}{-1.291}};{{72}{-2.05765}{-1.286}};{{73}{-2.01959}{-1.280}};{{74}{-1.81264}{-1.274}};{{75}{-1.81562}{-1.268}};{{76}{-1.98048}{-1.262}};{{77}{-2.07606}{-1.255}};{{78}{-1.91570}{-1.248}};{{79}{-1.88761}{-1.241}};{{80}{-1.86450}{-1.233}};{{81}{-1.81270}{-1.225}};{{82}{-1.60203}{-1.217}};{{83}{-1.55758}{-1.208}};{{84}{-1.68342}{-1.199}};{{85}{-1.66497}{-1.189}};{{86}{-1.34055}{-1.179}};{{87}{-1.34265}{-1.168}};{{88}{-1.38847}{-1.157}};{{89}{-1.28244}{-1.145}};{{90}{-1.44297}{-1.133}};{{91}{-1.27120}{-1.120}};{{92}{-1.00273}{-1.106}};{{93}{-1.06403}{-1.091}};{{94}{-1.07501}{-1.075}};{{95}{-1.02138}{-1.059}};{{96}{-0.93690}{-1.041}};{{97}{-0.79921}{-1.022}};{{98}{-0.74858}{-1.002}};{{99}{-0.57553}{-0.981}};{{100}{-0.53699}{-0.958}};{{101}{-0.58345}{-0.934}};{{102}{-0.54681}{-0.908}};{{103}{-0.49794}{-0.880}};{{104}{-0.53577}{-0.850}};{{105}{-0.32191}{-0.818}};{{106}{-0.23247}{-0.783}};{{107}{-0.26151}{-0.746}};{{108}{-0.19234}{-0.707}};{{109}{-0.16243}{-0.664}};{{110}{-0.13727}{-0.618}};{{111}{-0.07505}{-0.570}};{{112}{-0.08468}{-0.517}};{{113}{-0.05360}{-0.462}};{{114}{0.02949}{-0.403}};{{115}{0.04412}{-0.342}};{{116}{0.05552}{-0.277}};{{117}{0.04591}{-0.210}};{{118}{0.04041}{-0.141}};{{119}{0.06361}{-0.071}};{{120}{0.08944}{0.000}};{{121}{0.07314}{0.071}};{{122}{0.07497}{0.141}};{{123}{0.05817}{0.210}};{{124}{0.07222}{0.277}};{{125}{0.05526}{0.342}};{{126}{0.04964}{0.403}};{{127}{0.04040}{0.462}};{{128}{0.02058}{0.517}};{{129}{0.02091}{0.570}};{{130}{0.01337}{0.618}};{{131}{0.00663}{0.664}};{{132}{0.00246}{0.707}};{{133}{0.00076}{0.746}}"
 tan_lsf="{{0}{-0.00000}{-1.337}};{{1}{-0.00281}{-1.333}};{{2}{-0.01114}{-1.329}};{{3}{-0.02667}{-1.325}};{{4}{-0.04745}{-1.321}};{{5}{-0.07690}{-1.316}};{{6}{-0.10807}{-1.312}};{{7}{-0.15398}{-1.307}};{{8}{-0.19546}{-1.302}};{{9}{-0.26669}{-1.297}};{{10}{-0.29077}{-1.291}};{{11}{-0.26909}{-1.286}};{{12}{-0.24716}{-1.280}};{{13}{-0.19756}{-1.274}};{{14}{-0.09485}{-1.268}};{{15}{0.05522}{-1.262}};{{16}{0.16733}{-1.255}};{{17}{0.30540}{-1.248}};{{18}{0.31096}{-1.241}};{{19}{0.26468}{-1.233}};{{20}{0.11236}{-1.225}};{{21}{0.01901}{-1.217}};{{22}{-0.14329}{-1.208}};{{23}{-0.39205}{-1.199}};{{24}{-0.34739}{-1.189}};{{25}{-0.19844}{-1.179}};{{26}{-0.07641}{-1.168}};{{27}{0.53130}{-1.157}};{{28}{1.00933}{-1.145}};{{29}{1.22649}{-1.133}};{{30}{1.57164}{-1.120}};{{31}{1.60505}{-1.106}};{{32}{1.82753}{-1.091}};{{33}{1.99127}{-1.075}};{{34}{2.39113}{-1.059}};{{35}{2.88662}{-1.041}};{{36}{3.65299}{-1.022}};{{37}{4.54136}{-1.002}};{{38}{4.85508}{-0.981}};{{39}{5.38783}{-0.958}};{{40}{5.64267}{-0.934}};{{41}{5.73332}{-0.908}};{{42}{5.34275}{-0.880}};{{43}{5.16393}{-0.850}};{{44}{4.77455}{-0.818}};{{45}{4.08043}{-0.783}};{{46}{3.47264}{-0.746}};{{47}{2.85588}{-0.707}};{{48}{2.70783}{-0.664}};{{49}{2.90188}{-0.618}};{{50}{3.04835}{-0.570}};{{51}{3.64774}{-0.517}};{{52}{4.77672}{-0.462}};{{53}{6.12498}{-0.403}};{{54}{7.69792}{-0.342}};{{55}{9.22417}{-0.277}};{{56}{10.26319}{-0.210}};{{57}{11.49094}{-0.141}};{{58}{12.30341}{-0.071}};{{59}{13.18167}{0.000}};{{60}{13.08620}{0.071}};{{61}{12.76137}{0.141}};{{62}{11.97560}{0.210}};{{63}{10.81225}{0.277}};{{64}{9.96793}{0.342}};{{65}{9.31534}{0.403}};{{66}{8.78381}{0.462}};{{67}{8.57724}{0.517}};{{68}{8.12257}{0.570}};{{69}{7.95782}{0.618}};{{70}{7.58451}{0.664}};{{71}{7.54550}{0.707}};{{72}{7.29962}{0.746}};{{73}{7.62609}{0.783}};{{74}{7.43099}{0.818}};{{75}{7.55426}{0.850}};{{76}{8.01588}{0.880}};{{77}{7.98537}{0.908}};{{78}{7.77094}{0.934}};{{79}{7.53089}{0.958}};{{80}{6.92714}{0.981}};{{81}{6.26434}{1.002}};{{82}{5.88949}{1.022}};{{83}{5.03382}{1.041}};{{84}{4.08078}{1.059}};{{85}{3.03991}{1.075}};{{86}{2.21295}{1.091}};{{87}{1.53104}{1.106}};{{88}{1.34149}{1.120}};{{89}{1.27715}{1.133}};{{90}{1.26841}{1.145}};{{91}{1.65777}{1.157}};{{92}{2.08303}{1.168}};{{93}{2.39719}{1.179}};{{94}{2.30191}{1.189}};{{95}{2.52034}{1.199}};{{96}{2.14749}{1.208}};{{97}{1.81251}{1.217}};{{98}{1.54710}{1.225}};{{99}{1.53705}{1.233}};{{100}{1.30815}{1.241}};{{101}{1.06484}{1.248}};{{102}{0.70042}{1.255}};{{103}{0.59498}{1.262}};{{104}{0.30670}{1.268}};{{105}{0.12366}{1.274}};{{106}{0.05724}{1.280}};{{107}{-0.03587}{1.286}};{{108}{-0.00504}{1.291}};{{109}{0.09957}{1.297}};{{110}{0.08767}{1.302}};{{111}{0.06681}{1.307}};{{112}{0.05197}{1.312}};{{113}{0.03719}{1.316}};{{114}{0.00606}{1.321}};{{115}{-0.02265}{1.325}};{{116}{-0.01337}{1.329}};{{117}{-0.12702}{1.333}};{{118}{-0.09851}{1.337}};{{119}{-0.12013}{1.341}};{{120}{-0.12252}{1.344}};{{121}{-0.13126}{1.348}};{{122}{-0.13383}{1.351}};{{123}{-0.11891}{1.355}};{{124}{-0.11812}{1.358}};{{125}{-0.08171}{1.361}};{{126}{-0.07341}{1.364}};{{127}{-0.05942}{1.367}};{{128}{-0.04644}{1.370}};{{129}{-0.03429}{1.373}};{{130}{-0.02279}{1.375}};{{131}{-0.01311}{1.378}};{{132}{-0.00533}{1.381}};{{133}{-0.00140}{1.383}}" sag_local_min_freq_1="8.63" sag_local_min_mtf_1="9.0" sag_local_min_freq_limit="23.00" sag_local_min_check_result="bad" sag_local_min_freq_2="47.44" sag_local_min_mtf_2="0.2" tan_local_min_freq_1="13.86" tan_local_min_mtf_1="0.6" tan_local_min_freq_limit="23.00" tan_local_min_check_result="bad" tan_local_min_freq_2="32.64" tan_local_min_mtf_2="0.2" cra_dx="2.019" cra_dy="89.525" efficiency="280.50340405"/>
               <camera index="3" shuttertime="6482142" mtf_frequency="23.00" sag="0.0" tan="0.0" mean="0.0" max_sag_lsf="0.5" max_tan_lsf="0.8" ray_tilt_x="-2653.3" ray_tilt_y="250.5" rel_cross_pos="-4.7,7.4"
 sag_curve="100.0,44.9,0.0,0.0,0.0,0.0,0.0,0.0,0.0,0.0,0.0,0.0,0.0,0.0,0.0,0.0,0.0,0.0,0.0,0.0,0.0,0.0,0.0,0.0,0.0,0.0,0.0,0.0,0.0,0.0,0.0,0.0,0.0,0.0,0.0,0.0,0.0,0.0,0.0,0.0,0.0,0.0,0.0,0.0,0.0,0.0,0.0,0.0,0.0,0.0,0.0"
 tan_curve="100.0,44.9,0.0,0.0,0.0,0.0,0.0,0.0,0.0,0.0,0.0,0.0,0.0,0.0,0.0,0.0,0.0,0.0,0.0,0.0,0.0,0.0,0.0,0.0,0.0,0.0,0.0,0.0,0.0,0.0,0.0,0.0,0.0,0.0,0.0,0.0,0.0,0.0,0.0,0.0,0.0,0.0,0.0,0.0,0.0,0.0,0.0,0.0,0.0,0.0,0.0"
 sag_lsf="{{0}{-0.00000}{-1.421}};{{1}{-0.00011}{-1.419}};{{2}{-0.00004}{-1.418}};{{3}{-0.00028}{-1.416}};{{4}{0.00011}{-1.414}};{{5}{0.00017}{-1.412}};{{6}{-0.00177}{-1.411}};{{7}{0.00279}{-1.409}};{{8}{-0.00074}{-1.407}};{{9}{0.00623}{-1.405}};{{10}{-0.00501}{-1.403}};{{11}{0.01117}{-1.401}};{{12}{-0.00124}{-1.399}};{{13}{0.00551}{-1.397}};{{14}{-0.00668}{-1.395}};{{15}{0.00986}{-1.393}};{{16}{-0.00985}{-1.390}};{{17}{0.01817}{-1.388}};{{18}{-0.01646}{-1.386}};{{19}{-0.00388}{-1.383}};{{20}{0.00512}{-1.381}};{{21}{-0.02062}{-1.378}};{{22}{-0.01882}{-1.375}};{{23}{0.01836}{-1.373}};{{24}{-0.00913}{-1.370}};{{25}{0.02325}{-1.367}};{{26}{0.00940}{-1.364}};{{27}{0.00437}{-1.361}};{{28}{0.02750}{-1.358}};{{29}{0.00745}{-1.355}};{{30}{-0.01833}{-1.351}};{{31}{-0.06750}{-1.348}};{{32}{-0.01739}{-1.344}};{{33}{0.04183}{-1.341}};{{34}{0.03556}{-1.337}};{{35}{0.06986}{-1.333}};{{36}{0.00351}{-1.329}};{{37}{0.01672}{-1.325}};{{38}{0.04026}{-1.321}};{{39}{-0.01184}{-1.316}};{{40}{-0.04772}{-1.312}};{{41}{0.06396}{-1.307}};{{42}{-0.06781}{-1.302}};{{43}{0.01756}{-1.297}};{{44}{-0.07282}{-1.291}};{{45}{0.09291}{-1.286}};{{46}{-0.14311}{-1.280}};{{47}{0.07210}{-1.274}};{{48}{-0.01397}{-1.268}};{{49}{-0.05930}{-1.262}};{{50}{0.09445}{-1.255}};{{51}{-0.00995}{-1.248}};{{52}{-0.07108}{-1.241}};{{53}{0.04983}{-1.233}};{{54}{-0.05371}{-1.225}};{{55}{0.06396}{-1.217}};{{56}{0.02160}{-1.208}};{{57}{-0.02174}{-1.199}};{{58}{0.12189}{-1.189}};{{59}{0.15138}{-1.179}};{{60}{0.11512}{-1.168}};{{61}{0.09301}{-1.157}};{{62}{-0.07765}{-1.145}};{{63}{0.01809}{-1.133}};{{64}{0.21125}{-1.120}};{{65}{0.00938}{-1.106}};{{66}{-0.15544}{-1.091}};{{67}{-0.03667}{-1.075}};{{68}{0.05199}{-1.059}};{{69}{-0.08964}{-1.041}};{{70}{0.02077}{-1.022}};{{71}{0.00533}{-1.002}};{{72}{-0.06089}{-0.981}};{{73}{0.01120}{-0.958}};{{74}{-0.01100}{-0.934}};{{75}{0.05931}{-0.908}};{{76}{0.06500}{-0.880}};{{77}{-0.01245}{-0.850}};{{78}{0.02119}{-0.818}};{{79}{0.05381}{-0.783}};{{80}{-0.00044}{-0.746}};{{81}{0.09617}{-0.707}};{{82}{-0.03966}{-0.664}};{{83}{-0.00828}{-0.618}};{{84}{-0.03908}{-0.570}};{{85}{-0.09221}{-0.517}};{{86}{-0.05565}{-0.462}};{{87}{-0.05470}{-0.403}};{{88}{0.04520}{-0.342}};{{89}{0.14474}{-0.277}};{{90}{0.02612}{-0.210}};{{91}{-0.07022}{-0.141}};{{92}{0.00423}{-0.071}};{{93}{0.52570}{0.000}};{{94}{-0.09557}{0.071}};{{95}{-0.00168}{0.141}};{{96}{-0.01024}{0.210}};{{97}{-0.00224}{0.277}};{{98}{-0.11197}{0.342}};{{99}{-0.09260}{0.403}};{{100}{-0.02335}{0.462}};{{101}{0.00999}{0.517}};{{102}{0.00611}{0.570}};{{103}{-0.06671}{0.618}};{{104}{-0.01950}{0.664}};{{105}{-0.01341}{0.707}};{{106}{0.04192}{0.746}};{{107}{0.03881}{0.783}};{{108}{-0.02159}{0.818}};{{109}{-0.02199}{0.850}};{{110}{-0.02209}{0.880}};{{111}{0.00350}{0.908}};{{112}{-0.00851}{0.934}};{{113}{0.01179}{0.958}};{{114}{0.01166}{0.981}};{{115}{-0.01166}{1.002}};{{116}{0.01642}{1.022}};{{117}{-0.01971}{1.041}};{{118}{-0.00521}{1.059}};{{119}{0.00511}{1.075}};{{120}{0.00832}{1.091}};{{121}{0.00434}{1.106}};{{122}{0.00042}{1.120}};{{123}{0.00547}{1.133}};{{124}{-0.00249}{1.145}};{{125}{0.00230}{1.157}};{{126}{0.00138}{1.168}};{{127}{-0.00029}{1.179}};{{128}{-0.00105}{1.189}};{{129}{-0.00004}{1.199}};{{130}{-0.00004}{1.208}}"
 tan_lsf="{{0}{-0.00000}{-1.312}};{{1}{0.00002}{-1.307}};{{2}{0.00025}{-1.302}};{{3}{-0.00019}{-1.297}};{{4}{0.00034}{-1.291}};{{5}{0.00127}{-1.286}};{{6}{-0.00327}{-1.280}};{{7}{0.00230}{-1.274}};{{8}{-0.00016}{-1.268}};{{9}{-0.00487}{-1.262}};{{10}{0.00928}{-1.255}};{{11}{0.00129}{-1.248}};{{12}{-0.01079}{-1.241}};{{13}{-0.00361}{-1.233}};{{14}{0.01969}{-1.225}};{{15}{-0.00463}{-1.217}};{{16}{-0.00209}{-1.208}};{{17}{-0.00801}{-1.199}};{{18}{-0.02292}{-1.189}};{{19}{0.00875}{-1.179}};{{20}{-0.01052}{-1.168}};{{21}{-0.00798}{-1.157}};{{22}{0.01373}{-1.145}};{{23}{0.00698}{-1.133}};{{24}{0.00769}{-1.120}};{{25}{-0.02660}{-1.106}};{{26}{-0.00079}{-1.091}};{{27}{-0.01935}{-1.075}};{{28}{-0.00617}{-1.059}};{{29}{0.07212}{-1.041}};{{30}{0.00630}{-1.022}};{{31}{-0.05040}{-1.002}};{{32}{-0.07055}{-0.981}};{{33}{-0.01047}{-0.958}};{{34}{-0.05757}{-0.934}};{{35}{0.10758}{-0.908}};{{36}{-0.05795}{-0.880}};{{37}{0.10426}{-0.850}};{{38}{0.00255}{-0.818}};{{39}{0.00778}{-0.783}};{{40}{0.00842}{-0.746}};{{41}{0.02960}{-0.707}};{{42}{-0.01673}{-0.664}};{{43}{-0.09877}{-0.618}};{{44}{0.08986}{-0.570}};{{45}{-0.05165}{-0.517}};{{46}{0.08970}{-0.462}};{{47}{0.00731}{-0.403}};{{48}{0.03901}{-0.342}};{{49}{-0.02955}{-0.277}};{{50}{-0.08805}{-0.210}};{{51}{0.00986}{-0.141}};{{52}{0.01726}{-0.071}};{{53}{0.83204}{0.000}};{{54}{-0.04369}{0.071}};{{55}{-0.14948}{0.141}};{{56}{0.18452}{0.210}};{{57}{-0.05830}{0.277}};{{58}{0.02189}{0.342}};{{59}{0.03000}{0.403}};{{60}{0.06794}{0.462}};{{61}{-0.02083}{0.517}};{{62}{-0.04300}{0.570}};{{63}{0.04056}{0.618}};{{64}{0.05646}{0.664}};{{65}{0.01908}{0.707}};{{66}{-0.01848}{0.746}};{{67}{-0.01794}{0.783}};{{68}{-0.05552}{0.818}};{{69}{-0.12343}{0.850}};{{70}{0.18889}{0.880}};{{71}{0.09034}{0.908}};{{72}{-0.03756}{0.934}};{{73}{-0.00685}{0.958}};{{74}{-0.04342}{0.981}};{{75}{0.09010}{1.002}};{{76}{0.14817}{1.022}};{{77}{0.03880}{1.041}};{{78}{0.08169}{1.059}};{{79}{0.03183}{1.075}};{{80}{0.12913}{1.091}};{{81}{0.08662}{1.106}};{{82}{0.13950}{1.120}};{{83}{0.01195}{1.133}};{{84}{0.08351}{1.145}};{{85}{-0.06383}{1.157}};{{86}{-0.03093}{1.168}};{{87}{-0.04801}{1.179}};{{88}{-0.00493}{1.189}};{{89}{-0.04482}{1.199}};{{90}{-0.02634}{1.208}};{{91}{0.02395}{1.217}};{{92}{0.01303}{1.225}};{{93}{-0.01267}{1.233}};{{94}{-0.03670}{1.241}};{{95}{-0.14047}{1.248}};{{96}{0.02192}{1.255}};{{97}{0.00808}{1.262}};{{98}{-0.03456}{1.268}};{{99}{0.01211}{1.274}};{{100}{-0.05845}{1.280}};{{101}{-0.00705}{1.286}};{{102}{-0.03129}{1.291}};{{103}{-0.08003}{1.297}};{{104}{0.03298}{1.302}};{{105}{0.05250}{1.307}};{{106}{-0.00435}{1.312}};{{107}{-0.00656}{1.316}};{{108}{-0.01347}{1.321}};{{109}{-0.05678}{1.325}};{{110}{0.00817}{1.329}};{{111}{-0.02851}{1.333}};{{112}{0.05739}{1.337}};{{113}{0.00167}{1.341}};{{114}{0.00008}{1.344}};{{115}{0.02568}{1.348}};{{116}{0.02842}{1.351}};{{117}{0.00491}{1.355}};{{118}{0.00547}{1.358}};{{119}{-0.01231}{1.361}};{{120}{-0.00041}{1.364}};{{121}{0.00382}{1.367}};{{122}{-0.00198}{1.370}};{{123}{-0.00164}{1.373}};{{124}{0.00361}{1.375}};{{125}{-0.00039}{1.378}};{{126}{0.00343}{1.381}};{{127}{0.00122}{1.383}};{{128}{-0.00194}{1.386}};{{129}{-0.00124}{1.388}};{{130}{-0.00032}{1.390}};{{131}{0.00069}{1.393}};{{132}{0.00031}{1.395}};{{133}{-0.00000}{1.397}}" sag_local_min_freq_1="2.50" sag_local_min_mtf_1="0.0" sag_local_min_freq_limit="23.00" sag_local_min_check_result="bad" tan_local_min_freq_1="2.50" tan_local_min_mtf_1="0.0" tan_local_min_freq_limit="23.00" tan_local_min_check_result="bad" cra_dx="-180.900" cra_dy="20.066" efficiency="3.01176440"/>
               <camera index="4" shuttertime="59419642" mtf_frequency="23.00" sag="0.0" tan="0.0" mean="0.0" max_sag_lsf="0.4" max_tan_lsf="0.2" ray_tilt_x="365.5" ray_tilt_y="-1768.7" rel_cross_pos="5.9,-20.9"
 sag_curve="100.0,44.9,0.0,0.0,0.0,0.0,0.0,0.0,0.0,0.0,0.0,0.0,0.0,0.0,0.0,0.0,0.0,0.0,0.0,0.0,0.0,0.0,0.0,0.0,0.0,0.0,0.0,0.0,0.0,0.0,0.0,0.0,0.0,0.0,0.0,0.0,0.0,0.0,0.0,0.0,0.0,0.0,0.0,0.0,0.0,0.0,0.0,0.0,0.0,0.0,0.0"
 tan_curve="100.0,44.9,0.0,0.0,0.0,0.0,0.0,0.0,0.0,0.0,0.0,0.0,0.0,0.0,0.0,0.0,0.0,0.0,0.0,0.0,0.0,0.0,0.0,0.0,0.0,0.0,0.0,0.0,0.0,0.0,0.0,0.0,0.0,0.0,0.0,0.0,0.0,0.0,0.0,0.0,0.0,0.0,0.0,0.0,0.0,0.0,0.0,0.0,0.0,0.0,0.0"
 sag_lsf="{{0}{-0.00000}{-1.355}};{{1}{0.00002}{-1.351}};{{2}{-0.00005}{-1.348}};{{3}{-0.00041}{-1.344}};{{4}{-0.00007}{-1.341}};{{5}{-0.00124}{-1.337}};{{6}{-0.00019}{-1.333}};{{7}{0.00073}{-1.329}};{{8}{-0.00063}{-1.325}};{{9}{0.00474}{-1.321}};{{10}{0.00580}{-1.316}};{{11}{-0.00859}{-1.312}};{{12}{-0.00218}{-1.307}};{{13}{0.00143}{-1.302}};{{14}{0.01244}{-1.297}};{{15}{0.01324}{-1.291}};{{16}{0.01189}{-1.286}};{{17}{-0.00923}{-1.280}};{{18}{-0.01916}{-1.274}};{{19}{0.03825}{-1.268}};{{20}{0.00842}{-1.262}};{{21}{0.01741}{-1.255}};{{22}{0.01516}{-1.248}};{{23}{-0.00932}{-1.241}};{{24}{-0.03360}{-1.233}};{{25}{-0.01805}{-1.225}};{{26}{-0.01711}{-1.217}};{{27}{0.07030}{-1.208}};{{28}{0.01344}{-1.199}};{{29}{-0.02729}{-1.189}};{{30}{-0.06974}{-1.179}};{{31}{-0.04094}{-1.168}};{{32}{0.04679}{-1.157}};{{33}{0.03061}{-1.145}};{{34}{-0.06754}{-1.133}};{{35}{-0.02704}{-1.120}};{{36}{0.05894}{-1.106}};{{37}{-0.05619}{-1.091}};{{38}{0.06304}{-1.075}};{{39}{-0.06611}{-1.059}};{{40}{0.01842}{-1.041}};{{41}{-0.10681}{-1.022}};{{42}{-0.06928}{-1.002}};{{43}{-0.09324}{-0.981}};{{44}{0.07941}{-0.958}};{{45}{0.01335}{-0.934}};{{46}{-0.05634}{-0.908}};{{47}{-0.02856}{-0.880}};{{48}{0.09787}{-0.850}};{{49}{0.04359}{-0.818}};{{50}{0.08197}{-0.783}};{{51}{-0.07207}{-0.746}};{{52}{-0.11340}{-0.707}};{{53}{-0.09581}{-0.664}};{{54}{0.14658}{-0.618}};{{55}{0.09298}{-0.570}};{{56}{-0.06689}{-0.517}};{{57}{-0.04005}{-0.462}};{{58}{0.09447}{-0.403}};{{59}{0.24602}{-0.342}};{{60}{0.13123}{-0.277}};{{61}{-0.02209}{-0.210}};{{62}{0.27893}{-0.141}};{{63}{0.20570}{-0.071}};{{64}{0.35437}{0.000}};{{65}{0.10153}{0.071}};{{66}{0.03393}{0.141}};{{67}{0.02584}{0.210}};{{68}{0.05502}{0.277}};{{69}{0.02450}{0.342}};{{70}{0.00151}{0.403}};{{71}{0.03785}{0.462}};{{72}{0.04439}{0.517}};{{73}{0.04349}{0.570}};{{74}{0.18782}{0.618}};{{75}{-0.03046}{0.664}};{{76}{-0.19490}{0.707}};{{77}{0.06070}{0.746}};{{78}{0.01752}{0.783}};{{79}{0.25088}{0.818}};{{80}{0.11095}{0.850}};{{81}{0.16887}{0.880}};{{82}{0.10633}{0.908}};{{83}{-0.03179}{0.934}};{{84}{0.03799}{0.958}};{{85}{0.08016}{0.981}};{{86}{-0.09833}{1.002}};{{87}{-0.05503}{1.022}};{{88}{0.08489}{1.041}};{{89}{0.15564}{1.059}};{{90}{-0.08531}{1.075}};{{91}{0.10351}{1.091}};{{92}{0.08443}{1.106}};{{93}{0.03118}{1.120}};{{94}{0.02973}{1.133}};{{95}{0.02361}{1.145}};{{96}{0.06749}{1.157}};{{97}{0.04284}{1.168}};{{98}{-0.00090}{1.179}};{{99}{0.01476}{1.189}};{{100}{-0.00913}{1.199}};{{101}{0.06385}{1.208}};{{102}{-0.00889}{1.217}};{{103}{-0.01532}{1.225}};{{104}{-0.02103}{1.233}};{{105}{-0.00832}{1.241}};{{106}{0.02527}{1.248}};{{107}{0.03135}{1.255}};{{108}{0.00469}{1.262}};{{109}{-0.03692}{1.268}};{{110}{0.00371}{1.274}};{{111}{-0.01248}{1.280}};{{112}{-0.00259}{1.286}};{{113}{0.00248}{1.291}};{{114}{0.00823}{1.297}};{{115}{0.01429}{1.302}};{{116}{0.00529}{1.307}};{{117}{-0.01221}{1.312}};{{118}{0.00005}{1.316}};{{119}{-0.03014}{1.321}};{{120}{-0.00630}{1.325}};{{121}{0.00389}{1.329}};{{122}{-0.00189}{1.333}};{{123}{0.00904}{1.337}};{{124}{-0.00583}{1.341}};{{125}{0.00146}{1.344}};{{126}{0.00217}{1.348}};{{127}{-0.00134}{1.351}};{{128}{-0.00159}{1.355}};{{129}{-0.00111}{1.358}};{{130}{0.00020}{1.361}};{{131}{0.00044}{1.364}};{{132}{-0.00008}{1.367}};{{133}{-0.00003}{1.370}}"
 tan_lsf="{{0}{0.00000}{-1.383}};{{1}{-0.00001}{-1.381}};{{2}{0.00002}{-1.378}};{{3}{-0.00005}{-1.375}};{{4}{-0.00159}{-1.373}};{{5}{-0.00032}{-1.370}};{{6}{0.00235}{-1.367}};{{7}{-0.00116}{-1.364}};{{8}{-0.00278}{-1.361}};{{9}{-0.00313}{-1.358}};{{10}{0.00185}{-1.355}};{{11}{0.00569}{-1.351}};{{12}{0.00223}{-1.348}};{{13}{-0.00134}{-1.344}};{{14}{0.00322}{-1.341}};{{15}{0.00646}{-1.337}};{{16}{0.02147}{-1.333}};{{17}{-0.01621}{-1.329}};{{18}{-0.00787}{-1.325}};{{19}{0.00673}{-1.321}};{{20}{-0.02286}{-1.316}};{{21}{0.00357}{-1.312}};{{22}{-0.01764}{-1.307}};{{23}{0.00280}{-1.302}};{{24}{0.02031}{-1.297}};{{25}{-0.01208}{-1.291}};{{26}{0.06567}{-1.286}};{{27}{0.01303}{-1.280}};{{28}{-0.07468}{-1.274}};{{29}{-0.06114}{-1.268}};{{30}{0.02315}{-1.262}};{{31}{0.03478}{-1.255}};{{32}{-0.01839}{-1.248}};{{33}{0.06865}{-1.241}};{{34}{-0.08409}{-1.233}};{{35}{-0.00350}{-1.225}};{{36}{0.03444}{-1.217}};{{37}{0.01044}{-1.208}};{{38}{0.05662}{-1.199}};{{39}{-0.01083}{-1.189}};{{40}{-0.02023}{-1.179}};{{41}{-0.08041}{-1.168}};{{42}{-0.02531}{-1.157}};{{43}{0.09746}{-1.145}};{{44}{-0.04179}{-1.133}};{{45}{0.01433}{-1.120}};{{46}{-0.02504}{-1.106}};{{47}{-0.04858}{-1.091}};{{48}{-0.06708}{-1.075}};{{49}{0.01306}{-1.059}};{{50}{0.00789}{-1.041}};{{51}{0.11233}{-1.022}};{{52}{-0.05572}{-1.002}};{{53}{0.03791}{-0.981}};{{54}{-0.01487}{-0.958}};{{55}{0.04788}{-0.934}};{{56}{0.01461}{-0.908}};{{57}{0.03696}{-0.880}};{{58}{-0.02585}{-0.850}};{{59}{-0.01067}{-0.818}};{{60}{-0.04605}{-0.783}};{{61}{-0.05267}{-0.746}};{{62}{0.13207}{-0.707}};{{63}{0.05240}{-0.664}};{{64}{0.01653}{-0.618}};{{65}{0.06230}{-0.570}};{{66}{-0.04096}{-0.517}};{{67}{-0.03993}{-0.462}};{{68}{-0.13581}{-0.403}};{{69}{-0.02284}{-0.342}};{{70}{-0.08113}{-0.277}};{{71}{-0.02059}{-0.210}};{{72}{0.11304}{-0.141}};{{73}{0.14997}{-0.071}};{{74}{0.20077}{0.000}};{{75}{0.13529}{0.071}};{{76}{-0.00768}{0.141}};{{77}{-0.09838}{0.210}};{{78}{-0.04042}{0.277}};{{79}{0.01617}{0.342}};{{80}{-0.00347}{0.403}};{{81}{-0.02253}{0.462}};{{82}{-0.00150}{0.517}};{{83}{0.09636}{0.570}};{{84}{0.05740}{0.618}};{{85}{0.08196}{0.664}};{{86}{-0.10126}{0.707}};{{87}{0.05630}{0.746}};{{88}{-0.04276}{0.783}};{{89}{-0.00134}{0.818}};{{90}{0.06542}{0.850}};{{91}{-0.00509}{0.880}};{{92}{0.01133}{0.908}};{{93}{0.02172}{0.934}};{{94}{-0.01712}{0.958}};{{95}{-0.00650}{0.981}};{{96}{-0.05076}{1.002}};{{97}{0.03427}{1.022}};{{98}{0.03349}{1.041}};{{99}{0.05662}{1.059}};{{100}{0.06614}{1.075}};{{101}{-0.08213}{1.091}};{{102}{-0.02566}{1.106}};{{103}{-0.05686}{1.120}};{{104}{-0.00660}{1.133}};{{105}{-0.06187}{1.145}};{{106}{0.00881}{1.157}};{{107}{0.03215}{1.168}};{{108}{-0.00868}{1.179}};{{109}{-0.00321}{1.189}};{{110}{-0.01968}{1.199}};{{111}{-0.01795}{1.208}};{{112}{0.00548}{1.217}};{{113}{0.00360}{1.225}};{{114}{0.00503}{1.233}};{{115}{-0.00216}{1.241}};{{116}{0.01826}{1.248}};{{117}{0.00081}{1.255}};{{118}{0.00788}{1.262}};{{119}{0.00886}{1.268}};{{120}{-0.00454}{1.274}};{{121}{0.01095}{1.280}};{{122}{0.01405}{1.286}};{{123}{-0.01089}{1.291}};{{124}{-0.00454}{1.297}};{{125}{0.00388}{1.302}};{{126}{0.00156}{1.307}};{{127}{-0.00037}{1.312}};{{128}{-0.00143}{1.316}};{{129}{-0.00006}{1.321}};{{130}{-0.00101}{1.325}};{{131}{-0.00060}{1.329}};{{132}{0.00034}{1.333}};{{133}{0.00003}{1.337}}" sag_local_min_freq_1="2.50" sag_local_min_mtf_1="0.0" sag_local_min_freq_limit="23.00" sag_local_min_check_result="bad" tan_local_min_freq_1="2.50" tan_local_min_mtf_1="0.0" tan_local_min_freq_limit="23.00" tan_local_min_check_result="bad" cra_dx="24.801" cra_dy="-117.516" efficiency="3.48827021"/>
               <camera index="5" shuttertime="1234693" mtf_frequency="23.00" sag="6.1" tan="0.0" mean="3.1" max_sag_lsf="0.4" max_tan_lsf="0.4" ray_tilt_x="5171.1" ray_tilt_y="128.6" rel_cross_pos="70.7,-18.3"
 sag_curve="100.0,83.7,65.0,35.8,14.8,7.6,4.8,5.4,6.6,8.0,7.2,6.1,4.0,2.4,2.1,3.2,5.9,8.2,10.2,11.6,12.8,12.6,11.3,6.1,3.6,5.1,4.9,3.4,2.2,1.2,1.6,2.2,3.8,6.0,9.2,11.0,11.4,9.5,6.4,8.6,11.1,10.2,10.8,16.3,18.4,16.3,12.2,6.8,4.7,3.5,5.0"
 tan_curve="100.0,44.9,0.0,0.0,0.0,0.0,0.0,0.0,0.0,0.0,0.0,0.0,0.0,0.0,0.0,0.0,0.0,0.0,0.0,0.0,0.0,0.0,0.0,0.0,0.0,0.0,0.0,0.0,0.0,0.0,0.0,0.0,0.0,0.0,0.0,0.0,0.0,0.0,0.0,0.0,0.0,0.0,0.0,0.0,0.0,0.0,0.0,0.0,0.0,0.0,0.0"
 sag_lsf="{{0}{0.00000}{-1.262}};{{1}{-0.00007}{-1.255}};{{2}{-0.00039}{-1.248}};{{3}{-0.00071}{-1.241}};{{4}{0.00020}{-1.233}};{{5}{-0.00466}{-1.225}};{{6}{0.00473}{-1.217}};{{7}{-0.00141}{-1.208}};{{8}{-0.00389}{-1.199}};{{9}{0.00380}{-1.189}};{{10}{0.00653}{-1.179}};{{11}{-0.00156}{-1.168}};{{12}{-0.00279}{-1.157}};{{13}{-0.00226}{-1.145}};{{14}{-0.02009}{-1.133}};{{15}{0.02277}{-1.120}};{{16}{0.00736}{-1.106}};{{17}{-0.02644}{-1.091}};{{18}{-0.02628}{-1.075}};{{19}{0.01200}{-1.059}};{{20}{-0.01951}{-1.041}};{{21}{-0.03277}{-1.022}};{{22}{-0.02352}{-1.002}};{{23}{-0.00207}{-0.981}};{{24}{0.02744}{-0.958}};{{25}{0.05187}{-0.934}};{{26}{0.00064}{-0.908}};{{27}{0.05342}{-0.880}};{{28}{0.05516}{-0.850}};{{29}{-0.00148}{-0.818}};{{30}{-0.00669}{-0.783}};{{31}{0.02857}{-0.746}};{{32}{-0.06914}{-0.707}};{{33}{-0.01435}{-0.664}};{{34}{0.04992}{-0.618}};{{35}{0.05391}{-0.570}};{{36}{0.02355}{-0.517}};{{37}{0.11614}{-0.462}};{{38}{0.19253}{-0.403}};{{39}{-0.00615}{-0.342}};{{40}{0.02576}{-0.277}};{{41}{0.08049}{-0.210}};{{42}{-0.01605}{-0.141}};{{43}{0.11212}{-0.071}};{{44}{0.44528}{0.000}};{{45}{0.22766}{0.071}};{{46}{0.14672}{0.141}};{{47}{0.14060}{0.210}};{{48}{0.01567}{0.277}};{{49}{-0.13382}{0.342}};{{50}{0.24202}{0.403}};{{51}{0.13707}{0.462}};{{52}{0.27636}{0.517}};{{53}{-0.01619}{0.570}};{{54}{-0.08261}{0.618}};{{55}{0.18524}{0.664}};{{56}{0.17625}{0.707}};{{57}{0.05230}{0.746}};{{58}{0.26532}{0.783}};{{59}{0.15403}{0.818}};{{60}{0.23153}{0.850}};{{61}{0.21385}{0.880}};{{62}{0.26242}{0.908}};{{63}{0.16980}{0.934}};{{64}{-0.03536}{0.958}};{{65}{0.09459}{0.981}};{{66}{0.14250}{1.002}};{{67}{-0.02594}{1.022}};{{68}{0.02930}{1.041}};{{69}{0.19535}{1.059}};{{70}{0.22706}{1.075}};{{71}{0.12617}{1.091}};{{72}{0.20119}{1.106}};{{73}{0.28206}{1.120}};{{74}{0.25383}{1.133}};{{75}{0.12669}{1.145}};{{76}{-0.05383}{1.157}};{{77}{0.09487}{1.168}};{{78}{-0.03984}{1.179}};{{79}{0.24531}{1.189}};{{80}{-0.01983}{1.199}};{{81}{0.03508}{1.208}};{{82}{-0.07729}{1.217}};{{83}{0.19454}{1.225}};{{84}{0.21720}{1.233}};{{85}{0.26818}{1.241}};{{86}{0.06102}{1.248}};{{87}{0.22561}{1.255}};{{88}{0.07340}{1.262}};{{89}{0.07351}{1.268}};{{90}{0.01140}{1.274}};{{91}{0.07818}{1.280}};{{92}{0.15490}{1.286}};{{93}{-0.03510}{1.291}};{{94}{0.11616}{1.297}};{{95}{0.05738}{1.302}};{{96}{0.06503}{1.307}};{{97}{-0.02708}{1.312}};{{98}{-0.02426}{1.316}};{{99}{0.01797}{1.321}};{{100}{-0.05327}{1.325}};{{101}{0.02216}{1.329}};{{102}{0.00999}{1.333}};{{103}{0.01641}{1.337}};{{104}{0.05187}{1.341}};{{105}{0.00133}{1.344}};{{106}{0.03551}{1.348}};{{107}{0.01628}{1.351}};{{108}{-0.01683}{1.355}};{{109}{0.02498}{1.358}};{{110}{-0.02672}{1.361}};{{111}{-0.00310}{1.364}};{{112}{0.01224}{1.367}};{{113}{-0.00145}{1.370}};{{114}{-0.04069}{1.373}};{{115}{-0.01701}{1.375}};{{116}{0.01494}{1.378}};{{117}{-0.01087}{1.381}};{{118}{0.01123}{1.383}};{{119}{-0.01237}{1.386}};{{120}{0.00905}{1.388}};{{121}{0.00811}{1.390}};{{122}{0.00195}{1.393}};{{123}{-0.00567}{1.395}};{{124}{0.00094}{1.397}};{{125}{-0.00170}{1.399}};{{126}{-0.00092}{1.401}};{{127}{-0.00166}{1.403}};{{128}{-0.00061}{1.405}};{{129}{-0.00018}{1.407}};{{130}{-0.00007}{1.409}}"
 tan_lsf="{{0}{-0.00000}{-1.348}};{{1}{-0.00016}{-1.344}};{{2}{-0.00093}{-1.341}};{{3}{-0.00146}{-1.337}};{{4}{-0.00221}{-1.333}};{{5}{-0.00399}{-1.329}};{{6}{-0.00441}{-1.325}};{{7}{-0.00624}{-1.321}};{{8}{-0.00181}{-1.316}};{{9}{-0.00838}{-1.312}};{{10}{-0.01287}{-1.307}};{{11}{-0.01364}{-1.302}};{{12}{0.00137}{-1.297}};{{13}{0.00626}{-1.291}};{{14}{-0.00643}{-1.286}};{{15}{0.00333}{-1.280}};{{16}{-0.00875}{-1.274}};{{17}{0.01753}{-1.268}};{{18}{0.02181}{-1.262}};{{19}{0.01391}{-1.255}};{{20}{-0.01154}{-1.248}};{{21}{-0.01469}{-1.241}};{{22}{0.05417}{-1.233}};{{23}{0.06029}{-1.225}};{{24}{0.11456}{-1.217}};{{25}{0.02224}{-1.208}};{{26}{0.01579}{-1.199}};{{27}{0.07238}{-1.189}};{{28}{0.08496}{-1.179}};{{29}{0.02312}{-1.168}};{{30}{0.00463}{-1.157}};{{31}{0.07493}{-1.145}};{{32}{-0.01768}{-1.133}};{{33}{0.02908}{-1.120}};{{34}{0.08433}{-1.106}};{{35}{0.12407}{-1.091}};{{36}{0.10725}{-1.075}};{{37}{0.03527}{-1.059}};{{38}{0.03567}{-1.041}};{{39}{0.04556}{-1.022}};{{40}{0.13049}{-1.002}};{{41}{0.12871}{-0.981}};{{42}{0.18472}{-0.958}};{{43}{0.16194}{-0.934}};{{44}{0.18232}{-0.908}};{{45}{0.16880}{-0.880}};{{46}{0.29643}{-0.850}};{{47}{0.17489}{-0.818}};{{48}{0.26467}{-0.783}};{{49}{0.10394}{-0.746}};{{50}{0.20194}{-0.707}};{{51}{0.23746}{-0.664}};{{52}{0.19992}{-0.618}};{{53}{0.03762}{-0.570}};{{54}{0.34234}{-0.517}};{{55}{0.33866}{-0.462}};{{56}{0.26303}{-0.403}};{{57}{0.31515}{-0.342}};{{58}{0.12717}{-0.277}};{{59}{0.35521}{-0.210}};{{60}{0.05939}{-0.141}};{{61}{0.20788}{-0.071}};{{62}{0.42587}{0.000}};{{63}{0.05560}{0.071}};{{64}{0.01620}{0.141}};{{65}{0.14409}{0.210}};{{66}{0.12743}{0.277}};{{67}{0.31670}{0.342}};{{68}{0.26148}{0.403}};{{69}{0.32034}{0.462}};{{70}{0.23427}{0.517}};{{71}{0.19391}{0.570}};{{72}{0.27415}{0.618}};{{73}{0.25591}{0.664}};{{74}{0.23019}{0.707}};{{75}{0.10880}{0.746}};{{76}{0.19379}{0.783}};{{77}{0.16852}{0.818}};{{78}{0.05082}{0.850}};{{79}{0.28114}{0.880}};{{80}{0.28264}{0.908}};{{81}{0.09902}{0.934}};{{82}{0.17667}{0.958}};{{83}{0.29109}{0.981}};{{84}{0.21935}{1.002}};{{85}{0.15638}{1.022}};{{86}{0.05843}{1.041}};{{87}{-0.07785}{1.059}};{{88}{0.13616}{1.075}};{{89}{0.08523}{1.091}};{{90}{0.16042}{1.106}};{{91}{0.04000}{1.120}};{{92}{0.22309}{1.133}};{{93}{-0.00055}{1.145}};{{94}{0.06787}{1.157}};{{95}{0.11718}{1.168}};{{96}{0.11193}{1.179}};{{97}{0.08895}{1.189}};{{98}{0.08022}{1.199}};{{99}{0.01063}{1.208}};{{100}{0.04839}{1.217}};{{101}{-0.01800}{1.225}};{{102}{0.09211}{1.233}};{{103}{0.00924}{1.241}};{{104}{0.06555}{1.248}};{{105}{-0.02622}{1.255}};{{106}{-0.01394}{1.262}};{{107}{-0.01902}{1.268}};{{108}{0.03669}{1.274}};{{109}{-0.03398}{1.280}};{{110}{-0.02773}{1.286}};{{111}{0.00205}{1.291}};{{112}{0.03678}{1.297}};{{113}{0.01295}{1.302}};{{114}{-0.02903}{1.307}};{{115}{-0.02386}{1.312}};{{116}{0.00505}{1.316}};{{117}{0.01234}{1.321}};{{118}{-0.00050}{1.325}};{{119}{-0.01241}{1.329}};{{120}{0.01038}{1.333}};{{121}{-0.00903}{1.337}};{{122}{-0.00844}{1.341}};{{123}{-0.00226}{1.344}};{{124}{-0.00279}{1.348}};{{125}{0.00235}{1.351}};{{126}{-0.00669}{1.355}};{{127}{-0.00518}{1.358}};{{128}{-0.00100}{1.361}};{{129}{0.00012}{1.364}};{{130}{-0.00114}{1.367}};{{131}{-0.00088}{1.370}};{{132}{-0.00016}{1.373}};{{133}{-0.00013}{1.375}}" sag_local_min_freq_1="6.32" sag_local_min_mtf_1="4.7" sag_local_min_freq_limit="23.00" sag_local_min_check_result="bad" sag_local_min_freq_2="13.75" sag_local_min_mtf_2="2.1" sag_local_min_freq_3="29.23" sag_local_min_mtf_3="1.2" tan_local_min_freq_1="2.50" tan_local_min_mtf_1="0.0" tan_local_min_freq_limit="23.00" tan_local_min_check_result="bad" cra_dx="352.305" cra_dy="11.764" efficiency="13.91339521"/>
               <camera index="1" mtf_frequency="18.50" sag="34.5" tan="29.4" mean="32.0" cra_dx="2.344" cra_dy="18.524" efficiency="0.00027968"/>
               <camera index="2" mtf_frequency="18.50" sag="4.4" tan="1.8" mean="3.1" cra_dx="2.019" cra_dy="89.525" efficiency="280.50340405"/>
               <camera index="3" mtf_frequency="18.50" sag="0.0" tan="0.0" mean="0.0" cra_dx="-180.900" cra_dy="20.066" efficiency="3.01176440"/>
               <camera index="4" mtf_frequency="18.50" sag="0.0" tan="0.0" mean="0.0" cra_dx="24.801" cra_dy="-117.516" efficiency="3.48827021"/>
               <camera index="5" mtf_frequency="18.50" sag="10.9" tan="0.0" mean="5.5" cra_dx="352.305" cra_dy="11.764" efficiency="13.91339521"/>
               <camera index="1" mtf_frequency="11.50" sag="52.8" tan="49.2" mean="51.0" cra_dx="2.344" cra_dy="18.524" efficiency="0.00027968"/>
               <camera index="2" mtf_frequency="11.50" sag="16.8" tan="0.8" mean="8.8" cra_dx="2.019" cra_dy="89.525" efficiency="280.50340405"/>
               <camera index="3" mtf_frequency="11.50" sag="0.0" tan="0.0" mean="0.0" cra_dx="-180.900" cra_dy="20.066" efficiency="3.01176440"/>
               <camera index="4" mtf_frequency="11.50" sag="0.0" tan="0.0" mean="0.0" cra_dx="24.801" cra_dy="-117.516" efficiency="3.48827021"/>
               <camera index="5" mtf_frequency="11.50" sag="5.1" tan="0.0" mean="2.6" cra_dx="352.305" cra_dy="11.764" efficiency="13.91339521"/>
            </config>
         </exit>
      </sample>
   </measurements>
</exported_data>
