<?xml version="1.0" encoding="utf-8"?>
<exported_data>
   <header>
      <software name="IMPRO R.2.92"/>
      <user account="admin"/>
      <instrument serial_number="09-207-0014" id="" EFL_Telescope="104.00000000" EFL_Collimator="104.00000000"/>
      <camera index="1" serial_number="18427771" slit_horizontal="0.0200" slit_vertical="0.0200"/>
      <camera index="2" serial_number="18355941" slit_horizontal="0.0200" slit_vertical="0.0200"/>
      <camera index="3" serial_number="18427889" slit_horizontal="0.0200" slit_vertical="0.0200"/>
      <camera index="4" serial_number="18427775" slit_horizontal="0.0200" slit_vertical="0.0200"/>
      <camera index="5" serial_number="18427827" slit_horizontal="0.0200" slit_vertical="0.0200"/>
      <timestamp date="02/06/20" time="16:03:51"/>
      <setup file="C:\Program Files\TRIOPTICS GmbH\IMPRO AR\Config_Files\Shark13\Shark13_green.mcfg" color="green"/>
      <mtf max_freq="50" tilt_correction="1" cut_percent="20" auto_shutter="1"/>
      <alert enabled="true" min_acceptable_mtf="0.0"/>
      <on_axis_aoi min_width="1000" min_height="100" max_width="1000" max_height="1000" dist_border="2"/>
      <off_axis_aoi min_width="1000" min_height="100" max_width="1000" max_height="1000" dist_border="3"/>
      <local_minima enabled="true" max_frequency="50" max_exports="3" min_mtf_difference="1.5"/>
      <global_minimum enabled="false"/>
      <batch file="C:\Program Files\TRIOPTICS GmbH\XML\2020_02_06_16_03_35_admin_18-256-31_Shark13_repeat1_Zhida.xml"/>
      <measurement_time_sec total="32.821" one_sample_avg="32.821"/>
      <samples tested="1" good="0" bad="1"/>
   </header>
   <measurements>
      <sample number="1" barcode="" entrance="-0.531,-18.533" entranceAfterAlign="-0.203,-18.666" angle="0.000,0.000" result="bad" combined_mtf_result="good" final_aggregate_result="bad" decided_by="local minimum of camera 5" mtf_smaller_than_min_acceptable="false" aggregate_result="bad">
         <exit number="1" pos="0.000,-22.000" min_sag="0.0" min_tan="0.0">
            <config number="1">
               <csv_exports cam_index="1" DOE_ID="a566bc0e-461d-492d-9612-4d0f8f387048" OperationName="1" FeatureArea="Optics" IsProduction="TRUE" DUTPartNo="1" DUTPartType="1" HWBuild="1" ProductFamily="Devices" ProductGroup="Hardware" ProductName="1" DUTAssemblySN="" DUTType="1" DUTFailed="TRUE" OperationStartTime="02/06/2020 15:56:09" OperationEndTime="02/06/2020 16:03:51" OperatorName="admin" TesterName="" TestMachineName="09-207-0014" TestPackageName="1" TestStartTime="02/06/2020 16:03:35" TestEndTime="02/06/2020 16:03:51" TestName="Shark13_rg.mcfg" METADATA__CarrierDesign="1" FACTOR_Color="Red(0.0) Green(100.0) Blue(0.0)" FACTOR__CarrierPosition="1" FACTOR__CarrierSN="1" FACTOR__CarrierSlot="1" FACTOR__CarrierSlotX="-0.531" FACTOR__CarrierSlotY="-18.533" FACTOR__AngleNumber="1" FACTOR__AngleTheta="0.0" FACTOR__AnglePhi="0.0" FACTOR__PositionNumber="1" FACTOR__PositionX="0.000" FACTOR__PositionY="-22.000" FACTOR__PositionZ="75" FACTOR__MTFFrequency1="23.00" FACTOR__MTFFrequency2="18.50" FACTOR__MTFFrequency3="11.50" FACTOR__Polarization="1" FACTOR__Stagedx="327.503" FACTOR__Stagedy="240.197" RESPONSE__LEDLightCurrentRed="0.00" RESPONSE__LEDLightCurrentGreen="100.00" RESPONSE__LEDLightCurrentBlue="0.00" RESPONSE__MTFTangential1="20.60100" RESPONSE__MTFSagittal1="27.30100" RESPONSE__MTFTangential2="28.40100" RESPONSE__MTFSagittal2="33.10100" RESPONSE__MTFTangential3="48.00100" RESPONSE__MTFSagittal3="48.80100" RESPONSE_Entrance_after_alignment_X="-0.203" RESPONSE_Entrance_after_alignment_Y="-18.666" RESPONSE__Shuttertime="49912" RESPONSE__CRAdx="3.480" RESPONSE__CRAdy="19.375" RESPONSE__RotationAngle="0.697" RESPONSE__Efficiency="0.00037256" RESPONSE__LowestTanPlace="50.0" RESPONSE__LowestTan="0.03750" RESPONSE__LowestSagPlace="50.0" RESPONSE__LowestSag="0.01853" RESPONSE__LSFSag="-999999" RESPONSE__LSFTan="-999999"/>
               <csv_exports cam_index="2" DOE_ID="a566bc0e-461d-492d-9612-4d0f8f387048" OperationName="1" FeatureArea="Optics" IsProduction="TRUE" DUTPartNo="1" DUTPartType="1" HWBuild="1" ProductFamily="Devices" ProductGroup="Hardware" ProductName="1" DUTAssemblySN="" DUTType="1" DUTFailed="TRUE" OperationStartTime="02/06/2020 15:56:09" OperationEndTime="02/06/2020 16:03:51" OperatorName="admin" TesterName="" TestMachineName="09-207-0014" TestPackageName="1" TestStartTime="02/06/2020 16:03:35" TestEndTime="02/06/2020 16:03:51" TestName="Shark13_rg.mcfg" METADATA__CarrierDesign="1" FACTOR_Color="Red(0.0) Green(0.0) Blue(0.0)" FACTOR__CarrierPosition="1" FACTOR__CarrierSN="1" FACTOR__CarrierSlot="1" FACTOR__CarrierSlotX="-0.531" FACTOR__CarrierSlotY="-18.533" FACTOR__AngleNumber="2" FACTOR__AngleTheta="0.0" FACTOR__AnglePhi="0.0" FACTOR__PositionNumber="1" FACTOR__PositionX="0.000" FACTOR__PositionY="-22.000" FACTOR__PositionZ="75" FACTOR__MTFFrequency1="23.00" FACTOR__MTFFrequency2="18.50" FACTOR__MTFFrequency3="11.50" FACTOR__Polarization="1" FACTOR__Stagedx="311.786" FACTOR__Stagedy="107.654" RESPONSE__LEDLightCurrentRed="0.00" RESPONSE__LEDLightCurrentGreen="0.00" RESPONSE__LEDLightCurrentBlue="0.00" RESPONSE__MTFTangential1="0.80100" RESPONSE__MTFSagittal1="3.00100" RESPONSE__MTFTangential2="1.90100" RESPONSE__MTFSagittal2="4.90100" RESPONSE__MTFTangential3="0.60100" RESPONSE__MTFSagittal3="17.60100" RESPONSE_Entrance_after_alignment_X="-0.203" RESPONSE_Entrance_after_alignment_Y="-18.666" RESPONSE__Shuttertime="434210" RESPONSE__CRAdx="3.438" RESPONSE__CRAdy="98.067" RESPONSE__RotationAngle="-3.853" RESPONSE__Efficiency="326.28933887" RESPONSE__LowestTanPlace="9.4" RESPONSE__LowestTan="0.00397" RESPONSE__LowestSagPlace="8.8" RESPONSE__LowestSag="0.07619" RESPONSE__LSFSag="-999999" RESPONSE__LSFTan="-999999"/>
               <csv_exports cam_index="3" DOE_ID="a566bc0e-461d-492d-9612-4d0f8f387048" OperationName="1" FeatureArea="Optics" IsProduction="TRUE" DUTPartNo="1" DUTPartType="1" HWBuild="1" ProductFamily="Devices" ProductGroup="Hardware" ProductName="1" DUTAssemblySN="" DUTType="1" DUTFailed="TRUE" OperationStartTime="02/06/2020 15:56:09" OperationEndTime="02/06/2020 16:03:51" OperatorName="admin" TesterName="" TestMachineName="09-207-0014" TestPackageName="1" TestStartTime="02/06/2020 16:03:35" TestEndTime="02/06/2020 16:03:51" TestName="Shark13_rg.mcfg" METADATA__CarrierDesign="1" FACTOR_Color="Red(0.0) Green(0.0) Blue(0.0)" FACTOR__CarrierPosition="1" FACTOR__CarrierSN="1" FACTOR__CarrierSlot="1" FACTOR__CarrierSlotX="-0.531" FACTOR__CarrierSlotY="-18.533" FACTOR__AngleNumber="3" FACTOR__AngleTheta="0.0" FACTOR__AnglePhi="0.0" FACTOR__PositionNumber="1" FACTOR__PositionX="0.000" FACTOR__PositionY="-22.000" FACTOR__PositionZ="75" FACTOR__MTFFrequency1="23.00" FACTOR__MTFFrequency2="18.50" FACTOR__MTFFrequency3="11.50" FACTOR__Polarization="1" FACTOR__Stagedx="500.215" FACTOR__Stagedy="231.309" RESPONSE__LEDLightCurrentRed="0.00" RESPONSE__LEDLightCurrentGreen="0.00" RESPONSE__LEDLightCurrentBlue="0.00" RESPONSE__MTFTangential1="0.00100" RESPONSE__MTFSagittal1="0.00100" RESPONSE__MTFTangential2="0.00100" RESPONSE__MTFSagittal2="0.00100" RESPONSE__MTFTangential3="0.00100" RESPONSE__MTFSagittal3="0.00100" RESPONSE_Entrance_after_alignment_X="-0.203" RESPONSE_Entrance_after_alignment_Y="-18.666" RESPONSE__Shuttertime="554583" RESPONSE__CRAdx="-235.013" RESPONSE__CRAdy="-219.494" RESPONSE__RotationAngle="2.263" RESPONSE__Efficiency="35665.38993853" RESPONSE__LowestTanPlace="1.5" RESPONSE__LowestTan="0.00000" RESPONSE__LowestSagPlace="2.5" RESPONSE__LowestSag="0.00000" RESPONSE__LSFSag="-999999" RESPONSE__LSFTan="-999999"/>
               <csv_exports cam_index="4" DOE_ID="a566bc0e-461d-492d-9612-4d0f8f387048" OperationName="1" FeatureArea="Optics" IsProduction="TRUE" DUTPartNo="1" DUTPartType="1" HWBuild="1" ProductFamily="Devices" ProductGroup="Hardware" ProductName="1" DUTAssemblySN="" DUTType="1" DUTFailed="TRUE" OperationStartTime="02/06/2020 15:56:09" OperationEndTime="02/06/2020 16:03:51" OperatorName="admin" TesterName="" TestMachineName="09-207-0014" TestPackageName="1" TestStartTime="02/06/2020 16:03:35" TestEndTime="02/06/2020 16:03:51" TestName="Shark13_rg.mcfg" METADATA__CarrierDesign="1" FACTOR_Color="Red(0.0) Green(0.0) Blue(0.0)" FACTOR__CarrierPosition="1" FACTOR__CarrierSN="1" FACTOR__CarrierSlot="1" FACTOR__CarrierSlotX="-0.531" FACTOR__CarrierSlotY="-18.533" FACTOR__AngleNumber="4" FACTOR__AngleTheta="0.0" FACTOR__AnglePhi="0.0" FACTOR__PositionNumber="1" FACTOR__PositionX="0.000" FACTOR__PositionY="-22.000" FACTOR__PositionZ="75" FACTOR__MTFFrequency1="23.00" FACTOR__MTFFrequency2="18.50" FACTOR__MTFFrequency3="11.50" FACTOR__Polarization="1" FACTOR__Stagedx="305.084" FACTOR__Stagedy="340.648" RESPONSE__LEDLightCurrentRed="0.00" RESPONSE__LEDLightCurrentGreen="0.00" RESPONSE__LEDLightCurrentBlue="0.00" RESPONSE__MTFTangential1="0.00100" RESPONSE__MTFSagittal1="0.00100" RESPONSE__MTFTangential2="0.00100" RESPONSE__MTFSagittal2="0.00100" RESPONSE__MTFTangential3="0.00100" RESPONSE__MTFSagittal3="0.00100" RESPONSE_Entrance_after_alignment_X="-0.203" RESPONSE_Entrance_after_alignment_Y="-18.666" RESPONSE__Shuttertime="14520000" RESPONSE__CRAdx="-15.627" RESPONSE__CRAdy="-78.086" RESPONSE__RotationAngle="-0.669" RESPONSE__Efficiency="-999999.00000000" RESPONSE__LowestTanPlace="2.5" RESPONSE__LowestTan="0.00000" RESPONSE__LowestSagPlace="2.5" RESPONSE__LowestSag="0.00000" RESPONSE__LSFSag="-999999" RESPONSE__LSFTan="-999999"/>
               <csv_exports cam_index="5" DOE_ID="a566bc0e-461d-492d-9612-4d0f8f387048" OperationName="1" FeatureArea="Optics" IsProduction="TRUE" DUTPartNo="1" DUTPartType="1" HWBuild="1" ProductFamily="Devices" ProductGroup="Hardware" ProductName="1" DUTAssemblySN="" DUTType="1" DUTFailed="TRUE" OperationStartTime="02/06/2020 15:56:09" OperationEndTime="02/06/2020 16:03:51" OperatorName="admin" TesterName="" TestMachineName="09-207-0014" TestPackageName="1" TestStartTime="02/06/2020 16:03:35" TestEndTime="02/06/2020 16:03:51" TestName="Shark13_rg.mcfg" METADATA__CarrierDesign="1" FACTOR_Color="Red(0.0) Green(0.0) Blue(0.0)" FACTOR__CarrierPosition="1" FACTOR__CarrierSN="1" FACTOR__CarrierSlot="1" FACTOR__CarrierSlotX="-0.531" FACTOR__CarrierSlotY="-18.533" FACTOR__AngleNumber="5" FACTOR__AngleTheta="0.0" FACTOR__AnglePhi="0.0" FACTOR__PositionNumber="1" FACTOR__PositionX="0.000" FACTOR__PositionY="-22.000" FACTOR__PositionZ="75" FACTOR__MTFFrequency1="23.00" FACTOR__MTFFrequency2="18.50" FACTOR__MTFFrequency3="11.50" FACTOR__Polarization="1" FACTOR__Stagedx="42.410" FACTOR__Stagedy="213.921" RESPONSE__LEDLightCurrentRed="0.00" RESPONSE__LEDLightCurrentGreen="0.00" RESPONSE__LEDLightCurrentBlue="0.00" RESPONSE__MTFTangential1="0.00100" RESPONSE__MTFSagittal1="9.10100" RESPONSE__MTFTangential2="0.00100" RESPONSE__MTFSagittal2="9.00100" RESPONSE__MTFTangential3="0.00100" RESPONSE__MTFSagittal3="9.20100" RESPONSE_Entrance_after_alignment_X="-0.203" RESPONSE_Entrance_after_alignment_Y="-18.666" RESPONSE__Shuttertime="1178571" RESPONSE__CRAdx="347.617" RESPONSE__CRAdy="50.218" RESPONSE__RotationAngle="9.444" RESPONSE__Efficiency="25.73906060" RESPONSE__LowestTanPlace="2.5" RESPONSE__LowestTan="0.00000" RESPONSE__LowestSagPlace="8.9" RESPONSE__LowestSag="0.07000" RESPONSE__LSFSag="-999999" RESPONSE__LSFTan="-999999"/>
               <camera index="1" shuttertime="49912" mtf_frequency="23.00" sag="27.3" tan="20.6" mean="24.0" max_sag_lsf="103.1" max_tan_lsf="78.9" ray_tilt_x="52.6" ray_tilt_y="239.9" rel_cross_pos="7.0,15.6"
 sag_curve="100.0,97.9,95.2,90.0,84.5,78.6,73.0,67.7,62.9,58.2,54.3,50.4,47.1,44.0,41.4,39.1,37.2,35.4,33.8,32.4,31.0,29.7,28.5,27.3,26.0,24.4,22.7,20.7,18.7,16.8,15.2,13.6,12.2,10.9,9.8,8.7,7.8,7.0,6.3,5.7,5.1,4.6,4.1,3.6,3.2,2.8,2.5,2.2,2.0,1.9,1.8"
 tan_curve="100.0,97.5,94.4,88.7,82.9,77.1,71.6,66.5,61.7,57.1,53.3,49.6,46.4,43.2,40.0,37.1,34.2,31.8,29.4,27.4,25.4,23.7,22.0,20.6,19.2,18.1,17.0,16.0,14.9,13.9,12.9,11.9,11.0,10.1,9.4,8.8,8.3,7.8,7.2,6.7,6.2,5.8,5.4,5.1,4.9,4.6,4.3,4.1,4.0,3.8,3.7"
 sag_lsf="{{0}{-0.00000}{-1.364}};{{1}{-0.00024}{-1.361}};{{2}{-0.00023}{-1.358}};{{3}{-0.00121}{-1.355}};{{4}{-0.00119}{-1.351}};{{5}{-0.00269}{-1.348}};{{6}{-0.00475}{-1.344}};{{7}{-0.00558}{-1.341}};{{8}{-0.00342}{-1.337}};{{9}{-0.00939}{-1.333}};{{10}{-0.00474}{-1.329}};{{11}{-0.01222}{-1.325}};{{12}{-0.01918}{-1.321}};{{13}{-0.02369}{-1.316}};{{14}{-0.00450}{-1.312}};{{15}{0.00520}{-1.307}};{{16}{-0.02741}{-1.302}};{{17}{0.02108}{-1.297}};{{18}{-0.03377}{-1.291}};{{19}{0.00914}{-1.286}};{{20}{0.01986}{-1.280}};{{21}{-0.02142}{-1.274}};{{22}{-0.00406}{-1.268}};{{23}{0.00416}{-1.262}};{{24}{0.00488}{-1.255}};{{25}{-0.01097}{-1.248}};{{26}{0.03450}{-1.241}};{{27}{0.07802}{-1.233}};{{28}{0.06907}{-1.225}};{{29}{0.05235}{-1.217}};{{30}{0.06243}{-1.208}};{{31}{0.00150}{-1.199}};{{32}{-0.04455}{-1.189}};{{33}{0.05964}{-1.179}};{{34}{0.11457}{-1.168}};{{35}{0.14940}{-1.157}};{{36}{0.21261}{-1.145}};{{37}{0.30733}{-1.133}};{{38}{0.33408}{-1.120}};{{39}{0.30861}{-1.106}};{{40}{0.39536}{-1.091}};{{41}{0.34225}{-1.075}};{{42}{0.41800}{-1.059}};{{43}{0.38755}{-1.041}};{{44}{0.76668}{-1.022}};{{45}{0.85203}{-1.002}};{{46}{0.96975}{-0.981}};{{47}{1.21304}{-0.958}};{{48}{1.38438}{-0.934}};{{49}{1.19209}{-0.908}};{{50}{1.28133}{-0.880}};{{51}{1.27283}{-0.850}};{{52}{1.86563}{-0.818}};{{53}{2.71333}{-0.783}};{{54}{3.81047}{-0.746}};{{55}{5.31727}{-0.707}};{{56}{6.59935}{-0.664}};{{57}{7.66519}{-0.618}};{{58}{8.05606}{-0.570}};{{59}{8.56735}{-0.517}};{{60}{9.94111}{-0.462}};{{61}{13.14225}{-0.403}};{{62}{21.10366}{-0.342}};{{63}{36.90497}{-0.277}};{{64}{59.43989}{-0.210}};{{65}{84.02103}{-0.141}};{{66}{100.57220}{-0.071}};{{67}{103.12606}{0.000}};{{68}{88.50919}{0.071}};{{69}{67.41936}{0.141}};{{70}{47.64466}{0.210}};{{71}{32.92419}{0.277}};{{72}{23.70318}{0.342}};{{73}{18.86762}{0.403}};{{74}{17.03351}{0.462}};{{75}{15.35519}{0.517}};{{76}{13.53251}{0.570}};{{77}{11.05874}{0.618}};{{78}{8.86047}{0.664}};{{79}{6.76717}{0.707}};{{80}{4.85527}{0.746}};{{81}{3.61650}{0.783}};{{82}{2.65236}{0.818}};{{83}{2.49327}{0.850}};{{84}{2.10504}{0.880}};{{85}{2.28314}{0.908}};{{86}{1.92632}{0.934}};{{87}{1.57206}{0.958}};{{88}{1.29351}{0.981}};{{89}{0.89952}{1.002}};{{90}{0.86253}{1.022}};{{91}{0.77055}{1.041}};{{92}{0.39728}{1.059}};{{93}{0.38861}{1.075}};{{94}{0.61267}{1.091}};{{95}{0.55059}{1.106}};{{96}{0.52039}{1.120}};{{97}{0.41559}{1.133}};{{98}{0.21621}{1.145}};{{99}{0.19940}{1.157}};{{100}{0.06362}{1.168}};{{101}{0.07708}{1.179}};{{102}{0.01827}{1.189}};{{103}{0.06684}{1.199}};{{104}{0.05788}{1.208}};{{105}{0.16918}{1.217}};{{106}{0.04198}{1.225}};{{107}{0.01955}{1.233}};{{108}{0.07382}{1.241}};{{109}{-0.02043}{1.248}};{{110}{-0.03585}{1.255}};{{111}{-0.04839}{1.262}};{{112}{-0.00618}{1.268}};{{113}{-0.01842}{1.274}};{{114}{0.00479}{1.280}};{{115}{0.00340}{1.286}};{{116}{-0.00977}{1.291}};{{117}{-0.03353}{1.297}};{{118}{-0.02473}{1.302}};{{119}{-0.03068}{1.307}};{{120}{-0.04103}{1.312}};{{121}{-0.02471}{1.316}};{{122}{-0.03543}{1.321}};{{123}{-0.02207}{1.325}};{{124}{-0.01691}{1.329}};{{125}{-0.01043}{1.333}};{{126}{-0.00681}{1.337}};{{127}{-0.00504}{1.341}};{{128}{-0.00345}{1.344}};{{129}{-0.00162}{1.348}};{{130}{-0.00046}{1.351}}"
 tan_lsf="{{0}{-0.00000}{-1.351}};{{1}{-0.00016}{-1.348}};{{2}{-0.00040}{-1.344}};{{3}{-0.00196}{-1.341}};{{4}{-0.00356}{-1.337}};{{5}{-0.00420}{-1.333}};{{6}{-0.00770}{-1.329}};{{7}{-0.00782}{-1.325}};{{8}{-0.01789}{-1.321}};{{9}{-0.01356}{-1.316}};{{10}{-0.00558}{-1.312}};{{11}{-0.00726}{-1.307}};{{12}{-0.02100}{-1.302}};{{13}{-0.01014}{-1.297}};{{14}{-0.02127}{-1.291}};{{15}{-0.03612}{-1.286}};{{16}{-0.02453}{-1.280}};{{17}{-0.00461}{-1.274}};{{18}{-0.00777}{-1.268}};{{19}{-0.00586}{-1.262}};{{20}{-0.02214}{-1.255}};{{21}{-0.01921}{-1.248}};{{22}{-0.01175}{-1.241}};{{23}{0.00122}{-1.233}};{{24}{0.01421}{-1.225}};{{25}{0.02680}{-1.217}};{{26}{-0.01398}{-1.208}};{{27}{0.00360}{-1.199}};{{28}{-0.00773}{-1.189}};{{29}{0.13040}{-1.179}};{{30}{0.10267}{-1.168}};{{31}{0.09466}{-1.157}};{{32}{0.17041}{-1.145}};{{33}{0.12657}{-1.133}};{{34}{-0.02777}{-1.120}};{{35}{0.34243}{-1.106}};{{36}{0.33151}{-1.091}};{{37}{0.35388}{-1.075}};{{38}{0.52455}{-1.059}};{{39}{0.52485}{-1.041}};{{40}{0.52848}{-1.022}};{{41}{0.66421}{-1.002}};{{42}{0.78079}{-0.981}};{{43}{1.00110}{-0.958}};{{44}{1.24921}{-0.934}};{{45}{1.50295}{-0.908}};{{46}{1.50045}{-0.880}};{{47}{2.12036}{-0.850}};{{48}{2.18809}{-0.818}};{{49}{2.45172}{-0.783}};{{50}{3.05294}{-0.746}};{{51}{3.50793}{-0.707}};{{52}{4.38467}{-0.664}};{{53}{5.32627}{-0.618}};{{54}{6.86000}{-0.570}};{{55}{8.78199}{-0.517}};{{56}{11.65097}{-0.462}};{{57}{15.75327}{-0.403}};{{58}{20.19805}{-0.342}};{{59}{26.28431}{-0.277}};{{60}{35.25606}{-0.210}};{{61}{49.80394}{-0.141}};{{62}{68.01910}{-0.071}};{{63}{78.88241}{0.000}};{{64}{75.43434}{0.071}};{{65}{62.70834}{0.141}};{{66}{47.25505}{0.210}};{{67}{33.73855}{0.277}};{{68}{22.97733}{0.342}};{{69}{15.96196}{0.403}};{{70}{11.86899}{0.462}};{{71}{9.56039}{0.517}};{{72}{8.19494}{0.570}};{{73}{6.41609}{0.618}};{{74}{5.34425}{0.664}};{{75}{4.23841}{0.707}};{{76}{3.50461}{0.746}};{{77}{3.12770}{0.783}};{{78}{2.65524}{0.818}};{{79}{2.31061}{0.850}};{{80}{2.28464}{0.880}};{{81}{2.05101}{0.908}};{{82}{1.80155}{0.934}};{{83}{1.59084}{0.958}};{{84}{1.21019}{0.981}};{{85}{1.15358}{1.002}};{{86}{0.84865}{1.022}};{{87}{0.75601}{1.041}};{{88}{0.63659}{1.059}};{{89}{0.64884}{1.075}};{{90}{0.51295}{1.091}};{{91}{0.42157}{1.106}};{{92}{0.45101}{1.120}};{{93}{0.33900}{1.133}};{{94}{0.24810}{1.145}};{{95}{0.25356}{1.157}};{{96}{0.26713}{1.168}};{{97}{0.43428}{1.179}};{{98}{0.30583}{1.189}};{{99}{0.32547}{1.199}};{{100}{0.36175}{1.208}};{{101}{0.35985}{1.217}};{{102}{0.25010}{1.225}};{{103}{0.28788}{1.233}};{{104}{0.18951}{1.241}};{{105}{0.16681}{1.248}};{{106}{0.11151}{1.255}};{{107}{0.03247}{1.262}};{{108}{0.05527}{1.268}};{{109}{0.00706}{1.274}};{{110}{0.00426}{1.280}};{{111}{0.00784}{1.286}};{{112}{-0.02446}{1.291}};{{113}{0.00642}{1.297}};{{114}{-0.02229}{1.302}};{{115}{-0.06996}{1.307}};{{116}{-0.03129}{1.312}};{{117}{-0.05116}{1.316}};{{118}{-0.02722}{1.321}};{{119}{-0.04314}{1.325}};{{120}{-0.02752}{1.329}};{{121}{-0.02527}{1.333}};{{122}{-0.04050}{1.337}};{{123}{-0.01931}{1.341}};{{124}{-0.01481}{1.344}};{{125}{-0.02043}{1.348}};{{126}{-0.01249}{1.351}};{{127}{-0.00716}{1.355}};{{128}{-0.00963}{1.358}};{{129}{-0.00452}{1.361}};{{130}{-0.00518}{1.364}};{{131}{-0.00216}{1.367}};{{132}{-0.00111}{1.370}};{{133}{-0.00020}{1.373}}" sag_local_min_freq_1="50.00" sag_local_min_mtf_1="1.9" sag_local_min_freq_limit="23.00" sag_local_min_check_result="good" tan_local_min_freq_1="50.00" tan_local_min_mtf_1="3.7" tan_local_min_freq_limit="23.00" tan_local_min_check_result="good" cra_dx="3.480" cra_dy="19.375" efficiency="0.00037256"/>
               <camera index="2" shuttertime="434210" mtf_frequency="23.00" sag="3.0" tan="0.8" mean="1.9" max_sag_lsf="0.1" max_tan_lsf="14.4" ray_tilt_x="52.0" ray_tilt_y="1394.8" rel_cross_pos="-8.8,-38.3"
 sag_curve="100.0,86.3,70.5,45.5,25.8,15.4,10.9,11.3,9.8,7.7,12.2,16.9,18.3,17.8,12.6,7.7,3.0,2.7,4.6,5.1,5.2,2.9,1.5,3.0,3.6,2.6,1.8,1.2,0.8,0.5,0.6,0.7,0.9,1.0,0.9,0.8,0.6,0.5,0.5,0.7,1.0,0.9,0.9,0.6,0.5,0.6,0.5,0.4,0.3,0.1,0.3"
 tan_curve="100.0,84.0,65.9,37.9,18.2,12.6,7.7,3.1,1.3,0.4,0.5,0.6,0.5,0.5,0.9,1.4,2.2,2.3,2.0,1.8,1.7,1.3,1.0,0.8,0.6,0.3,0.2,0.2,0.2,0.2,0.4,0.5,0.5,0.5,0.6,0.7,0.6,0.6,0.7,0.8,0.9,0.9,0.9,1.2,1.3,1.4,1.1,0.8,0.4,0.1,0.7"
 sag_lsf="{{0}{0.00000}{-1.450}};{{1}{0.00089}{-1.449}};{{2}{0.00343}{-1.448}};{{3}{0.00944}{-1.447}};{{4}{0.01067}{-1.446}};{{5}{0.02030}{-1.445}};{{6}{0.02594}{-1.444}};{{7}{0.03380}{-1.443}};{{8}{0.04504}{-1.441}};{{9}{0.05744}{-1.440}};{{10}{0.07224}{-1.439}};{{11}{0.07779}{-1.438}};{{12}{0.08868}{-1.436}};{{13}{0.06656}{-1.435}};{{14}{0.05966}{-1.434}};{{15}{0.07157}{-1.433}};{{16}{0.03177}{-1.431}};{{17}{0.00742}{-1.430}};{{18}{0.01314}{-1.428}};{{19}{0.02963}{-1.427}};{{20}{0.00347}{-1.425}};{{21}{-0.08476}{-1.424}};{{22}{-0.00716}{-1.422}};{{23}{-0.06307}{-1.421}};{{24}{-0.05768}{-1.419}};{{25}{-0.21753}{-1.418}};{{26}{-0.10611}{-1.416}};{{27}{-0.11619}{-1.414}};{{28}{-0.40472}{-1.412}};{{29}{-0.41802}{-1.411}};{{30}{-0.56446}{-1.409}};{{31}{-0.57308}{-1.407}};{{32}{-0.58988}{-1.405}};{{33}{-0.78396}{-1.403}};{{34}{-0.90603}{-1.401}};{{35}{-0.98787}{-1.399}};{{36}{-0.96056}{-1.397}};{{37}{-1.25273}{-1.395}};{{38}{-1.22159}{-1.393}};{{39}{-1.29626}{-1.390}};{{40}{-1.39182}{-1.388}};{{41}{-1.54022}{-1.386}};{{42}{-1.62702}{-1.383}};{{43}{-1.62968}{-1.381}};{{44}{-1.88124}{-1.378}};{{45}{-2.19373}{-1.375}};{{46}{-1.95629}{-1.373}};{{47}{-2.08256}{-1.370}};{{48}{-2.33845}{-1.367}};{{49}{-2.19173}{-1.364}};{{50}{-2.48479}{-1.361}};{{51}{-2.71433}{-1.358}};{{52}{-2.69153}{-1.355}};{{53}{-2.42298}{-1.351}};{{54}{-2.57666}{-1.348}};{{55}{-2.87585}{-1.344}};{{56}{-2.57922}{-1.341}};{{57}{-2.55408}{-1.337}};{{58}{-2.46796}{-1.333}};{{59}{-2.65791}{-1.329}};{{60}{-2.35408}{-1.325}};{{61}{-2.35726}{-1.321}};{{62}{-2.60798}{-1.316}};{{63}{-2.55520}{-1.312}};{{64}{-2.59558}{-1.307}};{{65}{-2.47696}{-1.302}};{{66}{-2.28794}{-1.297}};{{67}{-2.35718}{-1.291}};{{68}{-2.34179}{-1.286}};{{69}{-2.31640}{-1.280}};{{70}{-1.67223}{-1.274}};{{71}{-1.99947}{-1.268}};{{72}{-1.77692}{-1.262}};{{73}{-1.87669}{-1.255}};{{74}{-1.79864}{-1.248}};{{75}{-1.57561}{-1.241}};{{76}{-1.77560}{-1.233}};{{77}{-1.82822}{-1.225}};{{78}{-1.79361}{-1.217}};{{79}{-1.62663}{-1.208}};{{80}{-1.38722}{-1.199}};{{81}{-1.86166}{-1.189}};{{82}{-1.26612}{-1.179}};{{83}{-1.38013}{-1.168}};{{84}{-1.20892}{-1.157}};{{85}{-1.17277}{-1.145}};{{86}{-1.25763}{-1.133}};{{87}{-1.18803}{-1.120}};{{88}{-1.02668}{-1.106}};{{89}{-1.13662}{-1.091}};{{90}{-1.07911}{-1.075}};{{91}{-1.04905}{-1.059}};{{92}{-1.06487}{-1.041}};{{93}{-0.94165}{-1.022}};{{94}{-1.02752}{-1.002}};{{95}{-0.85663}{-0.981}};{{96}{-0.84405}{-0.958}};{{97}{-0.83408}{-0.934}};{{98}{-0.49701}{-0.908}};{{99}{-0.62044}{-0.880}};{{100}{-0.66245}{-0.850}};{{101}{-0.49039}{-0.818}};{{102}{-0.43950}{-0.783}};{{103}{-0.33871}{-0.746}};{{104}{-0.43051}{-0.707}};{{105}{-0.32158}{-0.664}};{{106}{-0.24496}{-0.618}};{{107}{-0.22260}{-0.570}};{{108}{-0.19652}{-0.517}};{{109}{-0.17913}{-0.462}};{{110}{-0.07340}{-0.403}};{{111}{-0.02493}{-0.342}};{{112}{-0.03773}{-0.277}};{{113}{0.07522}{-0.210}};{{114}{0.06706}{-0.141}};{{115}{0.07189}{-0.071}};{{116}{0.09738}{0.000}};{{117}{0.03110}{0.071}};{{118}{0.04965}{0.141}};{{119}{0.07213}{0.210}};{{120}{0.06231}{0.277}};{{121}{0.09222}{0.342}};{{122}{0.05185}{0.403}};{{123}{0.06700}{0.462}};{{124}{0.03339}{0.517}};{{125}{0.04085}{0.570}};{{126}{0.03728}{0.618}};{{127}{0.01944}{0.664}};{{128}{0.02222}{0.707}};{{129}{0.01596}{0.746}};{{130}{0.00885}{0.783}};{{131}{0.00509}{0.818}};{{132}{0.00213}{0.850}};{{133}{0.00079}{0.880}}"
 tan_lsf="{{0}{-0.00000}{-1.348}};{{1}{-0.00167}{-1.344}};{{2}{-0.00674}{-1.341}};{{3}{-0.01552}{-1.337}};{{4}{-0.02787}{-1.333}};{{5}{-0.04417}{-1.329}};{{6}{-0.07417}{-1.325}};{{7}{-0.10966}{-1.321}};{{8}{-0.16278}{-1.316}};{{9}{-0.19486}{-1.312}};{{10}{-0.22559}{-1.307}};{{11}{-0.24855}{-1.302}};{{12}{-0.25651}{-1.297}};{{13}{-0.23776}{-1.291}};{{14}{-0.21612}{-1.286}};{{15}{-0.13864}{-1.280}};{{16}{-0.03751}{-1.274}};{{17}{0.05134}{-1.268}};{{18}{0.25264}{-1.262}};{{19}{0.32821}{-1.255}};{{20}{0.40542}{-1.248}};{{21}{0.38541}{-1.241}};{{22}{0.13481}{-1.233}};{{23}{-0.04845}{-1.225}};{{24}{-0.31537}{-1.217}};{{25}{-0.44840}{-1.208}};{{26}{-0.34555}{-1.199}};{{27}{-0.14665}{-1.189}};{{28}{0.38628}{-1.179}};{{29}{0.82325}{-1.168}};{{30}{1.14629}{-1.157}};{{31}{1.62215}{-1.145}};{{32}{1.85054}{-1.133}};{{33}{2.07901}{-1.120}};{{34}{2.02270}{-1.106}};{{35}{2.39927}{-1.091}};{{36}{2.92535}{-1.075}};{{37}{3.01705}{-1.059}};{{38}{3.79140}{-1.041}};{{39}{4.34232}{-1.022}};{{40}{5.16333}{-1.002}};{{41}{6.18800}{-0.981}};{{42}{6.85554}{-0.958}};{{43}{7.06207}{-0.934}};{{44}{6.81855}{-0.908}};{{45}{5.64140}{-0.880}};{{46}{4.60187}{-0.850}};{{47}{3.60593}{-0.818}};{{48}{2.94328}{-0.783}};{{49}{2.99621}{-0.746}};{{50}{3.03334}{-0.707}};{{51}{3.43503}{-0.664}};{{52}{4.40525}{-0.618}};{{53}{5.09493}{-0.570}};{{54}{6.30182}{-0.517}};{{55}{7.54952}{-0.462}};{{56}{8.96751}{-0.403}};{{57}{10.44425}{-0.342}};{{58}{11.59122}{-0.277}};{{59}{12.45150}{-0.210}};{{60}{13.44266}{-0.141}};{{61}{14.05280}{-0.071}};{{62}{14.35283}{0.000}};{{63}{13.95911}{0.071}};{{64}{13.34560}{0.141}};{{65}{12.34821}{0.210}};{{66}{11.78770}{0.277}};{{67}{10.63834}{0.342}};{{68}{9.85022}{0.403}};{{69}{9.27638}{0.462}};{{70}{8.69483}{0.517}};{{71}{8.37373}{0.570}};{{72}{7.59706}{0.618}};{{73}{7.95425}{0.664}};{{74}{7.82538}{0.707}};{{75}{7.35792}{0.746}};{{76}{7.63190}{0.783}};{{77}{7.67919}{0.818}};{{78}{8.34360}{0.850}};{{79}{8.54693}{0.880}};{{80}{9.20857}{0.908}};{{81}{8.84164}{0.934}};{{82}{8.20370}{0.958}};{{83}{7.16786}{0.981}};{{84}{6.47517}{1.002}};{{85}{5.07818}{1.022}};{{86}{3.79688}{1.041}};{{87}{2.57670}{1.059}};{{88}{1.61109}{1.075}};{{89}{1.02847}{1.091}};{{90}{1.13878}{1.106}};{{91}{1.23520}{1.120}};{{92}{1.65468}{1.133}};{{93}{1.73871}{1.145}};{{94}{2.42410}{1.157}};{{95}{2.79491}{1.168}};{{96}{2.95563}{1.179}};{{97}{2.93907}{1.189}};{{98}{2.88063}{1.199}};{{99}{2.78867}{1.208}};{{100}{2.42651}{1.217}};{{101}{2.16273}{1.225}};{{102}{2.11145}{1.233}};{{103}{1.86085}{1.241}};{{104}{1.64477}{1.248}};{{105}{1.41296}{1.255}};{{106}{1.17056}{1.262}};{{107}{0.85721}{1.268}};{{108}{0.56588}{1.274}};{{109}{0.28190}{1.280}};{{110}{0.08830}{1.286}};{{111}{-0.04191}{1.291}};{{112}{-0.11470}{1.297}};{{113}{-0.10182}{1.302}};{{114}{-0.01669}{1.307}};{{115}{-0.03163}{1.312}};{{116}{0.01914}{1.316}};{{117}{-0.01304}{1.321}};{{118}{0.04860}{1.325}};{{119}{-0.07382}{1.329}};{{120}{-0.09791}{1.333}};{{121}{-0.15398}{1.337}};{{122}{-0.18121}{1.341}};{{123}{-0.17810}{1.344}};{{124}{-0.17953}{1.348}};{{125}{-0.17600}{1.351}};{{126}{-0.14907}{1.355}};{{127}{-0.12339}{1.358}};{{128}{-0.09877}{1.361}};{{129}{-0.07096}{1.364}};{{130}{-0.05164}{1.367}};{{131}{-0.03004}{1.370}};{{132}{-0.01533}{1.373}};{{133}{-0.00427}{1.375}}" sag_local_min_freq_1="8.82" sag_local_min_mtf_1="7.6" sag_local_min_freq_limit="23.00" sag_local_min_check_result="bad" sag_local_min_freq_2="16.64" sag_local_min_mtf_2="2.6" sag_local_min_freq_3="21.98" sag_local_min_mtf_3="1.5" tan_local_min_freq_1="9.43" tan_local_min_mtf_1="0.4" tan_local_min_freq_limit="23.00" tan_local_min_check_result="bad" tan_local_min_freq_2="48.86" tan_local_min_mtf_2="0.1" cra_dx="3.438" cra_dy="98.067" efficiency="326.28933887"/>
               <camera index="3" shuttertime="554583" mtf_frequency="23.00" sag="0.0" tan="0.0" mean="0.0" max_sag_lsf="262.0" max_tan_lsf="0.2" ray_tilt_x="-3447.3" ray_tilt_y="-3265.6" rel_cross_pos="-58.8,-232.2"
 sag_curve="100.0,44.9,0.0,0.0,0.0,0.0,0.0,0.0,0.0,0.0,0.0,0.0,0.0,0.0,0.0,0.0,0.0,0.0,0.0,0.0,0.0,0.0,0.0,0.0,0.0,0.0,0.0,0.0,0.0,0.0,0.0,0.0,0.0,0.0,0.0,0.0,0.0,0.0,0.0,0.0,0.0,0.0,0.0,0.0,0.0,0.0,0.0,0.0,0.0,0.0,0.0"
 tan_curve="100.0,0.0,0.0,0.0,0.0,0.0,0.0,0.0,0.0,0.0,0.0,0.0,0.0,0.0,0.0,0.0,0.0,0.0,0.0,0.0,0.0,0.0,0.0,0.0,0.0,0.0,0.0,0.0,0.0,0.0,0.0,0.0,0.0,0.0,0.0,0.0,0.0,0.0,0.0,0.0,0.0,0.0,0.0,0.0,0.0,0.0,0.0,0.0,0.0,0.0,0.0"
 sag_lsf="{{0}{0.00000}{-1.373}};{{1}{0.00000}{-1.370}};{{2}{234.00000}{-1.367}};{{3}{243.00000}{-1.364}};{{4}{244.00000}{-1.361}};{{5}{209.00000}{-1.358}};{{6}{235.00000}{-1.355}};{{7}{230.00000}{-1.351}};{{8}{233.00000}{-1.348}};{{9}{249.00000}{-1.344}};{{10}{226.00000}{-1.341}};{{11}{246.00000}{-1.337}};{{12}{248.00000}{-1.333}};{{13}{254.00000}{-1.329}};{{14}{247.00000}{-1.325}};{{15}{228.00000}{-1.321}};{{16}{248.00000}{-1.316}};{{17}{249.00000}{-1.312}};{{18}{237.00000}{-1.307}};{{19}{230.00000}{-1.302}};{{20}{247.00000}{-1.297}};{{21}{254.00000}{-1.291}};{{22}{232.00000}{-1.286}};{{23}{240.00000}{-1.280}};{{24}{246.00000}{-1.274}};{{25}{248.00000}{-1.268}};{{26}{231.00000}{-1.262}};{{27}{254.00000}{-1.255}};{{28}{224.00000}{-1.248}};{{29}{237.00000}{-1.241}};{{30}{250.00000}{-1.233}};{{31}{248.00000}{-1.225}};{{32}{225.00000}{-1.217}};{{33}{234.00000}{-1.208}};{{34}{229.00000}{-1.199}};{{35}{250.00000}{-1.189}};{{36}{246.00000}{-1.179}};{{37}{230.00000}{-1.168}};{{38}{236.00000}{-1.157}};{{39}{258.00000}{-1.145}};{{40}{240.00000}{-1.133}};{{41}{259.00000}{-1.120}};{{42}{242.00000}{-1.106}};{{43}{246.00000}{-1.091}};{{44}{253.00000}{-1.075}};{{45}{248.00000}{-1.059}};{{46}{252.00000}{-1.041}};{{47}{259.00000}{-1.022}};{{48}{255.00000}{-1.002}};{{49}{237.00000}{-0.981}};{{50}{244.00000}{-0.958}};{{51}{238.00000}{-0.934}};{{52}{248.00000}{-0.908}};{{53}{245.00000}{-0.880}};{{54}{230.00000}{-0.850}};{{55}{249.00000}{-0.818}};{{56}{240.00000}{-0.783}};{{57}{243.00000}{-0.746}};{{58}{252.00000}{-0.707}};{{59}{247.00000}{-0.664}};{{60}{243.00000}{-0.618}};{{61}{246.00000}{-0.570}};{{62}{247.00000}{-0.517}};{{63}{254.00000}{-0.462}};{{64}{244.00000}{-0.403}};{{65}{237.00000}{-0.342}};{{66}{248.00000}{-0.277}};{{67}{227.00000}{-0.210}};{{68}{236.00000}{-0.141}};{{69}{220.00000}{-0.071}};{{70}{262.00000}{0.000}};{{71}{249.00000}{0.071}};{{72}{255.00000}{0.141}};{{73}{243.00000}{0.210}};{{74}{250.00000}{0.277}};{{75}{240.00000}{0.342}};{{76}{231.00000}{0.403}};{{77}{241.00000}{0.462}};{{78}{229.00000}{0.517}};{{79}{258.00000}{0.570}};{{80}{241.00000}{0.618}};{{81}{251.00000}{0.664}};{{82}{245.00000}{0.707}};{{83}{228.00000}{0.746}};{{84}{249.00000}{0.783}};{{85}{237.00000}{0.818}};{{86}{229.00000}{0.850}};{{87}{245.00000}{0.880}};{{88}{243.00000}{0.908}};{{89}{235.00000}{0.934}};{{90}{220.00000}{0.958}};{{91}{233.00000}{0.981}};{{92}{250.00000}{1.002}};{{93}{232.00000}{1.022}};{{94}{231.00000}{1.041}};{{95}{244.00000}{1.059}};{{96}{231.00000}{1.075}};{{97}{232.00000}{1.091}};{{98}{251.00000}{1.106}};{{99}{235.00000}{1.120}}"
 tan_lsf="{{0}{-0.00000}{-1.364}};{{1}{0.00004}{-1.361}};{{2}{0.00001}{-1.358}};{{3}{-0.00047}{-1.355}};{{4}{-0.00073}{-1.351}};{{5}{-0.00127}{-1.348}};{{6}{-0.00044}{-1.344}};{{7}{-0.00326}{-1.341}};{{8}{0.00030}{-1.337}};{{9}{-0.00486}{-1.333}};{{10}{0.00268}{-1.329}};{{11}{-0.00323}{-1.325}};{{12}{-0.01227}{-1.321}};{{13}{0.00463}{-1.316}};{{14}{0.01164}{-1.312}};{{15}{-0.00800}{-1.307}};{{16}{0.02325}{-1.302}};{{17}{-0.01600}{-1.297}};{{18}{0.03260}{-1.291}};{{19}{0.01205}{-1.286}};{{20}{-0.02747}{-1.280}};{{21}{-0.00535}{-1.274}};{{22}{0.00892}{-1.268}};{{23}{0.00191}{-1.262}};{{24}{0.03352}{-1.255}};{{25}{-0.00661}{-1.248}};{{26}{0.04883}{-1.241}};{{27}{-0.04916}{-1.233}};{{28}{0.03357}{-1.225}};{{29}{-0.04716}{-1.217}};{{30}{0.00890}{-1.208}};{{31}{-0.00360}{-1.199}};{{32}{0.00113}{-1.189}};{{33}{0.08447}{-1.179}};{{34}{-0.06981}{-1.168}};{{35}{0.13601}{-1.157}};{{36}{0.10317}{-1.145}};{{37}{-0.06090}{-1.133}};{{38}{-0.05086}{-1.120}};{{39}{-0.03359}{-1.106}};{{40}{0.03708}{-1.091}};{{41}{0.08579}{-1.075}};{{42}{-0.09842}{-1.059}};{{43}{0.04205}{-1.041}};{{44}{0.04370}{-1.022}};{{45}{0.01508}{-1.002}};{{46}{0.11688}{-0.981}};{{47}{0.06452}{-0.958}};{{48}{-0.10451}{-0.934}};{{49}{-0.03143}{-0.908}};{{50}{0.07883}{-0.880}};{{51}{-0.00572}{-0.850}};{{52}{-0.07582}{-0.818}};{{53}{-0.14826}{-0.783}};{{54}{0.11385}{-0.746}};{{55}{-0.08703}{-0.707}};{{56}{-0.21852}{-0.664}};{{57}{0.12001}{-0.618}};{{58}{-0.13632}{-0.570}};{{59}{0.01738}{-0.517}};{{60}{-0.16684}{-0.462}};{{61}{0.00898}{-0.403}};{{62}{-0.05944}{-0.342}};{{63}{0.05979}{-0.277}};{{64}{0.04069}{-0.210}};{{65}{0.04138}{-0.141}};{{66}{0.03203}{-0.071}};{{67}{0.16263}{0.000}};{{68}{-0.04677}{0.071}};{{69}{0.00377}{0.141}};{{70}{0.13369}{0.210}};{{71}{0.01480}{0.277}};{{72}{-0.01429}{0.342}};{{73}{-0.08226}{0.403}};{{74}{-0.00325}{0.462}};{{75}{0.10351}{0.517}};{{76}{-0.13594}{0.570}};{{77}{-0.02044}{0.618}};{{78}{-0.05706}{0.664}};{{79}{-0.02810}{0.707}};{{80}{0.02741}{0.746}};{{81}{-0.02625}{0.783}};{{82}{-0.03412}{0.818}};{{83}{-0.05034}{0.850}};{{84}{0.06153}{0.880}};{{85}{-0.00581}{0.908}};{{86}{0.08436}{0.934}};{{87}{-0.03647}{0.958}};{{88}{0.11240}{0.981}};{{89}{0.07970}{1.002}};{{90}{0.03380}{1.022}};{{91}{-0.13130}{1.041}};{{92}{-0.02287}{1.059}};{{93}{0.01185}{1.075}};{{94}{-0.05967}{1.091}};{{95}{-0.08234}{1.106}};{{96}{-0.00643}{1.120}};{{97}{-0.01749}{1.133}};{{98}{0.06731}{1.145}};{{99}{0.07015}{1.157}};{{100}{0.01621}{1.168}};{{101}{0.00110}{1.179}};{{102}{-0.08701}{1.189}};{{103}{0.01033}{1.199}};{{104}{0.05186}{1.208}};{{105}{-0.05749}{1.217}};{{106}{0.05778}{1.225}};{{107}{0.00900}{1.233}};{{108}{-0.00122}{1.241}};{{109}{-0.03461}{1.248}};{{110}{-0.03772}{1.255}};{{111}{-0.05062}{1.262}};{{112}{-0.02467}{1.268}};{{113}{0.00428}{1.274}};{{114}{0.01424}{1.280}};{{115}{-0.02036}{1.286}};{{116}{0.01357}{1.291}};{{117}{-0.00279}{1.297}};{{118}{0.01773}{1.302}};{{119}{0.00387}{1.307}};{{120}{-0.00902}{1.312}};{{121}{0.00124}{1.316}};{{122}{-0.00198}{1.321}};{{123}{-0.00228}{1.325}};{{124}{0.00030}{1.329}};{{125}{0.00816}{1.333}};{{126}{0.00371}{1.337}};{{127}{0.00073}{1.341}};{{128}{-0.00024}{1.344}};{{129}{0.00039}{1.348}};{{130}{0.00236}{1.351}};{{131}{0.00010}{1.355}};{{132}{-0.00002}{1.358}};{{133}{-0.00010}{1.361}}" sag_local_min_freq_1="2.50" sag_local_min_mtf_1="0.0" sag_local_min_freq_limit="23.00" sag_local_min_check_result="bad" tan_local_min_freq_1="1.50" tan_local_min_mtf_1="0.0" tan_local_min_freq_limit="23.00" tan_local_min_check_result="bad" cra_dx="-235.013" cra_dy="-219.494" efficiency="35665.38993853"/>
               <camera index="4" shuttertime="14520000" mtf_frequency="23.00" sag="0.0" tan="0.0" mean="0.0" max_sag_lsf="0.2" max_tan_lsf="0.1" ray_tilt_x="-227.8" ray_tilt_y="-1190.5" rel_cross_pos="-34.5,18.6"
 sag_curve="100.0,44.9,0.0,0.0,0.0,0.0,0.0,0.0,0.0,0.0,0.0,0.0,0.0,0.0,0.0,0.0,0.0,0.0,0.0,0.0,0.0,0.0,0.0,0.0,0.0,0.0,0.0,0.0,0.0,0.0,0.0,0.0,0.0,0.0,0.0,0.0,0.0,0.0,0.0,0.0,0.0,0.0,0.0,0.0,0.0,0.0,0.0,0.0,0.0,0.0,0.0"
 tan_curve="100.0,44.9,0.0,0.0,0.0,0.0,0.0,0.0,0.0,0.0,0.0,0.0,0.0,0.0,0.0,0.0,0.0,0.0,0.0,0.0,0.0,0.0,0.0,0.0,0.0,0.0,0.0,0.0,0.0,0.0,0.0,0.0,0.0,0.0,0.0,0.0,0.0,0.0,0.0,0.0,0.0,0.0,0.0,0.0,0.0,0.0,0.0,0.0,0.0,0.0,0.0"
 sag_lsf="{{0}{-0.00000}{-1.358}};{{1}{0.00008}{-1.355}};{{2}{-0.00025}{-1.351}};{{3}{0.00032}{-1.348}};{{4}{-0.00029}{-1.344}};{{5}{0.00219}{-1.341}};{{6}{-0.00158}{-1.337}};{{7}{-0.00039}{-1.333}};{{8}{0.00153}{-1.329}};{{9}{-0.00403}{-1.325}};{{10}{-0.00463}{-1.321}};{{11}{-0.00373}{-1.316}};{{12}{-0.00107}{-1.312}};{{13}{-0.01213}{-1.307}};{{14}{0.00369}{-1.302}};{{15}{-0.00126}{-1.297}};{{16}{0.00039}{-1.291}};{{17}{0.00473}{-1.286}};{{18}{0.01505}{-1.280}};{{19}{0.02055}{-1.274}};{{20}{-0.00358}{-1.268}};{{21}{-0.00256}{-1.262}};{{22}{0.03863}{-1.255}};{{23}{0.01396}{-1.248}};{{24}{-0.01081}{-1.241}};{{25}{0.00393}{-1.233}};{{26}{0.01354}{-1.225}};{{27}{-0.01998}{-1.217}};{{28}{0.02270}{-1.208}};{{29}{-0.03841}{-1.199}};{{30}{-0.00689}{-1.189}};{{31}{-0.06719}{-1.179}};{{32}{0.02575}{-1.168}};{{33}{0.04459}{-1.157}};{{34}{0.01929}{-1.145}};{{35}{-0.01651}{-1.133}};{{36}{0.01117}{-1.120}};{{37}{-0.01088}{-1.106}};{{38}{-0.08435}{-1.091}};{{39}{0.09892}{-1.075}};{{40}{0.02395}{-1.059}};{{41}{0.05394}{-1.041}};{{42}{0.12206}{-1.022}};{{43}{0.15152}{-1.002}};{{44}{-0.06487}{-0.981}};{{45}{0.01135}{-0.958}};{{46}{0.05693}{-0.934}};{{47}{0.02160}{-0.908}};{{48}{0.08783}{-0.880}};{{49}{-0.04182}{-0.850}};{{50}{-0.05654}{-0.818}};{{51}{0.05747}{-0.783}};{{52}{0.01782}{-0.746}};{{53}{-0.11687}{-0.707}};{{54}{0.02946}{-0.664}};{{55}{0.16635}{-0.618}};{{56}{-0.17466}{-0.570}};{{57}{0.07612}{-0.517}};{{58}{-0.00288}{-0.462}};{{59}{0.11100}{-0.403}};{{60}{0.10332}{-0.342}};{{61}{0.00760}{-0.277}};{{62}{-0.01580}{-0.210}};{{63}{-0.04684}{-0.141}};{{64}{0.01100}{-0.071}};{{65}{0.18092}{0.000}};{{66}{-0.03647}{0.071}};{{67}{-0.00056}{0.141}};{{68}{-0.00940}{0.210}};{{69}{0.07114}{0.277}};{{70}{0.10669}{0.342}};{{71}{-0.13180}{0.403}};{{72}{-0.02211}{0.462}};{{73}{-0.00138}{0.517}};{{74}{-0.19883}{0.570}};{{75}{-0.13369}{0.618}};{{76}{-0.04813}{0.664}};{{77}{-0.14071}{0.707}};{{78}{0.00616}{0.746}};{{79}{-0.04341}{0.783}};{{80}{0.03064}{0.818}};{{81}{0.02893}{0.850}};{{82}{-0.30163}{0.880}};{{83}{-0.12951}{0.908}};{{84}{-0.07119}{0.934}};{{85}{-0.05227}{0.958}};{{86}{-0.01581}{0.981}};{{87}{0.04283}{1.002}};{{88}{0.04072}{1.022}};{{89}{-0.05737}{1.041}};{{90}{-0.04585}{1.059}};{{91}{-0.12029}{1.075}};{{92}{-0.05032}{1.091}};{{93}{0.03561}{1.106}};{{94}{-0.03438}{1.120}};{{95}{-0.05747}{1.133}};{{96}{0.01147}{1.145}};{{97}{-0.13737}{1.157}};{{98}{-0.12432}{1.168}};{{99}{-0.01204}{1.179}};{{100}{-0.02750}{1.189}};{{101}{0.06782}{1.199}};{{102}{-0.00199}{1.208}};{{103}{0.04363}{1.217}};{{104}{0.02203}{1.225}};{{105}{0.05272}{1.233}};{{106}{-0.00643}{1.241}};{{107}{-0.01175}{1.248}};{{108}{-0.00168}{1.255}};{{109}{-0.01112}{1.262}};{{110}{0.00200}{1.268}};{{111}{0.03887}{1.274}};{{112}{0.03734}{1.280}};{{113}{0.05233}{1.286}};{{114}{0.00488}{1.291}};{{115}{-0.00829}{1.297}};{{116}{-0.02025}{1.302}};{{117}{-0.01052}{1.307}};{{118}{0.00346}{1.312}};{{119}{0.01795}{1.316}};{{120}{0.00007}{1.321}};{{121}{0.01001}{1.325}};{{122}{-0.00707}{1.329}};{{123}{0.00026}{1.333}};{{124}{-0.00510}{1.337}};{{125}{-0.00257}{1.341}};{{126}{-0.00027}{1.344}};{{127}{0.00215}{1.348}};{{128}{0.00170}{1.351}};{{129}{0.00004}{1.355}};{{130}{-0.00084}{1.358}};{{131}{-0.00018}{1.361}};{{132}{-0.00030}{1.364}};{{133}{0.00005}{1.367}}"
 tan_lsf="{{0}{-0.00000}{-1.414}};{{1}{-0.00010}{-1.412}};{{2}{-0.00025}{-1.411}};{{3}{-0.00022}{-1.409}};{{4}{-0.00065}{-1.407}};{{5}{0.00165}{-1.405}};{{6}{-0.00450}{-1.403}};{{7}{-0.00231}{-1.401}};{{8}{-0.00246}{-1.399}};{{9}{-0.00503}{-1.397}};{{10}{-0.00533}{-1.395}};{{11}{-0.01607}{-1.393}};{{12}{0.00058}{-1.390}};{{13}{-0.00731}{-1.388}};{{14}{-0.03394}{-1.386}};{{15}{0.00297}{-1.383}};{{16}{0.00448}{-1.381}};{{17}{0.01303}{-1.378}};{{18}{0.02092}{-1.375}};{{19}{0.05103}{-1.373}};{{20}{0.01821}{-1.370}};{{21}{0.02679}{-1.367}};{{22}{-0.00511}{-1.364}};{{23}{-0.00727}{-1.361}};{{24}{0.02851}{-1.358}};{{25}{-0.03986}{-1.355}};{{26}{0.05787}{-1.351}};{{27}{0.02031}{-1.348}};{{28}{0.03029}{-1.344}};{{29}{0.03839}{-1.341}};{{30}{0.05973}{-1.337}};{{31}{0.09309}{-1.333}};{{32}{0.00128}{-1.329}};{{33}{-0.02373}{-1.325}};{{34}{0.00232}{-1.321}};{{35}{-0.01707}{-1.316}};{{36}{0.04936}{-1.312}};{{37}{0.08665}{-1.307}};{{38}{-0.03574}{-1.302}};{{39}{0.05244}{-1.297}};{{40}{-0.08578}{-1.291}};{{41}{0.02225}{-1.286}};{{42}{-0.06446}{-1.280}};{{43}{-0.01243}{-1.274}};{{44}{0.01533}{-1.268}};{{45}{-0.02875}{-1.262}};{{46}{0.14504}{-1.255}};{{47}{0.10776}{-1.248}};{{48}{-0.04701}{-1.241}};{{49}{0.00858}{-1.233}};{{50}{-0.00950}{-1.225}};{{51}{-0.00892}{-1.217}};{{52}{0.05089}{-1.208}};{{53}{-0.03440}{-1.199}};{{54}{0.12885}{-1.189}};{{55}{-0.05446}{-1.179}};{{56}{0.11311}{-1.168}};{{57}{-0.14594}{-1.157}};{{58}{-0.03248}{-1.145}};{{59}{0.07611}{-1.133}};{{60}{-0.07493}{-1.120}};{{61}{0.04245}{-1.106}};{{62}{-0.12571}{-1.091}};{{63}{0.00029}{-1.075}};{{64}{0.00117}{-1.059}};{{65}{-0.10964}{-1.041}};{{66}{0.06261}{-1.022}};{{67}{0.05606}{-1.002}};{{68}{0.00471}{-0.981}};{{69}{-0.00187}{-0.958}};{{70}{-0.06039}{-0.934}};{{71}{-0.00750}{-0.908}};{{72}{-0.02868}{-0.880}};{{73}{-0.12274}{-0.850}};{{74}{0.02427}{-0.818}};{{75}{-0.09754}{-0.783}};{{76}{-0.03155}{-0.746}};{{77}{0.12493}{-0.707}};{{78}{-0.05014}{-0.664}};{{79}{0.04086}{-0.618}};{{80}{-0.02003}{-0.570}};{{81}{-0.07243}{-0.517}};{{82}{-0.15596}{-0.462}};{{83}{-0.01030}{-0.403}};{{84}{0.12376}{-0.342}};{{85}{0.06610}{-0.277}};{{86}{-0.12300}{-0.210}};{{87}{0.02304}{-0.141}};{{88}{-0.14489}{-0.071}};{{89}{0.14749}{0.000}};{{90}{-0.13059}{0.071}};{{91}{0.03926}{0.141}};{{92}{0.09049}{0.210}};{{93}{0.04309}{0.277}};{{94}{-0.04508}{0.342}};{{95}{-0.10852}{0.403}};{{96}{-0.02281}{0.462}};{{97}{0.05671}{0.517}};{{98}{-0.05759}{0.570}};{{99}{-0.00679}{0.618}};{{100}{0.00542}{0.664}};{{101}{-0.11465}{0.707}};{{102}{-0.06364}{0.746}};{{103}{-0.07653}{0.783}};{{104}{0.03400}{0.818}};{{105}{0.09737}{0.850}};{{106}{0.00592}{0.880}};{{107}{-0.02025}{0.908}};{{108}{0.01068}{0.934}};{{109}{0.01937}{0.958}};{{110}{0.02251}{0.981}};{{111}{-0.02416}{1.002}};{{112}{-0.00574}{1.022}};{{113}{-0.00341}{1.041}};{{114}{0.00164}{1.059}};{{115}{-0.01774}{1.075}};{{116}{0.00915}{1.091}};{{117}{-0.00738}{1.106}};{{118}{-0.01147}{1.120}};{{119}{0.02450}{1.133}};{{120}{0.01767}{1.145}};{{121}{-0.00006}{1.157}};{{122}{-0.00919}{1.168}};{{123}{0.00201}{1.179}};{{124}{-0.00030}{1.189}};{{125}{0.00241}{1.199}};{{126}{0.00117}{1.208}};{{127}{0.00570}{1.217}};{{128}{0.00055}{1.225}};{{129}{0.00213}{1.233}};{{130}{0.00131}{1.241}};{{131}{-0.00029}{1.248}};{{132}{-0.00019}{1.255}};{{133}{-0.00006}{1.262}}" sag_local_min_freq_1="2.50" sag_local_min_mtf_1="0.0" sag_local_min_freq_limit="23.00" sag_local_min_check_result="bad" tan_local_min_freq_1="2.50" tan_local_min_mtf_1="0.0" tan_local_min_freq_limit="23.00" tan_local_min_check_result="bad" cra_dx="-15.627" cra_dy="-78.086" efficiency="-999999.00000000"/>
               <camera index="5" shuttertime="1178571" mtf_frequency="23.00" sag="9.1" tan="0.0" mean="4.6" max_sag_lsf="0.4" max_tan_lsf="2.1" ray_tilt_x="5102.3" ray_tilt_y="692.6" rel_cross_pos="66.0,20.1"
 sag_curve="100.0,85.7,69.0,42.0,22.5,16.0,11.6,9.0,7.7,7.0,8.0,9.1,9.2,9.3,9.0,9.1,9.6,9.3,8.6,9.4,10.3,10.5,10.4,9.1,8.3,8.1,9.5,12.0,14.1,16.0,14.4,12.8,11.8,11.3,11.9,11.9,11.3,11.0,10.9,11.2,11.5,10.5,10.1,11.0,11.7,12.1,11.8,10.9,12.9,15.7,15.9"
 tan_curve="100.0,44.9,0.0,0.0,0.0,0.0,0.0,0.0,0.0,0.0,0.0,0.0,0.0,0.0,0.0,0.0,0.0,0.0,0.0,0.0,0.0,0.0,0.0,0.0,0.0,0.0,0.0,0.0,0.0,0.0,0.0,0.0,0.0,0.0,0.0,0.0,0.0,0.0,0.0,0.0,0.0,0.0,0.0,0.0,0.0,0.0,0.0,0.0,0.0,0.0,0.0"
 sag_lsf="{{0}{-0.00000}{-1.361}};{{1}{0.00002}{-1.358}};{{2}{-0.00032}{-1.355}};{{3}{-0.00017}{-1.351}};{{4}{-0.00080}{-1.348}};{{5}{-0.00076}{-1.344}};{{6}{-0.00086}{-1.341}};{{7}{-0.00396}{-1.337}};{{8}{-0.00554}{-1.333}};{{9}{0.00417}{-1.329}};{{10}{-0.01147}{-1.325}};{{11}{-0.01556}{-1.321}};{{12}{-0.02289}{-1.316}};{{13}{-0.00035}{-1.312}};{{14}{-0.00155}{-1.307}};{{15}{0.03760}{-1.302}};{{16}{-0.00602}{-1.297}};{{17}{-0.00020}{-1.291}};{{18}{0.00576}{-1.286}};{{19}{-0.01446}{-1.280}};{{20}{0.00568}{-1.274}};{{21}{-0.01189}{-1.268}};{{22}{0.04301}{-1.262}};{{23}{0.05189}{-1.255}};{{24}{0.02632}{-1.248}};{{25}{0.03204}{-1.241}};{{26}{0.00272}{-1.233}};{{27}{-0.05254}{-1.225}};{{28}{0.01511}{-1.217}};{{29}{0.01781}{-1.208}};{{30}{-0.02788}{-1.199}};{{31}{-0.02058}{-1.189}};{{32}{-0.00158}{-1.179}};{{33}{0.02320}{-1.168}};{{34}{0.02660}{-1.157}};{{35}{0.07567}{-1.145}};{{36}{0.09005}{-1.133}};{{37}{0.04698}{-1.120}};{{38}{-0.06967}{-1.106}};{{39}{0.07074}{-1.091}};{{40}{0.17119}{-1.075}};{{41}{0.08685}{-1.059}};{{42}{0.02870}{-1.041}};{{43}{0.09867}{-1.022}};{{44}{-0.19461}{-1.002}};{{45}{0.06454}{-0.981}};{{46}{0.11720}{-0.958}};{{47}{0.05048}{-0.934}};{{48}{0.12370}{-0.908}};{{49}{0.33331}{-0.880}};{{50}{0.14925}{-0.850}};{{51}{0.01070}{-0.818}};{{52}{0.17576}{-0.783}};{{53}{0.09391}{-0.746}};{{54}{0.05091}{-0.707}};{{55}{0.04165}{-0.664}};{{56}{0.06751}{-0.618}};{{57}{0.19405}{-0.570}};{{58}{0.12784}{-0.517}};{{59}{0.27878}{-0.462}};{{60}{0.07965}{-0.403}};{{61}{0.37945}{-0.342}};{{62}{0.25954}{-0.277}};{{63}{0.28708}{-0.210}};{{64}{0.06104}{-0.141}};{{65}{0.22960}{-0.071}};{{66}{0.41303}{0.000}};{{67}{0.18585}{0.071}};{{68}{0.24180}{0.141}};{{69}{-0.05113}{0.210}};{{70}{0.29270}{0.277}};{{71}{0.30262}{0.342}};{{72}{0.12997}{0.403}};{{73}{0.06089}{0.462}};{{74}{0.07880}{0.517}};{{75}{0.20249}{0.570}};{{76}{0.12721}{0.618}};{{77}{0.26088}{0.664}};{{78}{0.21348}{0.707}};{{79}{0.16716}{0.746}};{{80}{0.08907}{0.783}};{{81}{0.35685}{0.818}};{{82}{0.21392}{0.850}};{{83}{0.14470}{0.880}};{{84}{0.19378}{0.908}};{{85}{0.02030}{0.934}};{{86}{0.05798}{0.958}};{{87}{0.07670}{0.981}};{{88}{-0.03207}{1.002}};{{89}{0.11595}{1.022}};{{90}{0.13609}{1.041}};{{91}{0.19465}{1.059}};{{92}{0.00720}{1.075}};{{93}{0.04694}{1.091}};{{94}{0.06575}{1.106}};{{95}{0.06568}{1.120}};{{96}{-0.01315}{1.133}};{{97}{0.11627}{1.145}};{{98}{0.06790}{1.157}};{{99}{-0.05912}{1.168}};{{100}{0.04152}{1.179}};{{101}{0.02180}{1.189}};{{102}{0.04691}{1.199}};{{103}{-0.00320}{1.208}};{{104}{0.03930}{1.217}};{{105}{0.04594}{1.225}};{{106}{0.06330}{1.233}};{{107}{0.02260}{1.241}};{{108}{-0.00450}{1.248}};{{109}{-0.00873}{1.255}};{{110}{-0.01048}{1.262}};{{111}{0.00246}{1.268}};{{112}{-0.04316}{1.274}};{{113}{-0.00952}{1.280}};{{114}{0.01677}{1.286}};{{115}{-0.00222}{1.291}};{{116}{-0.00790}{1.297}};{{117}{-0.00645}{1.302}};{{118}{-0.00588}{1.307}};{{119}{-0.00589}{1.312}};{{120}{0.00091}{1.316}};{{121}{-0.00405}{1.321}};{{122}{-0.00344}{1.325}};{{123}{-0.00772}{1.329}};{{124}{-0.00498}{1.333}};{{125}{-0.00066}{1.337}};{{126}{0.00056}{1.341}};{{127}{-0.00193}{1.344}};{{128}{-0.00095}{1.348}};{{129}{-0.00022}{1.351}};{{130}{-0.00016}{1.355}}"
 tan_lsf="{{0}{-0.00000}{-1.388}};{{1}{-0.00017}{-1.386}};{{2}{-0.00065}{-1.383}};{{3}{-0.00230}{-1.381}};{{4}{-0.00323}{-1.378}};{{5}{-0.00143}{-1.375}};{{6}{-0.00136}{-1.373}};{{7}{-0.00438}{-1.370}};{{8}{-0.00766}{-1.367}};{{9}{-0.00377}{-1.364}};{{10}{-0.02087}{-1.361}};{{11}{-0.02138}{-1.358}};{{12}{-0.01615}{-1.355}};{{13}{-0.01088}{-1.351}};{{14}{-0.02160}{-1.348}};{{15}{0.00216}{-1.344}};{{16}{0.00409}{-1.341}};{{17}{-0.00736}{-1.337}};{{18}{0.01179}{-1.333}};{{19}{-0.01868}{-1.329}};{{20}{-0.01025}{-1.325}};{{21}{0.01711}{-1.321}};{{22}{-0.00624}{-1.316}};{{23}{0.01258}{-1.312}};{{24}{-0.02855}{-1.307}};{{25}{0.02211}{-1.302}};{{26}{0.03521}{-1.297}};{{27}{0.12204}{-1.291}};{{28}{0.02926}{-1.286}};{{29}{0.03590}{-1.280}};{{30}{0.10061}{-1.274}};{{31}{0.10150}{-1.268}};{{32}{0.13387}{-1.262}};{{33}{0.23233}{-1.255}};{{34}{0.12477}{-1.248}};{{35}{0.16564}{-1.241}};{{36}{0.10725}{-1.233}};{{37}{0.16325}{-1.225}};{{38}{0.22792}{-1.217}};{{39}{0.03344}{-1.208}};{{40}{0.29073}{-1.199}};{{41}{0.27299}{-1.189}};{{42}{0.32216}{-1.179}};{{43}{0.33540}{-1.168}};{{44}{0.21935}{-1.157}};{{45}{0.26937}{-1.145}};{{46}{0.22668}{-1.133}};{{47}{0.27851}{-1.120}};{{48}{0.27636}{-1.106}};{{49}{0.20370}{-1.091}};{{50}{0.41284}{-1.075}};{{51}{0.35213}{-1.059}};{{52}{0.36255}{-1.041}};{{53}{0.48222}{-1.022}};{{54}{0.33415}{-1.002}};{{55}{0.36433}{-0.981}};{{56}{0.44479}{-0.958}};{{57}{0.43279}{-0.934}};{{58}{0.47835}{-0.908}};{{59}{0.42843}{-0.880}};{{60}{0.50341}{-0.850}};{{61}{0.45173}{-0.818}};{{62}{0.31601}{-0.783}};{{63}{0.56432}{-0.746}};{{64}{0.39641}{-0.707}};{{65}{0.34882}{-0.664}};{{66}{0.58292}{-0.618}};{{67}{0.39704}{-0.570}};{{68}{0.45487}{-0.517}};{{69}{0.59586}{-0.462}};{{70}{0.39375}{-0.403}};{{71}{0.51790}{-0.342}};{{72}{0.42957}{-0.277}};{{73}{0.58867}{-0.210}};{{74}{0.44037}{-0.141}};{{75}{0.50751}{-0.071}};{{76}{2.06180}{0.000}};{{77}{1.38002}{0.071}};{{78}{0.24768}{0.141}};{{79}{0.35445}{0.210}};{{80}{0.46484}{0.277}};{{81}{0.33879}{0.342}};{{82}{0.43822}{0.403}};{{83}{0.34858}{0.462}};{{84}{0.48209}{0.517}};{{85}{0.55246}{0.570}};{{86}{0.33923}{0.618}};{{87}{0.41416}{0.664}};{{88}{0.20621}{0.707}};{{89}{0.37776}{0.746}};{{90}{0.33727}{0.783}};{{91}{0.26548}{0.818}};{{92}{0.39851}{0.850}};{{93}{0.24029}{0.880}};{{94}{0.13118}{0.908}};{{95}{0.26367}{0.934}};{{96}{0.04455}{0.958}};{{97}{0.12992}{0.981}};{{98}{0.14865}{1.002}};{{99}{0.06731}{1.022}};{{100}{0.15658}{1.041}};{{101}{0.03240}{1.059}};{{102}{0.18205}{1.075}};{{103}{0.08395}{1.091}};{{104}{0.03997}{1.106}};{{105}{0.04564}{1.120}};{{106}{-0.03488}{1.133}};{{107}{0.01694}{1.145}};{{108}{-0.01514}{1.157}};{{109}{0.00598}{1.168}};{{110}{-0.03439}{1.179}};{{111}{-0.00649}{1.189}};{{112}{0.00628}{1.199}};{{113}{-0.02901}{1.208}};{{114}{0.01808}{1.217}};{{115}{-0.01246}{1.225}};{{116}{-0.01688}{1.233}};{{117}{-0.02481}{1.241}};{{118}{-0.00919}{1.248}};{{119}{-0.02388}{1.255}};{{120}{-0.00298}{1.262}};{{121}{-0.01316}{1.268}};{{122}{-0.00914}{1.274}};{{123}{-0.00344}{1.280}};{{124}{-0.01002}{1.286}};{{125}{-0.00091}{1.291}};{{126}{-0.00852}{1.297}};{{127}{-0.00356}{1.302}};{{128}{-0.00373}{1.307}};{{129}{-0.00212}{1.312}};{{130}{-0.00172}{1.316}};{{131}{-0.00110}{1.321}};{{132}{-0.00036}{1.325}};{{133}{-0.00010}{1.329}}" sag_local_min_freq_1="8.93" sag_local_min_mtf_1="7.0" sag_local_min_freq_limit="23.00" sag_local_min_check_result="bad" tan_local_min_freq_1="2.50" tan_local_min_mtf_1="0.0" tan_local_min_freq_limit="23.00" tan_local_min_check_result="bad" cra_dx="347.617" cra_dy="50.218" efficiency="25.73906060"/>
               <camera index="1" mtf_frequency="18.50" sag="33.1" tan="28.4" mean="30.8" cra_dx="3.480" cra_dy="19.375" efficiency="0.00037256"/>
               <camera index="2" mtf_frequency="18.50" sag="4.9" tan="1.9" mean="3.4" cra_dx="3.438" cra_dy="98.067" efficiency="326.28933887"/>
               <camera index="3" mtf_frequency="18.50" sag="0.0" tan="0.0" mean="0.0" cra_dx="-235.013" cra_dy="-219.494" efficiency="35665.38993853"/>
               <camera index="4" mtf_frequency="18.50" sag="0.0" tan="0.0" mean="0.0" cra_dx="-15.627" cra_dy="-78.086" efficiency="-999999.00000000"/>
               <camera index="5" mtf_frequency="18.50" sag="9.0" tan="0.0" mean="4.5" cra_dx="347.617" cra_dy="50.218" efficiency="25.73906060"/>
               <camera index="1" mtf_frequency="11.50" sag="48.8" tan="48.0" mean="48.4" cra_dx="3.480" cra_dy="19.375" efficiency="0.00037256"/>
               <camera index="2" mtf_frequency="11.50" sag="17.6" tan="0.6" mean="9.1" cra_dx="3.438" cra_dy="98.067" efficiency="326.28933887"/>
               <camera index="3" mtf_frequency="11.50" sag="0.0" tan="0.0" mean="0.0" cra_dx="-235.013" cra_dy="-219.494" efficiency="35665.38993853"/>
               <camera index="4" mtf_frequency="11.50" sag="0.0" tan="0.0" mean="0.0" cra_dx="-15.627" cra_dy="-78.086" efficiency="-999999.00000000"/>
               <camera index="5" mtf_frequency="11.50" sag="9.2" tan="0.0" mean="4.6" cra_dx="347.617" cra_dy="50.218" efficiency="25.73906060"/>
            </config>
         </exit>
      </sample>
   </measurements>
</exported_data>
