<?xml version="1.0" encoding="utf-8"?>
<exported_data>
   <header>
      <software name="IMPRO R.2.92"/>
      <user account="admin"/>
      <instrument serial_number="09-207-0014" id="" EFL_Telescope="104.00000000" EFL_Collimator="104.00000000"/>
      <camera index="1" serial_number="18427771" slit_horizontal="0.0200" slit_vertical="0.0200"/>
      <camera index="2" serial_number="18355941" slit_horizontal="0.0200" slit_vertical="0.0200"/>
      <camera index="3" serial_number="18427889" slit_horizontal="0.0200" slit_vertical="0.0200"/>
      <camera index="4" serial_number="18427775" slit_horizontal="0.0200" slit_vertical="0.0200"/>
      <camera index="5" serial_number="18427827" slit_horizontal="0.0200" slit_vertical="0.0200"/>
      <timestamp date="02/06/20" time="16:09:10"/>
      <setup file="C:\Program Files\TRIOPTICS GmbH\IMPRO AR\Config_Files\Shark13\Shark13_green.mcfg" color="green"/>
      <mtf max_freq="50" tilt_correction="1" cut_percent="20" auto_shutter="1"/>
      <alert enabled="true" min_acceptable_mtf="0.0"/>
      <on_axis_aoi min_width="1000" min_height="100" max_width="1000" max_height="1000" dist_border="2"/>
      <off_axis_aoi min_width="1000" min_height="100" max_width="1000" max_height="1000" dist_border="3"/>
      <local_minima enabled="true" max_frequency="50" max_exports="3" min_mtf_difference="1.5"/>
      <global_minimum enabled="false"/>
      <batch file="C:\Program Files\TRIOPTICS GmbH\XML\2020_02_06_16_09_03_admin_18-256-32_Shark13_repeat1_Zhida.xml"/>
      <measurement_time_sec total="38.153" one_sample_avg="38.153"/>
      <samples tested="1" good="0" bad="1"/>
   </header>
   <measurements>
      <sample number="1" barcode="" entrance="-0.531,-18.533" entranceAfterAlign="-0.369,-18.536" angle="0.000,0.000" result="bad" combined_mtf_result="good" final_aggregate_result="bad" decided_by="local minimum of camera 5" mtf_smaller_than_min_acceptable="false" aggregate_result="bad">
         <exit number="1" pos="0.000,-22.000" min_sag="0.0" min_tan="0.0">
            <config number="1">
               <csv_exports cam_index="1" DOE_ID="c6de9766-f76c-4986-b97a-912cd2aed047" OperationName="1" FeatureArea="Optics" IsProduction="TRUE" DUTPartNo="1" DUTPartType="1" HWBuild="1" ProductFamily="Devices" ProductGroup="Hardware" ProductName="1" DUTAssemblySN="" DUTType="1" DUTFailed="TRUE" OperationStartTime="02/06/2020 15:56:09" OperationEndTime="02/06/2020 16:09:10" OperatorName="admin" TesterName="" TestMachineName="09-207-0014" TestPackageName="1" TestStartTime="02/06/2020 16:09:03" TestEndTime="02/06/2020 16:09:10" TestName="Shark13_rg.mcfg" METADATA__CarrierDesign="1" FACTOR_Color="Red(0.0) Green(100.0) Blue(0.0)" FACTOR__CarrierPosition="1" FACTOR__CarrierSN="1" FACTOR__CarrierSlot="1" FACTOR__CarrierSlotX="-0.531" FACTOR__CarrierSlotY="-18.533" FACTOR__AngleNumber="1" FACTOR__AngleTheta="0.0" FACTOR__AnglePhi="0.0" FACTOR__PositionNumber="1" FACTOR__PositionX="0.000" FACTOR__PositionY="-22.000" FACTOR__PositionZ="75" FACTOR__MTFFrequency1="23.00" FACTOR__MTFFrequency2="18.50" FACTOR__MTFFrequency3="11.50" FACTOR__Polarization="1" FACTOR__Stagedx="327.503" FACTOR__Stagedy="240.197" RESPONSE__LEDLightCurrentRed="0.00" RESPONSE__LEDLightCurrentGreen="100.00" RESPONSE__LEDLightCurrentBlue="0.00" RESPONSE__MTFTangential1="18.60100" RESPONSE__MTFSagittal1="26.10100" RESPONSE__MTFTangential2="27.90100" RESPONSE__MTFSagittal2="35.10100" RESPONSE__MTFTangential3="49.30100" RESPONSE__MTFSagittal3="55.40100" RESPONSE_Entrance_after_alignment_X="-0.369" RESPONSE_Entrance_after_alignment_Y="-18.536" RESPONSE__Shuttertime="49912" RESPONSE__CRAdx="-0.598" RESPONSE__CRAdy="18.085" RESPONSE__RotationAngle="0.532" RESPONSE__Efficiency="0.00035569" RESPONSE__LowestTanPlace="48.8" RESPONSE__LowestTan="0.01892" RESPONSE__LowestSagPlace="50.0" RESPONSE__LowestSag="0.02405" RESPONSE__LSFSag="-999999" RESPONSE__LSFTan="-999999"/>
               <csv_exports cam_index="2" DOE_ID="c6de9766-f76c-4986-b97a-912cd2aed047" OperationName="1" FeatureArea="Optics" IsProduction="TRUE" DUTPartNo="1" DUTPartType="1" HWBuild="1" ProductFamily="Devices" ProductGroup="Hardware" ProductName="1" DUTAssemblySN="" DUTType="1" DUTFailed="TRUE" OperationStartTime="02/06/2020 15:56:09" OperationEndTime="02/06/2020 16:09:10" OperatorName="admin" TesterName="" TestMachineName="09-207-0014" TestPackageName="1" TestStartTime="02/06/2020 16:09:03" TestEndTime="02/06/2020 16:09:10" TestName="Shark13_rg.mcfg" METADATA__CarrierDesign="1" FACTOR_Color="Red(0.0) Green(0.0) Blue(0.0)" FACTOR__CarrierPosition="1" FACTOR__CarrierSN="1" FACTOR__CarrierSlot="1" FACTOR__CarrierSlotX="-0.531" FACTOR__CarrierSlotY="-18.533" FACTOR__AngleNumber="2" FACTOR__AngleTheta="0.0" FACTOR__AnglePhi="0.0" FACTOR__PositionNumber="1" FACTOR__PositionX="0.000" FACTOR__PositionY="-22.000" FACTOR__PositionZ="75" FACTOR__MTFFrequency1="23.00" FACTOR__MTFFrequency2="18.50" FACTOR__MTFFrequency3="11.50" FACTOR__Polarization="1" FACTOR__Stagedx="311.786" FACTOR__Stagedy="107.654" RESPONSE__LEDLightCurrentRed="0.00" RESPONSE__LEDLightCurrentGreen="0.00" RESPONSE__LEDLightCurrentBlue="0.00" RESPONSE__MTFTangential1="0.30100" RESPONSE__MTFSagittal1="2.80100" RESPONSE__MTFTangential2="1.10100" RESPONSE__MTFSagittal2="5.70100" RESPONSE__MTFTangential3="0.90100" RESPONSE__MTFSagittal3="18.90100" RESPONSE_Entrance_after_alignment_X="-0.369" RESPONSE_Entrance_after_alignment_Y="-18.536" RESPONSE__Shuttertime="458333" RESPONSE__CRAdx="3.317" RESPONSE__CRAdy="94.042" RESPONSE__RotationAngle="5.020" RESPONSE__Efficiency="327.05964995" RESPONSE__LowestTanPlace="35.9" RESPONSE__LowestTan="0.00200" RESPONSE__LowestSagPlace="8.9" RESPONSE__LowestSag="0.05263" RESPONSE__LSFSag="-999999" RESPONSE__LSFTan="-999999"/>
               <csv_exports cam_index="3" DOE_ID="c6de9766-f76c-4986-b97a-912cd2aed047" OperationName="1" FeatureArea="Optics" IsProduction="TRUE" DUTPartNo="1" DUTPartType="1" HWBuild="1" ProductFamily="Devices" ProductGroup="Hardware" ProductName="1" DUTAssemblySN="" DUTType="1" DUTFailed="TRUE" OperationStartTime="02/06/2020 15:56:09" OperationEndTime="02/06/2020 16:09:10" OperatorName="admin" TesterName="" TestMachineName="09-207-0014" TestPackageName="1" TestStartTime="02/06/2020 16:09:03" TestEndTime="02/06/2020 16:09:10" TestName="Shark13_rg.mcfg" METADATA__CarrierDesign="1" FACTOR_Color="Red(0.0) Green(0.0) Blue(0.0)" FACTOR__CarrierPosition="1" FACTOR__CarrierSN="1" FACTOR__CarrierSlot="1" FACTOR__CarrierSlotX="-0.531" FACTOR__CarrierSlotY="-18.533" FACTOR__AngleNumber="3" FACTOR__AngleTheta="0.0" FACTOR__AnglePhi="0.0" FACTOR__PositionNumber="1" FACTOR__PositionX="0.000" FACTOR__PositionY="-22.000" FACTOR__PositionZ="75" FACTOR__MTFFrequency1="23.00" FACTOR__MTFFrequency2="18.50" FACTOR__MTFFrequency3="11.50" FACTOR__Polarization="1" FACTOR__Stagedx="500.215" FACTOR__Stagedy="231.309" RESPONSE__LEDLightCurrentRed="0.00" RESPONSE__LEDLightCurrentGreen="0.00" RESPONSE__LEDLightCurrentBlue="0.00" RESPONSE__MTFTangential1="0.00100" RESPONSE__MTFSagittal1="0.00100" RESPONSE__MTFTangential2="0.00100" RESPONSE__MTFSagittal2="0.00100" RESPONSE__MTFTangential3="0.00100" RESPONSE__MTFSagittal3="0.00100" RESPONSE_Entrance_after_alignment_X="-0.369" RESPONSE_Entrance_after_alignment_Y="-18.536" RESPONSE__Shuttertime="907500" RESPONSE__CRAdx="-188.774" RESPONSE__CRAdy="-134.620" RESPONSE__RotationAngle="0.223" RESPONSE__Efficiency="1.09529154" RESPONSE__LowestTanPlace="2.5" RESPONSE__LowestTan="0.00000" RESPONSE__LowestSagPlace="2.5" RESPONSE__LowestSag="0.00000" RESPONSE__LSFSag="-999999" RESPONSE__LSFTan="-999999"/>
               <csv_exports cam_index="4" DOE_ID="c6de9766-f76c-4986-b97a-912cd2aed047" OperationName="1" FeatureArea="Optics" IsProduction="TRUE" DUTPartNo="1" DUTPartType="1" HWBuild="1" ProductFamily="Devices" ProductGroup="Hardware" ProductName="1" DUTAssemblySN="" DUTType="1" DUTFailed="TRUE" OperationStartTime="02/06/2020 15:56:09" OperationEndTime="02/06/2020 16:09:10" OperatorName="admin" TesterName="" TestMachineName="09-207-0014" TestPackageName="1" TestStartTime="02/06/2020 16:09:03" TestEndTime="02/06/2020 16:09:10" TestName="Shark13_rg.mcfg" METADATA__CarrierDesign="1" FACTOR_Color="Red(0.0) Green(0.0) Blue(0.0)" FACTOR__CarrierPosition="1" FACTOR__CarrierSN="1" FACTOR__CarrierSlot="1" FACTOR__CarrierSlotX="-0.531" FACTOR__CarrierSlotY="-18.533" FACTOR__AngleNumber="4" FACTOR__AngleTheta="0.0" FACTOR__AnglePhi="0.0" FACTOR__PositionNumber="1" FACTOR__PositionX="0.000" FACTOR__PositionY="-22.000" FACTOR__PositionZ="75" FACTOR__MTFFrequency1="23.00" FACTOR__MTFFrequency2="18.50" FACTOR__MTFFrequency3="11.50" FACTOR__Polarization="1" FACTOR__Stagedx="305.084" FACTOR__Stagedy="340.648" RESPONSE__LEDLightCurrentRed="0.00" RESPONSE__LEDLightCurrentGreen="0.00" RESPONSE__LEDLightCurrentBlue="0.00" RESPONSE__MTFTangential1="0.00100" RESPONSE__MTFSagittal1="0.00100" RESPONSE__MTFTangential2="0.00100" RESPONSE__MTFSagittal2="0.00100" RESPONSE__MTFTangential3="0.00100" RESPONSE__MTFSagittal3="0.00100" RESPONSE_Entrance_after_alignment_X="-0.369" RESPONSE_Entrance_after_alignment_Y="-18.536" RESPONSE__Shuttertime="5776906" RESPONSE__CRAdx="-29.874" RESPONSE__CRAdy="-80.815" RESPONSE__RotationAngle="0.023" RESPONSE__Efficiency="0.87832989" RESPONSE__LowestTanPlace="2.5" RESPONSE__LowestTan="0.00000" RESPONSE__LowestSagPlace="2.5" RESPONSE__LowestSag="0.00000" RESPONSE__LSFSag="-999999" RESPONSE__LSFTan="-999999"/>
               <csv_exports cam_index="5" DOE_ID="c6de9766-f76c-4986-b97a-912cd2aed047" OperationName="1" FeatureArea="Optics" IsProduction="TRUE" DUTPartNo="1" DUTPartType="1" HWBuild="1" ProductFamily="Devices" ProductGroup="Hardware" ProductName="1" DUTAssemblySN="" DUTType="1" DUTFailed="TRUE" OperationStartTime="02/06/2020 15:56:09" OperationEndTime="02/06/2020 16:09:10" OperatorName="admin" TesterName="" TestMachineName="09-207-0014" TestPackageName="1" TestStartTime="02/06/2020 16:09:03" TestEndTime="02/06/2020 16:09:10" TestName="Shark13_rg.mcfg" METADATA__CarrierDesign="1" FACTOR_Color="Red(0.0) Green(0.0) Blue(0.0)" FACTOR__CarrierPosition="1" FACTOR__CarrierSN="1" FACTOR__CarrierSlot="1" FACTOR__CarrierSlotX="-0.531" FACTOR__CarrierSlotY="-18.533" FACTOR__AngleNumber="5" FACTOR__AngleTheta="0.0" FACTOR__AnglePhi="0.0" FACTOR__PositionNumber="1" FACTOR__PositionX="0.000" FACTOR__PositionY="-22.000" FACTOR__PositionZ="75" FACTOR__MTFFrequency1="23.00" FACTOR__MTFFrequency2="18.50" FACTOR__MTFFrequency3="11.50" FACTOR__Polarization="1" FACTOR__Stagedx="42.410" FACTOR__Stagedy="213.921" RESPONSE__LEDLightCurrentRed="0.00" RESPONSE__LEDLightCurrentGreen="0.00" RESPONSE__LEDLightCurrentBlue="0.00" RESPONSE__MTFTangential1="0.00100" RESPONSE__MTFSagittal1="0.00100" RESPONSE__MTFTangential2="0.00100" RESPONSE__MTFSagittal2="0.00100" RESPONSE__MTFTangential3="0.00100" RESPONSE__MTFSagittal3="0.00100" RESPONSE_Entrance_after_alignment_X="-0.369" RESPONSE_Entrance_after_alignment_Y="-18.536" RESPONSE__Shuttertime="634615" RESPONSE__CRAdx="379.657" RESPONSE__CRAdy="116.285" RESPONSE__RotationAngle="1.206" RESPONSE__Efficiency="64939.55224568" RESPONSE__LowestTanPlace="1.5" RESPONSE__LowestTan="0.00000" RESPONSE__LowestSagPlace="2.5" RESPONSE__LowestSag="0.00000" RESPONSE__LSFSag="-999999" RESPONSE__LSFTan="-999999"/>
               <camera index="1" shuttertime="49912" mtf_frequency="23.00" sag="26.1" tan="18.6" mean="22.4" max_sag_lsf="103.9" max_tan_lsf="71.0" ray_tilt_x="-7.2" ray_tilt_y="220.8" rel_cross_pos="2.9,14.3"
 sag_curve="100.0,98.2,95.9,91.5,86.9,82.0,77.4,73.1,68.9,64.8,60.9,57.2,53.7,50.3,47.1,44.1,41.3,38.7,36.2,33.9,31.7,29.7,27.7,26.1,24.3,22.4,20.2,17.9,15.8,13.9,12.4,11.1,9.9,8.8,7.8,6.9,6.1,5.5,4.9,4.5,4.1,3.7,3.4,3.2,3.0,2.8,2.7,2.6,2.6,2.6,2.4"
 tan_curve="100.0,97.7,95.0,89.7,84.3,78.5,73.0,67.8,63.2,58.8,54.9,51.1,47.5,44.1,41.0,37.9,34.8,31.9,29.1,26.7,24.4,22.3,20.4,18.6,16.9,15.4,14.1,12.8,11.7,10.6,9.7,8.8,8.0,7.3,6.6,6.0,5.5,5.1,4.7,4.4,4.1,3.8,3.6,3.3,3.0,2.7,2.3,2.0,1.9,1.8,2.0"
 sag_lsf="{{0}{-0.00000}{-1.358}};{{1}{-0.00020}{-1.355}};{{2}{-0.00097}{-1.351}};{{3}{-0.00173}{-1.348}};{{4}{-0.00215}{-1.344}};{{5}{-0.00414}{-1.341}};{{6}{-0.00065}{-1.337}};{{7}{-0.00452}{-1.333}};{{8}{-0.00817}{-1.329}};{{9}{-0.00430}{-1.325}};{{10}{-0.01601}{-1.321}};{{11}{-0.01850}{-1.316}};{{12}{-0.03061}{-1.312}};{{13}{-0.01711}{-1.307}};{{14}{0.00258}{-1.302}};{{15}{0.02010}{-1.297}};{{16}{-0.01957}{-1.291}};{{17}{0.00451}{-1.286}};{{18}{-0.00340}{-1.280}};{{19}{-0.01453}{-1.274}};{{20}{-0.02940}{-1.268}};{{21}{-0.04336}{-1.262}};{{22}{-0.04993}{-1.255}};{{23}{0.00237}{-1.248}};{{24}{0.03252}{-1.241}};{{25}{0.09566}{-1.233}};{{26}{0.05041}{-1.225}};{{27}{0.13676}{-1.217}};{{28}{0.05753}{-1.208}};{{29}{0.04127}{-1.199}};{{30}{0.03896}{-1.189}};{{31}{0.02589}{-1.179}};{{32}{0.12276}{-1.168}};{{33}{0.17626}{-1.157}};{{34}{0.38849}{-1.145}};{{35}{0.27190}{-1.133}};{{36}{0.22129}{-1.120}};{{37}{0.28216}{-1.106}};{{38}{0.27239}{-1.091}};{{39}{0.18846}{-1.075}};{{40}{0.22285}{-1.059}};{{41}{0.21245}{-1.041}};{{42}{0.51009}{-1.022}};{{43}{0.63826}{-1.002}};{{44}{0.93624}{-0.981}};{{45}{1.01672}{-0.958}};{{46}{1.03974}{-0.934}};{{47}{1.11653}{-0.908}};{{48}{1.15114}{-0.880}};{{49}{1.14062}{-0.850}};{{50}{1.26367}{-0.818}};{{51}{1.49480}{-0.783}};{{52}{2.25484}{-0.746}};{{53}{3.28827}{-0.707}};{{54}{4.12676}{-0.664}};{{55}{4.81439}{-0.618}};{{56}{5.35667}{-0.570}};{{57}{6.18304}{-0.517}};{{58}{7.40072}{-0.462}};{{59}{9.96315}{-0.403}};{{60}{15.25088}{-0.342}};{{61}{26.41489}{-0.277}};{{62}{45.78555}{-0.210}};{{63}{71.13358}{-0.141}};{{64}{93.00489}{-0.071}};{{65}{103.86827}{0.000}};{{66}{98.84326}{0.071}};{{67}{84.68475}{0.141}};{{68}{65.85976}{0.210}};{{69}{47.85942}{0.277}};{{70}{32.13853}{0.342}};{{71}{21.03031}{0.403}};{{72}{14.83666}{0.462}};{{73}{11.75153}{0.517}};{{74}{9.92885}{0.570}};{{75}{8.18587}{0.618}};{{76}{6.75740}{0.664}};{{77}{5.35456}{0.707}};{{78}{4.13162}{0.746}};{{79}{3.19998}{0.783}};{{80}{2.07534}{0.818}};{{81}{1.76973}{0.850}};{{82}{1.56139}{0.880}};{{83}{1.65729}{0.908}};{{84}{1.67922}{0.934}};{{85}{1.44727}{0.958}};{{86}{1.49601}{0.981}};{{87}{1.05342}{1.002}};{{88}{0.92305}{1.022}};{{89}{0.74983}{1.041}};{{90}{0.42470}{1.059}};{{91}{0.30871}{1.075}};{{92}{0.44590}{1.091}};{{93}{0.58174}{1.106}};{{94}{0.56695}{1.120}};{{95}{0.63761}{1.133}};{{96}{0.40699}{1.145}};{{97}{0.18991}{1.157}};{{98}{0.11166}{1.168}};{{99}{-0.01394}{1.179}};{{100}{-0.02846}{1.189}};{{101}{-0.05111}{1.199}};{{102}{0.08205}{1.208}};{{103}{0.12517}{1.217}};{{104}{0.24678}{1.225}};{{105}{0.14359}{1.233}};{{106}{0.03799}{1.241}};{{107}{0.01004}{1.248}};{{108}{0.00429}{1.255}};{{109}{-0.07822}{1.262}};{{110}{-0.08134}{1.268}};{{111}{-0.06714}{1.274}};{{112}{-0.04581}{1.280}};{{113}{-0.02893}{1.286}};{{114}{0.02746}{1.291}};{{115}{0.00414}{1.297}};{{116}{-0.02080}{1.302}};{{117}{0.00653}{1.307}};{{118}{-0.05012}{1.312}};{{119}{-0.03236}{1.316}};{{120}{-0.02703}{1.321}};{{121}{-0.01841}{1.325}};{{122}{-0.00622}{1.329}};{{123}{-0.01102}{1.333}};{{124}{-0.00001}{1.337}};{{125}{-0.00668}{1.341}};{{126}{-0.00758}{1.344}};{{127}{-0.00503}{1.348}};{{128}{-0.00254}{1.351}};{{129}{-0.00213}{1.355}};{{130}{-0.00035}{1.358}}"
 tan_lsf="{{0}{-0.00000}{-1.351}};{{1}{-0.00017}{-1.348}};{{2}{-0.00069}{-1.344}};{{3}{-0.00095}{-1.341}};{{4}{-0.00116}{-1.337}};{{5}{-0.00360}{-1.333}};{{6}{-0.00355}{-1.329}};{{7}{0.00106}{-1.325}};{{8}{-0.00954}{-1.321}};{{9}{-0.00940}{-1.316}};{{10}{-0.00462}{-1.312}};{{11}{-0.01557}{-1.307}};{{12}{-0.01325}{-1.302}};{{13}{-0.02863}{-1.297}};{{14}{-0.03474}{-1.291}};{{15}{-0.01625}{-1.286}};{{16}{-0.02262}{-1.280}};{{17}{-0.04280}{-1.274}};{{18}{-0.00559}{-1.268}};{{19}{-0.01914}{-1.262}};{{20}{-0.02128}{-1.255}};{{21}{-0.01500}{-1.248}};{{22}{-0.02216}{-1.241}};{{23}{-0.00016}{-1.233}};{{24}{0.05383}{-1.225}};{{25}{-0.04522}{-1.217}};{{26}{0.04627}{-1.208}};{{27}{0.03567}{-1.199}};{{28}{0.04325}{-1.189}};{{29}{0.07262}{-1.179}};{{30}{0.03808}{-1.168}};{{31}{0.09027}{-1.157}};{{32}{0.15131}{-1.145}};{{33}{0.09131}{-1.133}};{{34}{0.12248}{-1.120}};{{35}{0.26639}{-1.106}};{{36}{0.26035}{-1.091}};{{37}{0.38599}{-1.075}};{{38}{0.18827}{-1.059}};{{39}{0.50126}{-1.041}};{{40}{0.57312}{-1.022}};{{41}{0.61762}{-1.002}};{{42}{0.74816}{-0.981}};{{43}{0.84143}{-0.958}};{{44}{0.93830}{-0.934}};{{45}{1.26384}{-0.908}};{{46}{1.46210}{-0.880}};{{47}{1.74041}{-0.850}};{{48}{2.00393}{-0.818}};{{49}{2.25667}{-0.783}};{{50}{2.95711}{-0.746}};{{51}{3.93845}{-0.707}};{{52}{4.69458}{-0.664}};{{53}{5.69556}{-0.618}};{{54}{6.47733}{-0.570}};{{55}{8.43560}{-0.517}};{{56}{11.17104}{-0.462}};{{57}{14.28494}{-0.403}};{{58}{19.30467}{-0.342}};{{59}{28.97754}{-0.277}};{{60}{41.63416}{-0.210}};{{61}{54.26687}{-0.141}};{{62}{63.94045}{-0.071}};{{63}{70.97685}{0.000}};{{64}{67.94580}{0.071}};{{65}{55.25951}{0.141}};{{66}{39.96881}{0.210}};{{67}{29.15000}{0.277}};{{68}{21.99178}{0.342}};{{69}{15.41160}{0.403}};{{70}{10.45363}{0.462}};{{71}{7.13596}{0.517}};{{72}{5.39041}{0.570}};{{73}{4.23414}{0.618}};{{74}{3.43000}{0.664}};{{75}{3.01734}{0.707}};{{76}{2.88568}{0.746}};{{77}{2.73140}{0.783}};{{78}{2.40577}{0.818}};{{79}{1.97222}{0.850}};{{80}{2.01993}{0.880}};{{81}{1.82400}{0.908}};{{82}{1.64503}{0.934}};{{83}{1.09291}{0.958}};{{84}{0.98701}{0.981}};{{85}{0.85183}{1.002}};{{86}{0.75804}{1.022}};{{87}{0.53335}{1.041}};{{88}{0.47813}{1.059}};{{89}{0.38423}{1.075}};{{90}{0.27189}{1.091}};{{91}{0.20878}{1.106}};{{92}{0.26006}{1.120}};{{93}{0.31787}{1.133}};{{94}{0.25704}{1.145}};{{95}{0.17081}{1.157}};{{96}{0.11779}{1.168}};{{97}{0.25476}{1.179}};{{98}{0.20135}{1.189}};{{99}{0.10657}{1.199}};{{100}{-0.03146}{1.208}};{{101}{0.05890}{1.217}};{{102}{0.12300}{1.225}};{{103}{-0.00162}{1.233}};{{104}{-0.02115}{1.241}};{{105}{-0.00231}{1.248}};{{106}{0.07703}{1.255}};{{107}{0.08000}{1.262}};{{108}{0.08708}{1.268}};{{109}{0.10198}{1.274}};{{110}{0.14667}{1.280}};{{111}{0.14164}{1.286}};{{112}{0.08586}{1.291}};{{113}{0.09226}{1.297}};{{114}{0.00928}{1.302}};{{115}{0.03232}{1.307}};{{116}{-0.03757}{1.312}};{{117}{-0.01090}{1.316}};{{118}{-0.03035}{1.321}};{{119}{-0.03239}{1.325}};{{120}{-0.02531}{1.329}};{{121}{-0.02890}{1.333}};{{122}{-0.03189}{1.337}};{{123}{-0.02152}{1.341}};{{124}{-0.01132}{1.344}};{{125}{-0.01795}{1.348}};{{126}{-0.00710}{1.351}};{{127}{-0.00528}{1.355}};{{128}{-0.00586}{1.358}};{{129}{-0.00587}{1.361}};{{130}{-0.00129}{1.364}};{{131}{-0.00198}{1.367}};{{132}{-0.00075}{1.370}};{{133}{-0.00015}{1.373}}" sag_local_min_freq_1="50.00" sag_local_min_mtf_1="2.4" sag_local_min_freq_limit="23.00" sag_local_min_check_result="good" tan_local_min_freq_1="48.77" tan_local_min_mtf_1="1.9" tan_local_min_freq_limit="23.00" tan_local_min_check_result="good" cra_dx="-0.598" cra_dy="18.085" efficiency="0.00035569"/>
               <camera index="2" shuttertime="458333" mtf_frequency="23.00" sag="2.8" tan="0.3" mean="1.6" max_sag_lsf="0.1" max_tan_lsf="14.8" ray_tilt_x="50.3" ray_tilt_y="1335.6" rel_cross_pos="-8.9,-42.3"
 sag_curve="100.0,86.1,70.1,44.9,25.6,16.3,12.0,11.9,9.0,5.3,11.2,17.5,20.3,20.7,15.3,9.7,3.8,3.3,5.5,5.9,5.9,3.5,1.9,2.8,2.8,1.5,1.0,1.0,1.3,1.6,1.5,1.3,1.1,0.7,0.3,0.0,0.1,0.3,0.7,0.7,0.6,0.4,0.2,0.3,0.3,0.2,0.2,0.3,0.3,0.2,0.4"
 tan_curve="100.0,84.6,67.1,40.0,20.2,13.2,7.7,3.4,1.5,0.5,0.6,0.8,1.1,1.4,1.4,1.5,1.6,1.5,1.4,0.9,0.4,0.4,0.4,0.3,0.4,0.5,0.4,0.3,0.5,0.8,0.5,0.2,0.6,0.8,0.6,0.4,0.2,0.6,1.3,1.2,0.9,1.0,1.0,1.0,1.0,1.1,1.4,2.0,1.8,1.3,1.2"
 sag_lsf="{{0}{0.00000}{-0.818}};{{1}{0.00104}{-0.783}};{{2}{0.00339}{-0.746}};{{3}{0.00763}{-0.707}};{{4}{0.01095}{-0.664}};{{5}{0.01894}{-0.618}};{{6}{0.02329}{-0.570}};{{7}{0.03685}{-0.517}};{{8}{0.04209}{-0.462}};{{9}{0.05515}{-0.403}};{{10}{0.05304}{-0.342}};{{11}{0.08200}{-0.277}};{{12}{0.05705}{-0.210}};{{13}{0.09906}{-0.141}};{{14}{0.06641}{-0.071}};{{15}{0.11412}{0.000}};{{16}{0.06923}{0.071}};{{17}{0.03748}{0.141}};{{18}{0.04079}{0.210}};{{19}{-0.02935}{0.277}};{{20}{-0.00145}{0.342}};{{21}{-0.00453}{0.403}};{{22}{-0.11706}{0.462}};{{23}{-0.04770}{0.517}};{{24}{-0.11257}{0.570}};{{25}{-0.15703}{0.618}};{{26}{-0.28261}{0.664}};{{27}{-0.22278}{0.707}};{{28}{-0.25036}{0.746}};{{29}{-0.32104}{0.783}};{{30}{-0.44202}{0.818}};{{31}{-0.49543}{0.850}};{{32}{-0.79833}{0.880}};{{33}{-0.76846}{0.908}};{{34}{-0.73953}{0.934}};{{35}{-0.97611}{0.958}};{{36}{-1.15940}{0.981}};{{37}{-1.12409}{1.002}};{{38}{-1.19010}{1.022}};{{39}{-1.42587}{1.041}};{{40}{-1.40798}{1.059}};{{41}{-1.53514}{1.075}};{{42}{-1.89450}{1.091}};{{43}{-1.86085}{1.106}};{{44}{-2.15024}{1.120}};{{45}{-2.03904}{1.133}};{{46}{-2.32292}{1.145}};{{47}{-2.37308}{1.157}};{{48}{-2.55465}{1.168}};{{49}{-2.55338}{1.179}};{{50}{-2.83269}{1.189}};{{51}{-2.66613}{1.199}};{{52}{-3.05456}{1.208}};{{53}{-2.60253}{1.217}};{{54}{-2.85851}{1.225}};{{55}{-2.93895}{1.233}};{{56}{-2.82912}{1.241}};{{57}{-2.80451}{1.248}};{{58}{-3.11105}{1.255}};{{59}{-2.95887}{1.262}};{{60}{-2.90202}{1.268}};{{61}{-2.98712}{1.274}};{{62}{-2.95208}{1.280}};{{63}{-3.05380}{1.286}};{{64}{-2.87820}{1.291}};{{65}{-2.80247}{1.297}};{{66}{-2.69347}{1.302}};{{67}{-2.49916}{1.307}};{{68}{-2.63774}{1.312}};{{69}{-2.22954}{1.316}};{{70}{-2.46672}{1.321}};{{71}{-2.13001}{1.325}};{{72}{-1.83802}{1.329}};{{73}{-2.33728}{1.333}};{{74}{-1.75224}{1.337}};{{75}{-1.96651}{1.341}};{{76}{-1.76078}{1.344}};{{77}{-1.77582}{1.348}};{{78}{-2.14410}{1.351}};{{79}{-1.66031}{1.355}};{{80}{-1.66933}{1.358}};{{81}{-1.64901}{1.361}};{{82}{-1.59403}{1.364}};{{83}{-1.50618}{1.367}};{{84}{-1.69171}{1.370}};{{85}{-1.15923}{1.373}};{{86}{-1.20583}{1.375}};{{87}{-1.17099}{1.378}};{{88}{-1.34998}{1.381}};{{89}{-1.12217}{1.383}};{{90}{-1.06865}{1.386}};{{91}{-0.97832}{1.388}};{{92}{-1.04109}{1.390}};{{93}{-0.92190}{1.393}};{{94}{-1.07952}{1.395}};{{95}{-0.89584}{1.397}};{{96}{-0.80808}{1.399}};{{97}{-0.63737}{1.401}};{{98}{-0.59011}{1.403}};{{99}{-0.66036}{1.405}};{{100}{-0.56564}{1.407}};{{101}{-0.72107}{1.409}};{{102}{-0.49487}{1.411}};{{103}{-0.46925}{1.412}};{{104}{-0.32834}{1.414}};{{105}{-0.40691}{1.416}};{{106}{-0.23268}{1.418}};{{107}{-0.25979}{1.419}};{{108}{-0.20605}{1.421}};{{109}{-0.15298}{1.422}};{{110}{-0.08657}{1.424}};{{111}{-0.01679}{1.425}};{{112}{0.01217}{1.427}};{{113}{0.00824}{1.428}};{{114}{0.01855}{1.430}};{{115}{0.02966}{1.431}};{{116}{0.02334}{1.433}};{{117}{0.01335}{1.434}};{{118}{0.06523}{1.435}};{{119}{0.07027}{1.436}};{{120}{0.04466}{1.438}};{{121}{0.06843}{1.439}};{{122}{0.09610}{1.440}};{{123}{0.06956}{1.441}};{{124}{0.06223}{1.443}};{{125}{0.06310}{1.444}};{{126}{0.03788}{1.445}};{{127}{0.04148}{1.446}};{{128}{0.02779}{1.447}};{{129}{0.01293}{1.448}};{{130}{0.01191}{1.449}};{{131}{0.00487}{1.450}};{{132}{0.00204}{1.451}};{{133}{0.00038}{1.452}}"
 tan_lsf="{{0}{-0.00000}{-1.337}};{{1}{-0.00225}{-1.333}};{{2}{-0.01024}{-1.329}};{{3}{-0.02506}{-1.325}};{{4}{-0.04646}{-1.321}};{{5}{-0.07708}{-1.316}};{{6}{-0.11387}{-1.312}};{{7}{-0.14826}{-1.307}};{{8}{-0.18484}{-1.302}};{{9}{-0.22637}{-1.297}};{{10}{-0.25598}{-1.291}};{{11}{-0.21685}{-1.286}};{{12}{-0.22942}{-1.280}};{{13}{-0.12696}{-1.274}};{{14}{-0.01630}{-1.268}};{{15}{0.09818}{-1.262}};{{16}{0.15605}{-1.255}};{{17}{0.21657}{-1.248}};{{18}{0.19353}{-1.241}};{{19}{0.16968}{-1.233}};{{20}{-0.04972}{-1.225}};{{21}{-0.22465}{-1.217}};{{22}{-0.42993}{-1.208}};{{23}{-0.52914}{-1.199}};{{24}{-0.46939}{-1.189}};{{25}{-0.30397}{-1.179}};{{26}{-0.04215}{-1.168}};{{27}{0.60503}{-1.157}};{{28}{0.95223}{-1.145}};{{29}{1.24031}{-1.133}};{{30}{1.35909}{-1.120}};{{31}{1.49018}{-1.106}};{{32}{1.61370}{-1.091}};{{33}{2.09545}{-1.075}};{{34}{2.59282}{-1.059}};{{35}{3.33407}{-1.041}};{{36}{3.91667}{-1.022}};{{37}{4.49575}{-1.002}};{{38}{5.01627}{-0.981}};{{39}{5.60768}{-0.958}};{{40}{6.16256}{-0.934}};{{41}{5.76542}{-0.908}};{{42}{5.41331}{-0.880}};{{43}{4.79473}{-0.850}};{{44}{3.85729}{-0.818}};{{45}{2.99786}{-0.783}};{{46}{2.44414}{-0.746}};{{47}{2.33181}{-0.707}};{{48}{2.45246}{-0.664}};{{49}{2.95285}{-0.618}};{{50}{4.17937}{-0.570}};{{51}{5.40937}{-0.517}};{{52}{6.84120}{-0.462}};{{53}{8.39936}{-0.403}};{{54}{9.83926}{-0.342}};{{55}{11.19096}{-0.277}};{{56}{12.57119}{-0.210}};{{57}{13.97614}{-0.141}};{{58}{14.46000}{-0.071}};{{59}{14.76974}{0.000}};{{60}{14.24612}{0.071}};{{61}{13.50701}{0.141}};{{62}{12.27109}{0.210}};{{63}{11.24403}{0.277}};{{64}{10.59613}{0.342}};{{65}{9.95440}{0.403}};{{66}{9.56732}{0.462}};{{67}{9.31063}{0.517}};{{68}{8.94675}{0.570}};{{69}{8.62595}{0.618}};{{70}{8.31189}{0.664}};{{71}{8.02025}{0.707}};{{72}{8.45086}{0.746}};{{73}{8.96222}{0.783}};{{74}{8.78823}{0.818}};{{75}{9.52855}{0.850}};{{76}{9.98744}{0.880}};{{77}{10.53779}{0.908}};{{78}{9.88339}{0.934}};{{79}{9.65213}{0.958}};{{80}{8.76207}{0.981}};{{81}{7.51779}{1.002}};{{82}{6.21616}{1.022}};{{83}{4.56793}{1.041}};{{84}{2.95324}{1.059}};{{85}{1.69432}{1.075}};{{86}{0.87941}{1.091}};{{87}{0.47868}{1.106}};{{88}{0.50131}{1.120}};{{89}{1.16561}{1.133}};{{90}{2.49093}{1.145}};{{91}{3.11373}{1.157}};{{92}{3.92135}{1.168}};{{93}{4.26415}{1.179}};{{94}{4.32179}{1.189}};{{95}{4.15754}{1.199}};{{96}{4.06920}{1.208}};{{97}{3.41891}{1.217}};{{98}{3.16537}{1.225}};{{99}{2.79706}{1.233}};{{100}{2.47570}{1.241}};{{101}{2.16150}{1.248}};{{102}{2.01933}{1.255}};{{103}{1.67708}{1.262}};{{104}{1.41066}{1.268}};{{105}{1.01706}{1.274}};{{106}{0.73852}{1.280}};{{107}{0.56302}{1.286}};{{108}{0.39254}{1.291}};{{109}{0.35934}{1.297}};{{110}{0.25968}{1.302}};{{111}{0.28958}{1.307}};{{112}{0.21254}{1.312}};{{113}{0.08000}{1.316}};{{114}{-0.04286}{1.321}};{{115}{-0.06958}{1.325}};{{116}{-0.14439}{1.329}};{{117}{-0.06792}{1.333}};{{118}{-0.09670}{1.337}};{{119}{-0.14755}{1.341}};{{120}{-0.16885}{1.344}};{{121}{-0.20284}{1.348}};{{122}{-0.22776}{1.351}};{{123}{-0.22331}{1.355}};{{124}{-0.21511}{1.358}};{{125}{-0.17979}{1.361}};{{126}{-0.15784}{1.364}};{{127}{-0.12717}{1.367}};{{128}{-0.10277}{1.370}};{{129}{-0.07836}{1.373}};{{130}{-0.05489}{1.375}};{{131}{-0.03195}{1.378}};{{132}{-0.01512}{1.381}};{{133}{-0.00414}{1.383}}" sag_local_min_freq_1="8.89" sag_local_min_mtf_1="5.3" sag_local_min_freq_limit="23.00" sag_local_min_check_result="bad" sag_local_min_freq_2="16.69" sag_local_min_mtf_2="3.2" sag_local_min_freq_3="35.47" sag_local_min_mtf_3="0.1" tan_local_min_freq_1="35.85" tan_local_min_mtf_1="0.2" tan_local_min_freq_limit="23.00" tan_local_min_check_result="good" cra_dx="3.317" cra_dy="94.042" efficiency="327.05964995"/>
               <camera index="3" shuttertime="907500" mtf_frequency="23.00" sag="0.0" tan="0.0" mean="0.0" max_sag_lsf="0.2" max_tan_lsf="0.2" ray_tilt_x="-2768.8" ray_tilt_y="-2020.3" rel_cross_pos="-12.6,-147.3"
 sag_curve="100.0,44.9,0.0,0.0,0.0,0.0,0.0,0.0,0.0,0.0,0.0,0.0,0.0,0.0,0.0,0.0,0.0,0.0,0.0,0.0,0.0,0.0,0.0,0.0,0.0,0.0,0.0,0.0,0.0,0.0,0.0,0.0,0.0,0.0,0.0,0.0,0.0,0.0,0.0,0.0,0.0,0.0,0.0,0.0,0.0,0.0,0.0,0.0,0.0,0.0,0.0"
 tan_curve="100.0,44.9,0.0,0.0,0.0,0.0,0.0,0.0,0.0,0.0,0.0,0.0,0.0,0.0,0.0,0.0,0.0,0.0,0.0,0.0,0.0,0.0,0.0,0.0,0.0,0.0,0.0,0.0,0.0,0.0,0.0,0.0,0.0,0.0,0.0,0.0,0.0,0.0,0.0,0.0,0.0,0.0,0.0,0.0,0.0,0.0,0.0,0.0,0.0,0.0,0.0"
 sag_lsf="{{0}{-0.00000}{-1.316}};{{1}{0.00010}{-1.312}};{{2}{0.00014}{-1.307}};{{3}{0.00000}{-1.302}};{{4}{-0.00013}{-1.297}};{{5}{-0.00094}{-1.291}};{{6}{-0.00042}{-1.286}};{{7}{-0.00430}{-1.280}};{{8}{-0.00043}{-1.274}};{{9}{0.00256}{-1.268}};{{10}{0.00402}{-1.262}};{{11}{0.01350}{-1.255}};{{12}{0.01483}{-1.248}};{{13}{-0.00370}{-1.241}};{{14}{0.01280}{-1.233}};{{15}{-0.00105}{-1.225}};{{16}{0.00097}{-1.217}};{{17}{-0.00119}{-1.208}};{{18}{-0.01953}{-1.199}};{{19}{-0.01718}{-1.189}};{{20}{0.01935}{-1.179}};{{21}{0.02475}{-1.168}};{{22}{-0.01456}{-1.157}};{{23}{0.01099}{-1.145}};{{24}{-0.00790}{-1.133}};{{25}{-0.01785}{-1.120}};{{26}{0.04211}{-1.106}};{{27}{-0.05807}{-1.091}};{{28}{-0.03848}{-1.075}};{{29}{-0.07126}{-1.059}};{{30}{0.01557}{-1.041}};{{31}{0.04399}{-1.022}};{{32}{-0.00385}{-1.002}};{{33}{0.01508}{-0.981}};{{34}{-0.00373}{-0.958}};{{35}{0.06662}{-0.934}};{{36}{0.01371}{-0.908}};{{37}{-0.13799}{-0.880}};{{38}{-0.05916}{-0.850}};{{39}{-0.00304}{-0.818}};{{40}{-0.00284}{-0.783}};{{41}{0.09045}{-0.746}};{{42}{-0.03435}{-0.707}};{{43}{0.11327}{-0.664}};{{44}{-0.04697}{-0.618}};{{45}{0.01014}{-0.570}};{{46}{0.01671}{-0.517}};{{47}{0.15751}{-0.462}};{{48}{0.02450}{-0.403}};{{49}{0.05083}{-0.342}};{{50}{-0.01255}{-0.277}};{{51}{0.11296}{-0.210}};{{52}{0.03480}{-0.141}};{{53}{0.02215}{-0.071}};{{54}{0.18872}{0.000}};{{55}{0.10063}{0.071}};{{56}{-0.01105}{0.141}};{{57}{0.08232}{0.210}};{{58}{0.05465}{0.277}};{{59}{-0.00271}{0.342}};{{60}{-0.08293}{0.403}};{{61}{0.14571}{0.462}};{{62}{-0.01617}{0.517}};{{63}{0.12552}{0.570}};{{64}{0.17100}{0.618}};{{65}{0.09705}{0.664}};{{66}{0.11990}{0.707}};{{67}{0.02334}{0.746}};{{68}{-0.05060}{0.783}};{{69}{0.09083}{0.818}};{{70}{0.09825}{0.850}};{{71}{0.06148}{0.880}};{{72}{-0.04045}{0.908}};{{73}{-0.12635}{0.934}};{{74}{0.15439}{0.958}};{{75}{-0.01675}{0.981}};{{76}{-0.05811}{1.002}};{{77}{-0.13293}{1.022}};{{78}{-0.00120}{1.041}};{{79}{0.09314}{1.059}};{{80}{-0.02012}{1.075}};{{81}{-0.03231}{1.091}};{{82}{0.07673}{1.106}};{{83}{0.16268}{1.120}};{{84}{-0.07183}{1.133}};{{85}{0.00752}{1.145}};{{86}{-0.06190}{1.157}};{{87}{0.00785}{1.168}};{{88}{0.02446}{1.179}};{{89}{-0.05058}{1.189}};{{90}{-0.03319}{1.199}};{{91}{0.00821}{1.208}};{{92}{-0.02076}{1.217}};{{93}{-0.09896}{1.225}};{{94}{-0.09947}{1.233}};{{95}{-0.00908}{1.241}};{{96}{-0.05391}{1.248}};{{97}{-0.05925}{1.255}};{{98}{-0.05633}{1.262}};{{99}{-0.03185}{1.268}};{{100}{-0.00954}{1.274}};{{101}{-0.04449}{1.280}};{{102}{-0.04493}{1.286}};{{103}{0.06181}{1.291}};{{104}{0.01482}{1.297}};{{105}{0.07257}{1.302}};{{106}{0.02278}{1.307}};{{107}{-0.01625}{1.312}};{{108}{0.00146}{1.316}};{{109}{0.00525}{1.321}};{{110}{-0.01071}{1.325}};{{111}{0.01732}{1.329}};{{112}{-0.02028}{1.333}};{{113}{0.01571}{1.337}};{{114}{0.00714}{1.341}};{{115}{0.00853}{1.344}};{{116}{-0.00258}{1.348}};{{117}{-0.00059}{1.351}};{{118}{0.00235}{1.355}};{{119}{-0.00457}{1.358}};{{120}{0.00582}{1.361}};{{121}{-0.00272}{1.364}};{{122}{-0.00493}{1.367}};{{123}{-0.00118}{1.370}};{{124}{0.00182}{1.373}};{{125}{0.00150}{1.375}};{{126}{0.00180}{1.378}};{{127}{0.00061}{1.381}};{{128}{0.00008}{1.383}};{{129}{0.00052}{1.386}};{{130}{-0.00001}{1.388}}"
 tan_lsf="{{0}{-0.00000}{-1.168}};{{1}{-0.00004}{-1.157}};{{2}{0.00006}{-1.145}};{{3}{-0.00002}{-1.133}};{{4}{0.00076}{-1.120}};{{5}{-0.00090}{-1.106}};{{6}{-0.00159}{-1.091}};{{7}{0.00314}{-1.075}};{{8}{-0.00095}{-1.059}};{{9}{0.00249}{-1.041}};{{10}{0.00102}{-1.022}};{{11}{0.00074}{-1.002}};{{12}{0.00500}{-0.981}};{{13}{-0.00033}{-0.958}};{{14}{-0.00989}{-0.934}};{{15}{-0.01853}{-0.908}};{{16}{0.01697}{-0.880}};{{17}{0.00296}{-0.850}};{{18}{-0.00564}{-0.818}};{{19}{-0.00197}{-0.783}};{{20}{-0.02241}{-0.746}};{{21}{-0.02279}{-0.707}};{{22}{-0.01921}{-0.664}};{{23}{0.04563}{-0.618}};{{24}{-0.01805}{-0.570}};{{25}{0.00865}{-0.517}};{{26}{0.01682}{-0.462}};{{27}{-0.02742}{-0.403}};{{28}{0.03626}{-0.342}};{{29}{-0.07010}{-0.277}};{{30}{0.02486}{-0.210}};{{31}{-0.00741}{-0.141}};{{32}{0.01709}{-0.071}};{{33}{0.15220}{0.000}};{{34}{0.02285}{0.071}};{{35}{-0.04140}{0.141}};{{36}{0.08049}{0.210}};{{37}{0.02618}{0.277}};{{38}{-0.00964}{0.342}};{{39}{-0.05304}{0.403}};{{40}{0.03446}{0.462}};{{41}{-0.01047}{0.517}};{{42}{0.03166}{0.570}};{{43}{0.06549}{0.618}};{{44}{-0.02244}{0.664}};{{45}{0.00591}{0.707}};{{46}{-0.05904}{0.746}};{{47}{0.07931}{0.783}};{{48}{0.08126}{0.818}};{{49}{0.06409}{0.850}};{{50}{0.02012}{0.880}};{{51}{0.01401}{0.908}};{{52}{0.11529}{0.934}};{{53}{-0.09473}{0.958}};{{54}{0.03589}{0.981}};{{55}{0.02243}{1.002}};{{56}{0.02283}{1.022}};{{57}{-0.04177}{1.041}};{{58}{0.03088}{1.059}};{{59}{0.13445}{1.075}};{{60}{0.09854}{1.091}};{{61}{-0.06526}{1.106}};{{62}{0.02481}{1.120}};{{63}{-0.01278}{1.133}};{{64}{0.04046}{1.145}};{{65}{-0.02024}{1.157}};{{66}{-0.01252}{1.168}};{{67}{-0.10401}{1.179}};{{68}{-0.07331}{1.189}};{{69}{0.00310}{1.199}};{{70}{0.03360}{1.208}};{{71}{-0.04208}{1.217}};{{72}{-0.02669}{1.225}};{{73}{-0.19105}{1.233}};{{74}{-0.13755}{1.241}};{{75}{-0.06261}{1.248}};{{76}{0.07677}{1.255}};{{77}{-0.01058}{1.262}};{{78}{-0.11740}{1.268}};{{79}{0.01104}{1.274}};{{80}{-0.02374}{1.280}};{{81}{-0.04379}{1.286}};{{82}{0.13869}{1.291}};{{83}{0.05704}{1.297}};{{84}{0.07551}{1.302}};{{85}{-0.00215}{1.307}};{{86}{-0.08903}{1.312}};{{87}{-0.07475}{1.316}};{{88}{-0.03729}{1.321}};{{89}{-0.12867}{1.325}};{{90}{-0.13073}{1.329}};{{91}{-0.06686}{1.333}};{{92}{-0.00120}{1.337}};{{93}{-0.07805}{1.341}};{{94}{0.04866}{1.344}};{{95}{-0.08229}{1.348}};{{96}{0.01310}{1.351}};{{97}{0.00823}{1.355}};{{98}{0.01650}{1.358}};{{99}{0.00770}{1.361}};{{100}{-0.08242}{1.364}};{{101}{-0.04131}{1.367}};{{102}{-0.08540}{1.370}};{{103}{0.02679}{1.373}};{{104}{0.05098}{1.375}};{{105}{0.03615}{1.378}};{{106}{0.03127}{1.381}};{{107}{0.00805}{1.383}};{{108}{0.01759}{1.386}};{{109}{0.00244}{1.388}};{{110}{0.00448}{1.390}};{{111}{0.00016}{1.393}};{{112}{0.01503}{1.395}};{{113}{0.01724}{1.397}};{{114}{-0.02631}{1.399}};{{115}{0.00020}{1.401}};{{116}{0.00020}{1.403}};{{117}{-0.01705}{1.405}};{{118}{-0.00698}{1.407}};{{119}{-0.00344}{1.409}};{{120}{0.00097}{1.411}};{{121}{0.00222}{1.412}};{{122}{0.00015}{1.414}};{{123}{0.00063}{1.416}};{{124}{-0.00235}{1.418}};{{125}{0.00077}{1.419}};{{126}{0.00460}{1.421}};{{127}{-0.00034}{1.422}};{{128}{-0.00160}{1.424}};{{129}{-0.00080}{1.425}};{{130}{-0.00018}{1.427}};{{131}{0.00017}{1.428}};{{132}{0.00028}{1.430}};{{133}{-0.00001}{1.431}}" sag_local_min_freq_1="2.50" sag_local_min_mtf_1="0.0" sag_local_min_freq_limit="23.00" sag_local_min_check_result="bad" tan_local_min_freq_1="2.50" tan_local_min_mtf_1="0.0" tan_local_min_freq_limit="23.00" tan_local_min_check_result="bad" cra_dx="-188.774" cra_dy="-134.620" efficiency="1.09529154"/>
               <camera index="4" shuttertime="5776906" mtf_frequency="23.00" sag="0.0" tan="0.0" mean="0.0" max_sag_lsf="0.2" max_tan_lsf="0.2" ray_tilt_x="-436.8" ray_tilt_y="-1230.7" rel_cross_pos="-48.8,15.8"
 sag_curve="100.0,44.9,0.0,0.0,0.0,0.0,0.0,0.0,0.0,0.0,0.0,0.0,0.0,0.0,0.0,0.0,0.0,0.0,0.0,0.0,0.0,0.0,0.0,0.0,0.0,0.0,0.0,0.0,0.0,0.0,0.0,0.0,0.0,0.0,0.0,0.0,0.0,0.0,0.0,0.0,0.0,0.0,0.0,0.0,0.0,0.0,0.0,0.0,0.0,0.0,0.0"
 tan_curve="100.0,44.9,0.0,0.0,0.0,0.0,0.0,0.0,0.0,0.0,0.0,0.0,0.0,0.0,0.0,0.0,0.0,0.0,0.0,0.0,0.0,0.0,0.0,0.0,0.0,0.0,0.0,0.0,0.0,0.0,0.0,0.0,0.0,0.0,0.0,0.0,0.0,0.0,0.0,0.0,0.0,0.0,0.0,0.0,0.0,0.0,0.0,0.0,0.0,0.0,0.0"
 sag_lsf="{{0}{0.00000}{-1.367}};{{1}{0.00002}{-1.364}};{{2}{-0.00002}{-1.361}};{{3}{0.00006}{-1.358}};{{4}{-0.00016}{-1.355}};{{5}{0.00127}{-1.351}};{{6}{-0.00200}{-1.348}};{{7}{-0.00015}{-1.344}};{{8}{-0.00229}{-1.341}};{{9}{0.00101}{-1.337}};{{10}{0.00685}{-1.333}};{{11}{-0.00004}{-1.329}};{{12}{-0.00699}{-1.325}};{{13}{0.00521}{-1.321}};{{14}{0.00052}{-1.316}};{{15}{-0.00567}{-1.312}};{{16}{-0.00250}{-1.307}};{{17}{0.00497}{-1.302}};{{18}{-0.01209}{-1.297}};{{19}{0.00174}{-1.291}};{{20}{-0.00583}{-1.286}};{{21}{0.02516}{-1.280}};{{22}{-0.03266}{-1.274}};{{23}{0.00576}{-1.268}};{{24}{0.03152}{-1.262}};{{25}{0.00630}{-1.255}};{{26}{-0.00813}{-1.248}};{{27}{0.01199}{-1.241}};{{28}{0.01531}{-1.233}};{{29}{0.01306}{-1.225}};{{30}{0.01043}{-1.217}};{{31}{0.01074}{-1.208}};{{32}{-0.03755}{-1.199}};{{33}{0.04771}{-1.189}};{{34}{0.01149}{-1.179}};{{35}{-0.08017}{-1.168}};{{36}{-0.05067}{-1.157}};{{37}{-0.00972}{-1.145}};{{38}{-0.04208}{-1.133}};{{39}{0.04961}{-1.120}};{{40}{-0.06544}{-1.106}};{{41}{-0.02796}{-1.091}};{{42}{0.06911}{-1.075}};{{43}{-0.05200}{-1.059}};{{44}{-0.05947}{-1.041}};{{45}{0.12477}{-1.022}};{{46}{-0.03471}{-1.002}};{{47}{0.01145}{-0.981}};{{48}{0.10237}{-0.958}};{{49}{-0.11949}{-0.934}};{{50}{0.04867}{-0.908}};{{51}{-0.05431}{-0.880}};{{52}{0.04283}{-0.850}};{{53}{0.08979}{-0.818}};{{54}{0.06346}{-0.783}};{{55}{0.13266}{-0.746}};{{56}{0.04311}{-0.707}};{{57}{-0.09111}{-0.664}};{{58}{-0.10695}{-0.618}};{{59}{0.02830}{-0.570}};{{60}{0.02793}{-0.517}};{{61}{-0.22854}{-0.462}};{{62}{-0.03917}{-0.403}};{{63}{-0.04738}{-0.342}};{{64}{-0.01105}{-0.277}};{{65}{0.11489}{-0.210}};{{66}{-0.07947}{-0.141}};{{67}{0.12136}{-0.071}};{{68}{0.18034}{0.000}};{{69}{-0.08119}{0.071}};{{70}{0.06693}{0.141}};{{71}{-0.04490}{0.210}};{{72}{0.04303}{0.277}};{{73}{-0.18463}{0.342}};{{74}{-0.03864}{0.403}};{{75}{-0.10375}{0.462}};{{76}{0.06075}{0.517}};{{77}{-0.11698}{0.570}};{{78}{0.02335}{0.618}};{{79}{-0.09461}{0.664}};{{80}{0.10988}{0.707}};{{81}{-0.01941}{0.746}};{{82}{0.03298}{0.783}};{{83}{-0.10382}{0.818}};{{84}{-0.02632}{0.850}};{{85}{0.12275}{0.880}};{{86}{0.02845}{0.908}};{{87}{0.08669}{0.934}};{{88}{-0.04918}{0.958}};{{89}{-0.03145}{0.981}};{{90}{-0.04205}{1.002}};{{91}{-0.05732}{1.022}};{{92}{0.13561}{1.041}};{{93}{-0.00954}{1.059}};{{94}{0.09224}{1.075}};{{95}{0.02309}{1.091}};{{96}{0.00834}{1.106}};{{97}{0.03371}{1.120}};{{98}{0.03202}{1.133}};{{99}{-0.08147}{1.145}};{{100}{-0.03622}{1.157}};{{101}{-0.02393}{1.168}};{{102}{0.01162}{1.179}};{{103}{0.02065}{1.189}};{{104}{-0.03065}{1.199}};{{105}{0.01504}{1.208}};{{106}{-0.03053}{1.217}};{{107}{-0.00018}{1.225}};{{108}{0.01675}{1.233}};{{109}{-0.00282}{1.241}};{{110}{-0.03253}{1.248}};{{111}{-0.02046}{1.255}};{{112}{-0.00088}{1.262}};{{113}{-0.02596}{1.268}};{{114}{0.01425}{1.274}};{{115}{-0.01903}{1.280}};{{116}{-0.00102}{1.286}};{{117}{0.00348}{1.291}};{{118}{-0.00599}{1.297}};{{119}{0.01854}{1.302}};{{120}{-0.00477}{1.307}};{{121}{0.01396}{1.312}};{{122}{-0.00478}{1.316}};{{123}{0.00369}{1.321}};{{124}{-0.00462}{1.325}};{{125}{0.00440}{1.329}};{{126}{0.00269}{1.333}};{{127}{-0.00134}{1.337}};{{128}{-0.00129}{1.341}};{{129}{-0.00009}{1.344}};{{130}{0.00059}{1.348}};{{131}{0.00015}{1.351}};{{132}{-0.00008}{1.355}};{{133}{0.00004}{1.358}}"
 tan_lsf="{{0}{-0.00000}{-1.361}};{{1}{0.00001}{-1.358}};{{2}{-0.00011}{-1.355}};{{3}{-0.00012}{-1.351}};{{4}{-0.00140}{-1.348}};{{5}{-0.00085}{-1.344}};{{6}{0.00113}{-1.341}};{{7}{0.00075}{-1.337}};{{8}{-0.00005}{-1.333}};{{9}{0.00159}{-1.329}};{{10}{-0.00528}{-1.325}};{{11}{-0.01557}{-1.321}};{{12}{-0.00750}{-1.316}};{{13}{-0.00470}{-1.312}};{{14}{0.00546}{-1.307}};{{15}{0.01512}{-1.302}};{{16}{0.01515}{-1.297}};{{17}{-0.00657}{-1.291}};{{18}{0.00150}{-1.286}};{{19}{0.00033}{-1.280}};{{20}{0.02937}{-1.274}};{{21}{0.00553}{-1.268}};{{22}{0.01335}{-1.262}};{{23}{0.03619}{-1.255}};{{24}{-0.02244}{-1.248}};{{25}{-0.00349}{-1.241}};{{26}{-0.01343}{-1.233}};{{27}{0.02755}{-1.225}};{{28}{0.02387}{-1.217}};{{29}{-0.05715}{-1.208}};{{30}{0.07388}{-1.199}};{{31}{0.02539}{-1.189}};{{32}{-0.01129}{-1.179}};{{33}{0.04294}{-1.168}};{{34}{-0.01977}{-1.157}};{{35}{-0.04448}{-1.145}};{{36}{0.00375}{-1.133}};{{37}{-0.02197}{-1.120}};{{38}{0.05406}{-1.106}};{{39}{0.00945}{-1.091}};{{40}{0.00028}{-1.075}};{{41}{-0.05470}{-1.059}};{{42}{0.01106}{-1.041}};{{43}{0.03296}{-1.022}};{{44}{0.04513}{-1.002}};{{45}{0.00707}{-0.981}};{{46}{0.04805}{-0.958}};{{47}{-0.08118}{-0.934}};{{48}{-0.08891}{-0.908}};{{49}{0.05844}{-0.880}};{{50}{0.04721}{-0.850}};{{51}{-0.02270}{-0.818}};{{52}{0.07581}{-0.783}};{{53}{0.00378}{-0.746}};{{54}{-0.06380}{-0.707}};{{55}{0.03887}{-0.664}};{{56}{0.11640}{-0.618}};{{57}{0.08275}{-0.570}};{{58}{-0.01598}{-0.517}};{{59}{-0.09508}{-0.462}};{{60}{-0.16097}{-0.403}};{{61}{0.02837}{-0.342}};{{62}{0.16868}{-0.277}};{{63}{-0.04471}{-0.210}};{{64}{-0.03716}{-0.141}};{{65}{-0.09655}{-0.071}};{{66}{0.23176}{0.000}};{{67}{0.16502}{0.071}};{{68}{0.05334}{0.141}};{{69}{-0.05815}{0.210}};{{70}{0.06111}{0.277}};{{71}{-0.05719}{0.342}};{{72}{0.00963}{0.403}};{{73}{0.14886}{0.462}};{{74}{-0.01899}{0.517}};{{75}{0.08230}{0.570}};{{76}{0.05326}{0.618}};{{77}{0.06003}{0.664}};{{78}{-0.01017}{0.707}};{{79}{-0.12686}{0.746}};{{80}{-0.13160}{0.783}};{{81}{0.10472}{0.818}};{{82}{-0.02171}{0.850}};{{83}{0.01123}{0.880}};{{84}{0.07465}{0.908}};{{85}{0.09823}{0.934}};{{86}{-0.11027}{0.958}};{{87}{0.09439}{0.981}};{{88}{0.12711}{1.002}};{{89}{0.01679}{1.022}};{{90}{-0.05489}{1.041}};{{91}{0.07502}{1.059}};{{92}{-0.04097}{1.075}};{{93}{0.05583}{1.091}};{{94}{-0.01374}{1.106}};{{95}{-0.01308}{1.120}};{{96}{-0.01694}{1.133}};{{97}{-0.08558}{1.145}};{{98}{0.01802}{1.157}};{{99}{0.02541}{1.168}};{{100}{0.01299}{1.179}};{{101}{-0.06762}{1.189}};{{102}{-0.00874}{1.199}};{{103}{0.05114}{1.208}};{{104}{0.03921}{1.217}};{{105}{0.00471}{1.225}};{{106}{-0.02603}{1.233}};{{107}{0.00699}{1.241}};{{108}{0.02866}{1.248}};{{109}{0.02456}{1.255}};{{110}{-0.00044}{1.262}};{{111}{-0.05936}{1.268}};{{112}{0.01429}{1.274}};{{113}{-0.01349}{1.280}};{{114}{0.01364}{1.286}};{{115}{-0.03465}{1.291}};{{116}{-0.00998}{1.297}};{{117}{-0.01678}{1.302}};{{118}{0.00111}{1.307}};{{119}{-0.01227}{1.312}};{{120}{0.00014}{1.316}};{{121}{0.00284}{1.321}};{{122}{-0.00560}{1.325}};{{123}{0.00840}{1.329}};{{124}{0.00497}{1.333}};{{125}{0.00111}{1.337}};{{126}{0.00115}{1.341}};{{127}{0.00089}{1.344}};{{128}{0.00125}{1.348}};{{129}{0.00108}{1.351}};{{130}{0.00069}{1.355}};{{131}{0.00028}{1.358}};{{132}{0.00003}{1.361}};{{133}{-0.00001}{1.364}}" sag_local_min_freq_1="2.50" sag_local_min_mtf_1="0.0" sag_local_min_freq_limit="23.00" sag_local_min_check_result="bad" tan_local_min_freq_1="2.50" tan_local_min_mtf_1="0.0" tan_local_min_freq_limit="23.00" tan_local_min_check_result="bad" cra_dx="-29.874" cra_dy="-80.815" efficiency="0.87832989"/>
               <camera index="5" shuttertime="634615" mtf_frequency="23.00" sag="0.0" tan="0.0" mean="0.0" max_sag_lsf="801.0" max_tan_lsf="0.3" ray_tilt_x="5572.3" ray_tilt_y="1662.0" rel_cross_pos="98.1,86.2"
 sag_curve="100.0,44.9,0.0,0.0,0.0,0.0,0.0,0.0,0.0,0.0,0.0,0.0,0.0,0.0,0.0,0.0,0.0,0.0,0.0,0.0,0.0,0.0,0.0,0.0,0.0,0.0,0.0,0.0,0.0,0.0,0.0,0.0,0.0,0.0,0.0,0.0,0.0,0.0,0.0,0.0,0.0,0.0,0.0,0.0,0.0,0.0,0.0,0.0,0.0,0.0,0.0"
 tan_curve="100.0,0.0,0.0,0.0,0.0,0.0,0.0,0.0,0.0,0.0,0.0,0.0,0.0,0.0,0.0,0.0,0.0,0.0,0.0,0.0,0.0,0.0,0.0,0.0,0.0,0.0,0.0,0.0,0.0,0.0,0.0,0.0,0.0,0.0,0.0,0.0,0.0,0.0,0.0,0.0,0.0,0.0,0.0,0.0,0.0,0.0,0.0,0.0,0.0,0.0,0.0"
 sag_lsf="{{0}{0.00000}{0.000}};{{1}{0.00000}{0.071}};{{2}{0.00000}{0.141}};{{3}{0.00000}{0.210}};{{4}{0.00000}{0.277}};{{5}{0.00000}{0.342}};{{6}{0.00000}{0.403}};{{7}{0.00000}{0.462}};{{8}{0.00000}{0.517}};{{9}{0.00000}{0.570}};{{10}{0.00000}{0.618}};{{11}{0.00000}{0.664}};{{12}{0.00000}{0.707}};{{13}{0.00000}{0.746}};{{14}{0.00000}{0.783}};{{15}{0.00000}{0.818}};{{16}{0.00000}{0.850}};{{17}{0.00000}{0.880}};{{18}{0.00000}{0.908}};{{19}{0.00000}{0.934}};{{20}{0.00000}{0.958}};{{21}{0.00000}{0.981}};{{22}{0.00000}{1.002}};{{23}{0.00000}{1.022}};{{24}{0.00000}{1.041}};{{25}{0.00000}{1.059}};{{26}{0.00000}{1.075}};{{27}{0.00000}{1.091}};{{28}{0.00000}{1.106}};{{29}{0.00000}{1.120}};{{30}{0.00000}{1.133}};{{31}{0.00000}{1.145}};{{32}{0.00000}{1.157}};{{33}{0.00000}{1.168}};{{34}{0.00000}{1.179}};{{35}{0.00000}{1.189}};{{36}{0.00000}{1.199}};{{37}{0.00000}{1.208}};{{38}{0.00000}{1.217}};{{39}{0.00000}{1.225}};{{40}{0.00000}{1.233}};{{41}{0.00000}{1.241}};{{42}{0.00000}{1.248}};{{43}{0.00000}{1.255}};{{44}{0.00000}{1.262}};{{45}{0.00000}{1.268}};{{46}{0.00000}{1.274}};{{47}{0.00000}{1.280}};{{48}{0.00000}{1.286}};{{49}{0.00000}{1.291}};{{50}{0.00000}{1.297}};{{51}{0.00000}{1.302}};{{52}{0.00000}{1.307}};{{53}{0.00000}{1.312}};{{54}{0.00000}{1.316}};{{55}{0.00000}{1.321}};{{56}{0.00000}{1.325}};{{57}{0.00000}{1.329}};{{58}{0.00000}{1.333}};{{59}{0.00000}{1.337}};{{60}{0.00000}{1.341}};{{61}{0.00000}{1.344}};{{62}{0.00000}{1.348}};{{63}{0.00000}{1.351}};{{64}{0.00000}{1.355}};{{65}{0.00000}{1.358}};{{66}{0.00000}{1.361}};{{67}{0.00000}{1.364}};{{68}{0.00000}{1.367}};{{69}{0.00000}{1.370}};{{70}{0.00000}{1.373}};{{71}{0.00000}{1.375}};{{72}{0.00000}{1.378}};{{73}{0.00000}{1.381}};{{74}{0.00000}{1.383}};{{75}{0.00000}{1.386}};{{76}{0.00000}{1.388}};{{77}{0.00000}{1.390}};{{78}{0.00000}{1.393}};{{79}{0.00000}{1.395}};{{80}{0.00000}{1.397}};{{81}{0.00000}{1.399}};{{82}{0.00000}{1.401}};{{83}{0.00000}{1.403}};{{84}{0.00000}{1.405}};{{85}{0.00000}{1.407}};{{86}{0.00000}{1.409}};{{87}{0.00000}{1.411}};{{88}{0.00000}{1.412}};{{89}{0.00000}{1.414}};{{90}{0.00000}{1.416}};{{91}{0.00000}{1.418}};{{92}{0.00000}{1.419}};{{93}{0.00000}{1.421}};{{94}{0.00000}{1.422}};{{95}{0.00000}{1.424}};{{96}{0.00000}{1.425}};{{97}{0.00000}{1.427}};{{98}{0.00000}{1.428}};{{99}{0.00000}{1.430}};{{100}{0.00000}{1.431}};{{101}{0.00000}{1.433}};{{102}{0.00000}{1.434}};{{103}{0.00000}{1.435}};{{104}{0.00000}{1.436}};{{105}{0.00000}{1.438}};{{106}{0.00000}{1.439}};{{107}{0.00000}{1.440}};{{108}{0.00000}{1.441}};{{109}{0.00000}{1.443}};{{110}{0.00000}{1.444}};{{111}{0.00000}{1.445}};{{112}{0.00000}{1.446}};{{113}{0.00000}{1.447}};{{114}{0.00000}{1.448}};{{115}{0.00000}{1.449}};{{116}{0.00000}{1.450}};{{117}{0.00000}{1.451}};{{118}{0.00000}{1.452}};{{119}{0.00000}{1.453}};{{120}{0.00000}{1.454}};{{121}{0.00000}{1.455}};{{122}{0.00000}{1.456}};{{123}{0.00000}{1.457}};{{124}{0.00000}{1.458}};{{125}{0.00000}{1.459}};{{126}{0.00000}{1.460}};{{127}{0.00000}{1.461}};{{128}{0.00000}{1.461}};{{129}{0.00000}{1.462}};{{130}{0.00000}{1.463}}"
 tan_lsf="{{0}{-0.00000}{-1.378}};{{1}{-0.00001}{-1.375}};{{2}{0.00033}{-1.373}};{{3}{-0.00060}{-1.370}};{{4}{-0.00085}{-1.367}};{{5}{-0.00194}{-1.364}};{{6}{-0.00141}{-1.361}};{{7}{-0.00187}{-1.358}};{{8}{0.00026}{-1.355}};{{9}{-0.00263}{-1.351}};{{10}{0.00055}{-1.348}};{{11}{-0.00223}{-1.344}};{{12}{0.00452}{-1.341}};{{13}{-0.00009}{-1.337}};{{14}{0.00083}{-1.333}};{{15}{0.02556}{-1.329}};{{16}{-0.00369}{-1.325}};{{17}{0.01330}{-1.321}};{{18}{-0.02081}{-1.316}};{{19}{-0.01853}{-1.312}};{{20}{-0.02167}{-1.307}};{{21}{-0.01658}{-1.302}};{{22}{-0.03073}{-1.297}};{{23}{0.02139}{-1.291}};{{24}{-0.04387}{-1.286}};{{25}{0.00229}{-1.280}};{{26}{-0.02463}{-1.274}};{{27}{-0.01514}{-1.268}};{{28}{0.00714}{-1.262}};{{29}{0.00509}{-1.255}};{{30}{0.00595}{-1.248}};{{31}{0.04732}{-1.241}};{{32}{0.05399}{-1.233}};{{33}{0.02755}{-1.225}};{{34}{0.03347}{-1.217}};{{35}{0.04798}{-1.208}};{{36}{0.00393}{-1.199}};{{37}{0.00931}{-1.189}};{{38}{0.09820}{-1.179}};{{39}{0.03090}{-1.168}};{{40}{0.07258}{-1.157}};{{41}{-0.02154}{-1.145}};{{42}{0.03168}{-1.133}};{{43}{-0.14114}{-1.120}};{{44}{0.06932}{-1.106}};{{45}{0.11847}{-1.091}};{{46}{-0.01965}{-1.075}};{{47}{-0.01299}{-1.059}};{{48}{-0.03085}{-1.041}};{{49}{-0.03041}{-1.022}};{{50}{-0.01044}{-1.002}};{{51}{-0.08878}{-0.981}};{{52}{0.09246}{-0.958}};{{53}{-0.02792}{-0.934}};{{54}{0.10485}{-0.908}};{{55}{0.14986}{-0.880}};{{56}{0.11739}{-0.850}};{{57}{0.06950}{-0.818}};{{58}{0.10803}{-0.783}};{{59}{0.06614}{-0.746}};{{60}{-0.01372}{-0.707}};{{61}{0.07730}{-0.664}};{{62}{0.02640}{-0.618}};{{63}{0.17919}{-0.570}};{{64}{-0.09982}{-0.517}};{{65}{0.13737}{-0.462}};{{66}{-0.02128}{-0.403}};{{67}{0.08693}{-0.342}};{{68}{0.06534}{-0.277}};{{69}{0.14274}{-0.210}};{{70}{-0.16774}{-0.141}};{{71}{0.01584}{-0.071}};{{72}{0.25049}{0.000}};{{73}{0.08565}{0.071}};{{74}{0.16065}{0.141}};{{75}{0.11640}{0.210}};{{76}{-0.17536}{0.277}};{{77}{0.00831}{0.342}};{{78}{0.17362}{0.403}};{{79}{-0.05986}{0.462}};{{80}{-0.00222}{0.517}};{{81}{-0.05571}{0.570}};{{82}{-0.07379}{0.618}};{{83}{0.08069}{0.664}};{{84}{0.09975}{0.707}};{{85}{0.04168}{0.746}};{{86}{0.00459}{0.783}};{{87}{0.01163}{0.818}};{{88}{0.04203}{0.850}};{{89}{-0.01001}{0.880}};{{90}{0.01935}{0.908}};{{91}{-0.00208}{0.934}};{{92}{-0.02227}{0.958}};{{93}{-0.02580}{0.981}};{{94}{-0.08362}{1.002}};{{95}{-0.04635}{1.022}};{{96}{0.07156}{1.041}};{{97}{0.01633}{1.059}};{{98}{-0.00489}{1.075}};{{99}{-0.00396}{1.091}};{{100}{-0.04998}{1.106}};{{101}{0.07225}{1.120}};{{102}{0.00553}{1.133}};{{103}{0.00248}{1.145}};{{104}{0.04442}{1.157}};{{105}{0.00027}{1.168}};{{106}{-0.02484}{1.179}};{{107}{0.00385}{1.189}};{{108}{-0.06601}{1.199}};{{109}{-0.00282}{1.208}};{{110}{0.02166}{1.217}};{{111}{-0.03191}{1.225}};{{112}{0.00803}{1.233}};{{113}{0.05202}{1.241}};{{114}{0.02288}{1.248}};{{115}{-0.02572}{1.255}};{{116}{0.00516}{1.262}};{{117}{0.01288}{1.268}};{{118}{-0.01498}{1.274}};{{119}{-0.01761}{1.280}};{{120}{0.01486}{1.286}};{{121}{0.00063}{1.291}};{{122}{-0.00289}{1.297}};{{123}{-0.00335}{1.302}};{{124}{-0.00106}{1.307}};{{125}{0.00021}{1.312}};{{126}{0.00286}{1.316}};{{127}{-0.00021}{1.321}};{{128}{0.00092}{1.325}};{{129}{-0.00174}{1.329}};{{130}{0.00057}{1.333}};{{131}{-0.00001}{1.337}};{{132}{-0.00039}{1.341}};{{133}{0.00000}{1.344}}" sag_local_min_freq_1="2.50" sag_local_min_mtf_1="0.0" sag_local_min_freq_limit="23.00" sag_local_min_check_result="bad" tan_local_min_freq_1="1.50" tan_local_min_mtf_1="0.0" tan_local_min_freq_limit="23.00" tan_local_min_check_result="bad" cra_dx="379.657" cra_dy="116.285" efficiency="64939.55224568"/>
               <camera index="1" mtf_frequency="18.50" sag="35.1" tan="27.9" mean="31.5" cra_dx="-0.598" cra_dy="18.085" efficiency="0.00035569"/>
               <camera index="2" mtf_frequency="18.50" sag="5.7" tan="1.1" mean="3.4" cra_dx="3.317" cra_dy="94.042" efficiency="327.05964995"/>
               <camera index="3" mtf_frequency="18.50" sag="0.0" tan="0.0" mean="0.0" cra_dx="-188.774" cra_dy="-134.620" efficiency="1.09529154"/>
               <camera index="4" mtf_frequency="18.50" sag="0.0" tan="0.0" mean="0.0" cra_dx="-29.874" cra_dy="-80.815" efficiency="0.87832989"/>
               <camera index="5" mtf_frequency="18.50" sag="0.0" tan="0.0" mean="0.0" cra_dx="379.657" cra_dy="116.285" efficiency="64939.55224568"/>
               <camera index="1" mtf_frequency="11.50" sag="55.4" tan="49.3" mean="52.4" cra_dx="-0.598" cra_dy="18.085" efficiency="0.00035569"/>
               <camera index="2" mtf_frequency="11.50" sag="18.9" tan="0.9" mean="9.9" cra_dx="3.317" cra_dy="94.042" efficiency="327.05964995"/>
               <camera index="3" mtf_frequency="11.50" sag="0.0" tan="0.0" mean="0.0" cra_dx="-188.774" cra_dy="-134.620" efficiency="1.09529154"/>
               <camera index="4" mtf_frequency="11.50" sag="0.0" tan="0.0" mean="0.0" cra_dx="-29.874" cra_dy="-80.815" efficiency="0.87832989"/>
               <camera index="5" mtf_frequency="11.50" sag="0.0" tan="0.0" mean="0.0" cra_dx="379.657" cra_dy="116.285" efficiency="64939.55224568"/>
            </config>
         </exit>
      </sample>
   </measurements>
</exported_data>
