SampleID,Date,Trial,Operator,Dicing,Color,TP_Blue,TP_Green,TP_Red,Angular uniformity,Spatial uniformity,CU_Blue,CU_Green,CU_Red,Center contrast_Blue,Center contrast_Green,Center contrast_Red,Mean contrast_Blue,Mean contrast_Green,Mean contrast_Red
19B157.01.11,30-Dec,1,M,N,Red,0.001300,0.003600,0.004600,601.840000,3.310000,5.930000,4.540000,28.740000,2.560000,3.810000,4.160000,3.820000,4.130000,6.870000
19B157.01.12,30-Dec,1,M,N,Red,0.001200,0.003600,0.005300,370.080000,3.000000,6.260000,5.900000,21.130000,2.880000,4.120000,4.480000,5.060000,5.120000,8.110000
19B157.01.21,30-Dec,1,M,N,Red,0.001200,0.003600,0.004600,335.810000,3.610000,5.550000,5.900000,25.260000,2.990000,4.560000,5.410000,4.530000,4.540000,7.030000
19B157.01.22,30-Dec,1,M,N,Red,0.001100,0.003200,0.004100,215.530000,2.660000,4.350000,5.680000,15.630000,2.940000,4.460000,5.690000,4.180000,4.200000,5.430000
19B157.01.31,30-Dec,1,M,N,Red,0.001300,0.004200,0.006000,910.370000,2.950000,6.700000,5.480000,30.690000,1.990000,3.040000,2.690000,4.200000,4.270000,9.030000
19B157.01.32,30-Dec,1,M,N,Red,0.001200,0.003700,0.005300,574.230000,3.400000,5.420000,5.060000,29.880000,2.200000,2.940000,3.640000,4.130000,4.390000,8.490000
19B157.01.11,30-Dec,2,M,N,Red,0.001300,0.003700,0.004600,602.690000,3.330000,5.930000,4.520000,27.800000,2.580000,3.880000,4.140000,3.850000,4.170000,7.140000
19B157.01.12,30-Dec,2,M,N,Red,0.001200,0.003700,0.005200,383.360000,3.040000,6.160000,5.820000,23.480000,2.900000,4.180000,4.440000,5.180000,5.300000,8.290000
19B157.01.21,30-Dec,2,M,N,Red,0.001200,0.003600,0.004600,427.480000,3.640000,5.540000,5.800000,24.530000,2.970000,4.600000,5.350000,4.590000,4.580000,7.100000
19B157.01.22,30-Dec,2,M,N,Red,0.001100,0.003300,0.004000,219.240000,2.670000,4.650000,5.670000,16.550000,2.920000,4.470000,5.570000,4.290000,4.270000,5.570000
19B157.01.31,30-Dec,2,M,N,Red,0.001300,0.004100,0.006000,765.380000,2.940000,6.550000,5.420000,30.440000,1.980000,3.030000,2.680000,4.190000,4.280000,9.080000
19B157.01.32,30-Dec,2,M,N,Red,0.001200,0.003600,0.005200,646.340000,3.370000,5.390000,5.020000,31.790000,2.200000,2.950000,3.630000,4.120000,4.390000,8.780000
19B157.06.11,30-Dec,1,M,N,Red,0.001400,0.004200,0.005400,1062.540000,3.460000,5.900000,5.880000,30.910000,2.550000,4.050000,2.940000,4.430000,4.930000,10.480000
19B157.06.12,30-Dec,1,M,N,Red,0.001300,0.004100,0.005400,349.570000,3.610000,6.230000,4.890000,25.630000,2.890000,4.900000,4.160000,5.060000,5.520000,8.730000
19B157.06.21,30-Dec,1,M,N,Red,0.001400,0.004000,0.004000,207.400000,3.930000,6.380000,4.520000,16.020000,3.050000,5.060000,3.950000,4.180000,4.570000,5.820000
19B157.06.22,30-Dec,1,M,N,Red,0.001600,0.004300,0.004600,256.710000,2.640000,5.890000,4.690000,18.040000,1.720000,2.340000,3.970000,3.240000,3.750000,5.780000
19B157.06.31,30-Dec,1,M,N,Red,0.001700,0.005100,0.006300,633.690000,2.610000,7.470000,5.680000,30.650000,2.370000,3.220000,2.400000,4.910000,4.970000,10.000000
19B157.06.32,30-Dec,1,M,N,Red,0.001400,0.004100,0.005100,683.020000,4.290000,5.240000,4.890000,29.040000,2.510000,4.070000,3.130000,4.620000,4.990000,10.550000
19B157.06.11,30-Dec,2,M,N,Red,0.001500,0.004300,0.005300,1216.640000,3.430000,6.100000,5.760000,30.730000,2.580000,4.210000,2.930000,4.550000,5.090000,12.070000
19B157.06.12,30-Dec,2,M,N,Red,0.001300,0.004100,0.005400,354.440000,3.690000,6.340000,4.920000,23.920000,2.910000,5.120000,4.310000,5.260000,5.720000,8.930000
19B157.06.21,30-Dec,2,M,N,Red,0.001400,0.004000,0.004000,226.770000,3.990000,6.190000,4.530000,19.180000,3.040000,5.170000,3.870000,4.180000,4.630000,6.070000
19B157.06.22,30-Dec,2,M,N,Red,0.001700,0.004400,0.004400,265.260000,2.590000,6.730000,4.660000,19.660000,1.720000,2.380000,3.770000,3.390000,3.830000,5.960000
19B157.06.31,30-Dec,2,M,N,Red,0.001700,0.005000,0.006200,701.920000,2.710000,7.720000,5.640000,30.340000,2.360000,3.380000,2.420000,5.060000,5.080000,10.440000
19B157.06.32,30-Dec,2,M,N,Red,0.001400,0.004100,0.005100,975.550000,4.270000,5.120000,4.840000,34.280000,2.530000,4.240000,3.170000,4.660000,5.040000,11.460000
19B157.01.11,30-Dec,3,M,N,Red,0.001300,0.003800,0.004700,632.030000,3.380000,7.590000,4.590000,28.390000,2.610000,3.910000,4.160000,3.920000,4.230000,7.310000
19B157.01.12,30-Dec,3,M,N,Red,0.001300,0.003800,0.005300,459.830000,3.070000,6.520000,6.030000,22.970000,2.910000,4.200000,4.470000,5.210000,5.350000,8.300000
19B157.01.21,30-Dec,3,M,N,Red,0.001300,0.003800,0.004600,332.490000,3.680000,5.670000,5.870000,25.200000,2.970000,4.610000,5.350000,4.660000,4.640000,7.130000
19B157.01.22,30-Dec,3,M,N,Red,0.001200,0.003300,0.004100,228.390000,2.680000,4.940000,5.710000,18.300000,2.900000,4.450000,5.590000,4.280000,4.270000,5.580000
19B157.01.31,30-Dec,3,M,N,Red,0.001400,0.004300,0.006100,804.310000,2.950000,7.840000,5.600000,31.010000,1.990000,3.060000,2.700000,4.280000,4.360000,9.270000
19B157.01.32,30-Dec,3,M,N,Red,0.001200,0.003800,0.005300,574.050000,3.400000,5.950000,5.060000,29.910000,2.190000,2.960000,3.640000,4.200000,4.460000,8.950000
19B157.06.11,30-Dec,3,M,N,Red,0.001500,0.004300,0.005600,1238.610000,3.470000,6.900000,5.920000,30.780000,2.490000,3.920000,2.910000,4.450000,4.940000,10.060000
19B157.06.12,30-Dec,3,M,N,Red,0.001400,0.004200,0.005600,348.870000,3.570000,6.780000,4.880000,26.100000,2.870000,4.770000,4.090000,5.040000,5.480000,8.660000
19B157.06.21,30-Dec,3,M,N,Red,0.001500,0.004100,0.004100,208.420000,3.910000,7.190000,4.540000,16.610000,3.010000,4.940000,3.930000,4.120000,4.540000,5.740000
19B157.06.22,30-Dec,3,M,N,Red,0.001600,0.004400,0.004700,283.470000,2.620000,8.260000,4.670000,17.550000,1.710000,2.310000,3.990000,3.240000,3.720000,5.780000
19B157.06.31,30-Dec,3,M,N,Red,0.001700,0.005100,0.006500,469.750000,2.610000,8.530000,6.060000,30.460000,2.380000,3.210000,2.430000,4.850000,4.900000,9.780000
19B157.06.32,30-Dec,3,M,N,Red,0.001400,0.004200,0.005300,743.420000,4.290000,5.170000,4.970000,30.560000,2.490000,3.980000,3.130000,4.620000,4.950000,10.270000
19B157.01.11,30-Dec,1,P,N,Red,0.001300,0.003800,0.004800,560.800000,3.370000,6.630000,4.570000,26.240000,2.610000,3.870000,4.210000,3.870000,4.170000,6.920000
19B157.01.12,30-Dec,1,P,N,Red,0.001200,0.003700,0.005400,386.630000,3.090000,6.250000,6.160000,23.600000,2.930000,4.190000,4.500000,5.150000,5.240000,8.180000
19B157.01.21,30-Dec,1,P,N,Red,0.001200,0.003600,0.004800,372.150000,3.650000,5.610000,5.970000,25.030000,3.040000,4.650000,5.550000,4.500000,4.530000,7.010000
19B157.01.22,30-Dec,1,P,N,Red,0.001100,0.003200,0.004200,218.520000,2.650000,4.900000,5.810000,15.620000,2.940000,4.460000,5.730000,4.120000,4.160000,5.440000
19B157.01.31,30-Dec,1,P,N,Red,0.001400,0.004200,0.006200,832.340000,2.980000,7.120000,5.720000,31.450000,2.010000,3.080000,2.760000,4.210000,4.270000,9.100000
19B157.01.32,30-Dec,1,P,N,Red,0.001200,0.003800,0.005400,620.090000,3.390000,6.850000,5.090000,29.560000,2.210000,2.950000,3.660000,4.140000,4.400000,8.440000
19B157.01.11,30-Dec,2,P,N,Red,0.001300,0.003700,0.004800,548.550000,3.340000,6.640000,4.570000,28.760000,2.550000,3.800000,4.170000,3.820000,4.140000,6.810000
19B157.01.12,30-Dec,2,P,N,Red,0.001200,0.003600,0.005500,370.910000,3.140000,6.110000,6.100000,23.080000,2.970000,4.240000,4.560000,5.000000,5.160000,8.150000
19B157.01.21,30-Dec,2,P,N,Red,0.001300,0.003800,0.004700,294.240000,3.620000,5.610000,5.930000,23.100000,2.990000,4.560000,5.450000,4.570000,4.580000,7.030000
19B157.01.22,30-Dec,2,P,N,Red,0.001100,0.003300,0.004200,222.420000,2.710000,4.660000,5.840000,15.910000,2.950000,4.490000,5.740000,4.210000,4.230000,5.520000
19B157.01.31,30-Dec,2,P,N,Red,0.001300,0.004200,0.006200,683.960000,2.930000,7.410000,5.670000,31.470000,1.990000,3.040000,2.700000,4.150000,4.240000,8.900000
19B157.01.32,30-Dec,2,P,N,Red,0.001300,0.003800,0.005400,734.790000,3.450000,6.180000,5.160000,30.950000,2.220000,2.960000,3.630000,4.200000,4.460000,8.750000
19B157.01.11,30-Dec,3,P,N,Red,0.001300,0.003700,0.004800,601.060000,3.480000,6.410000,4.720000,27.450000,2.760000,4.080000,4.450000,3.880000,4.140000,7.290000
19B157.01.12,30-Dec,3,P,N,Red,0.001300,0.003800,0.005400,412.960000,3.070000,6.960000,5.980000,23.220000,2.910000,4.160000,4.480000,5.180000,5.270000,8.180000
19B157.01.21,30-Dec,3,P,N,Red,0.001100,0.003200,0.004900,386.660000,3.790000,5.240000,6.160000,25.940000,3.230000,5.050000,5.930000,4.240000,4.380000,7.080000
19B157.01.22,30-Dec,3,P,N,Red,0.001200,0.003300,0.004200,227.160000,2.720000,5.350000,5.800000,18.130000,2.960000,4.500000,5.730000,4.230000,4.240000,5.550000
19B157.01.31,30-Dec,3,P,N,Red,0.001300,0.004100,0.006400,840.730000,3.150000,7.570000,5.730000,33.030000,2.080000,3.270000,2.980000,4.240000,4.300000,9.740000
19B157.01.32,30-Dec,3,P,N,Red,0.001200,0.003700,0.005500,693.770000,3.460000,6.220000,5.150000,31.370000,2.220000,2.980000,3.670000,4.140000,4.390000,8.640000
19B157.06.11,30-Dec,1,P,N,Red,0.001500,0.004300,0.005600,1340.880000,3.450000,6.080000,5.960000,34.760000,2.530000,4.020000,2.990000,4.380000,4.880000,10.440000
19B157.06.12,30-Dec,1,P,N,Red,0.001300,0.004100,0.005700,383.110000,3.690000,6.330000,4.930000,24.170000,2.960000,5.080000,4.390000,5.050000,5.490000,8.780000
19B157.06.21,30-Dec,1,P,N,Red,0.001400,0.004000,0.004200,209.980000,3.910000,6.430000,4.600000,16.830000,3.060000,5.070000,4.050000,4.060000,4.480000,5.760000
19B157.06.22,30-Dec,1,P,N,Red,0.001600,0.004400,0.004800,259.960000,2.690000,6.930000,4.780000,19.680000,1.720000,2.330000,4.010000,3.250000,3.750000,5.780000
19B157.06.31,30-Dec,1,P,N,Red,0.001700,0.005100,0.006600,569.620000,2.630000,7.910000,5.890000,28.580000,2.370000,3.270000,2.460000,4.850000,4.890000,9.840000
19B157.06.32,30-Dec,1,P,N,Red,0.001400,0.004200,0.005300,616.310000,4.290000,5.120000,5.060000,28.860000,2.510000,4.080000,3.150000,4.600000,4.940000,10.360000
19B157.06.11,30-Dec,2,P,N,Red,0.001400,0.004200,0.005800,894.100000,3.530000,6.150000,6.180000,30.180000,2.640000,4.230000,3.200000,4.330000,4.850000,11.230000
19B157.06.12,30-Dec,2,P,N,Red,0.001300,0.004200,0.005700,367.600000,3.620000,6.380000,4.950000,24.230000,2.930000,4.950000,4.270000,5.020000,5.460000,8.740000
19B157.06.21,30-Dec,2,P,N,Red,0.001400,0.003900,0.004300,210.210000,4.060000,5.800000,4.790000,18.620000,3.180000,5.280000,4.170000,4.020000,4.460000,5.780000
19B157.06.22,30-Dec,2,P,N,Red,0.001600,0.004300,0.004800,260.550000,2.660000,6.560000,4.770000,17.840000,1.720000,2.340000,4.060000,3.190000,3.690000,5.700000
19B157.06.31,30-Dec,2,P,N,Red,0.001700,0.005200,0.006700,701.200000,2.710000,8.370000,5.990000,30.120000,2.370000,3.370000,2.510000,4.920000,4.920000,9.970000
19B157.06.32,30-Dec,2,P,N,Red,0.001500,0.004300,0.005400,779.080000,4.350000,5.290000,5.140000,32.140000,2.530000,4.120000,3.160000,4.620000,4.950000,10.500000
19B157.06.11,30-Dec,3,P,N,Red,0.001500,0.004500,0.005700,1270.870000,3.490000,7.080000,6.150000,32.600000,2.680000,4.380000,3.210000,4.610000,5.080000,12.560000
19B157.06.12,30-Dec,3,P,N,Red,0.001300,0.004200,0.005700,369.830000,3.760000,6.450000,4.980000,25.020000,2.990000,5.200000,4.500000,5.180000,5.620000,8.930000
19B157.06.21,30-Dec,3,P,N,Red,0.001400,0.004100,0.004200,237.690000,4.130000,5.830000,4.820000,18.530000,3.190000,5.370000,4.070000,4.160000,4.620000,5.980000
19B157.06.22,30-Dec,3,P,N,Red,0.001500,0.004200,0.004800,243.560000,2.720000,5.890000,4.850000,22.330000,1.730000,2.390000,4.040000,3.180000,3.710000,5.830000
19B157.06.31,30-Dec,3,P,N,Red,0.001600,0.005000,0.006800,557.850000,2.870000,7.220000,5.890000,30.360000,2.420000,3.640000,2.660000,4.950000,4.920000,10.200000
19B157.06.32,30-Dec,3,P,N,Red,0.001400,0.004200,0.005400,858.490000,4.440000,5.260000,5.080000,33.030000,2.620000,4.370000,3.280000,4.530000,4.870000,10.760000
19B157.01.22,28-Jan,1,P,Y,Red,0.001340,0.003697,0.003985,195.852885,2.929607,7.870891,6.056731,18.550810,3.334160,4.237811,5.704791,4.716327,4.484668,5.442385
19B157.01.31,28-Jan,1,P,Y,Red,0.001545,0.004761,0.006043,609.091087,3.104674,10.927128,6.271036,31.760073,2.324249,3.019700,2.880522,4.701297,4.456653,8.925043
19B157.01.32,28-Jan,1,P,Y,Red,0.001385,0.004169,0.005311,722.962807,3.556692,10.069226,6.044810,33.870036,2.501549,3.003246,3.703741,4.639022,4.786055,9.271079
19B157.06.22,28-Jan,1,P,Y,Red,0.001829,0.004800,0.004585,157.758188,2.792076,11.491906,5.360271,19.885415,1.786466,2.266508,4.009705,3.591775,3.811643,5.662342
19B157.06.31,28-Jan,1,P,Y,Red,0.001838,0.005507,0.006573,311.341329,2.271956,13.481713,6.736924,25.390067,2.706415,2.687326,2.083261,4.730125,4.667227,7.846521
19B157.06.32,28-Jan,1,P,Y,Red,0.001655,0.004719,0.005185,689.394732,4.500926,9.953345,5.574741,32.112338,2.956699,4.111309,3.381445,4.994455,5.166899,10.352000
19B157.01.11,8-Jan,1,M,Y,Red,0.001410,0.003945,0.004533,654.886699,3.361306,7.805832,4.853386,28.425270,2.870473,4.031114,4.395456,4.106057,4.360892,8.024274
19B157.01.12,8-Jan,1,M,Y,Red,0.001344,0.003928,0.005184,471.452208,3.090254,7.709155,6.364464,26.027984,3.263947,4.191889,4.740865,5.422063,5.470996,8.263037
19B157.01.21,8-Jan,1,M,Y,Red,0.001329,0.003806,0.004541,487.275933,3.757651,6.401794,6.161842,26.563390,3.361812,4.774353,5.579206,4.863094,4.754803,7.518443
19B157.01.22,8-Jan,1,M,Y,Red,0.001210,0.003329,0.004031,217.910278,2.779430,6.372092,6.056341,16.565693,3.304242,4.485976,5.946206,4.455759,4.399394,5.506285
19B157.01.31,8-Jan,1,M,Y,Red,0.001529,0.004550,0.005829,849.837180,2.970598,9.161048,5.890862,33.359111,2.250466,3.138994,2.860473,4.703195,4.586683,9.566039
19B157.01.32,8-Jan,1,M,Y,Red,0.001337,0.003919,0.005221,753.197010,3.342783,7.863735,5.446791,30.130295,2.424335,3.006922,3.827550,4.418509,4.585716,9.042630
19B157.01.11,8-Jan,2,M,Y,Red,0.001388,0.003885,0.004560,599.722342,3.337519,7.932625,4.842577,27.952293,2.832684,3.896074,4.410312,4.002888,4.283426,7.330460
19B157.01.12,8-Jan,2,M,Y,Red,0.001336,0.003899,0.005140,512.425067,3.104768,7.459617,6.295231,26.193223,3.244900,4.210747,4.679503,5.425160,5.486656,8.237257
19B157.01.21,8-Jan,2,M,Y,Red,0.001334,0.003808,0.004504,371.774025,3.719906,6.412091,6.164958,24.874091,3.358471,4.713886,5.615547,4.818693,4.719132,7.346198
19B157.01.22,8-Jan,2,M,Y,Red,0.001244,0.003378,0.003907,213.813294,2.717333,6.631947,5.926609,16.742162,3.210063,4.416827,5.777485,4.476165,4.433541,5.555650
19B157.01.31,8-Jan,2,M,Y,Red,0.001499,0.004465,0.005787,644.049185,2.902654,9.140465,5.866682,30.875880,2.221193,3.055612,2.776603,4.534213,4.470390,9.214691
19B157.01.32,8-Jan,2,M,Y,Red,0.001420,0.004095,0.005068,747.213978,3.323235,7.868795,5.487222,30.959645,2.406789,2.981572,3.745762,4.517247,4.672336,9.213620
19B157.06.11,8-Jan,1,M,Y,Red,0.001575,0.004461,0.005478,1297.142494,3.537750,7.306389,6.265146,30.627385,2.964901,4.277513,3.225230,4.682646,5.156193,11.288449
19B157.06.12,8-Jan,1,M,Y,Red,0.001481,0.004402,0.005412,396.781601,3.807301,8.304356,5.220798,23.155739,3.339745,5.338032,4.831830,5.574897,5.942631,9.143140
19B157.06.21,8-Jan,1,M,Y,Red,0.001548,0.004235,0.004135,194.421937,4.053091,7.724801,4.856454,17.574181,3.495385,5.308574,4.362977,4.320692,4.642910,5.865882
19B157.06.22,8-Jan,1,M,Y,Red,0.001774,0.004549,0.004565,198.835606,2.638386,8.879248,5.097330,17.357893,1.791754,2.345388,4.044009,3.467056,3.796832,5.732727
19B157.06.31,8-Jan,1,M,Y,Red,0.001858,0.005360,0.006261,663.978749,2.615746,9.785668,6.325253,30.712589,2.702554,3.378655,2.566436,5.136364,5.131754,10.063437
19B157.06.32,8-Jan,1,M,Y,Red,0.001603,0.004475,0.005145,1114.670800,4.261605,7.420385,5.364721,35.528329,2.869691,4.510151,3.462768,4.991496,5.321947,11.671553
19B157.06.11,8-Jan,2,M,Y,Red,0.001593,0.004468,0.005361,1197.358540,3.525903,7.444401,6.056865,31.104887,2.813372,4.041163,3.134539,4.572017,5.041519,11.331543
19B157.06.12,8-Jan,2,M,Y,Red,0.001550,0.004507,0.005346,333.273811,3.665757,8.081646,5.199732,23.882600,3.254843,4.937555,4.465208,5.442203,5.760071,8.818692
19B157.06.21,8-Jan,2,M,Y,Red,0.001624,0.004354,0.004013,193.818881,3.973610,8.858901,4.766041,16.554575,3.330978,5.137838,4.204605,4.355943,4.666893,5.827984
19B157.06.22,8-Jan,2,M,Y,Red,0.001850,0.004619,0.004403,199.704510,2.594753,10.669688,5.061857,18.623574,1.774498,2.346285,3.895183,3.591695,3.859499,5.761975
19B157.06.31,8-Jan,2,M,Y,Red,0.001882,0.005393,0.006138,677.250614,2.647483,10.912651,6.136975,30.547813,2.666449,3.401256,2.546636,5.221496,5.186757,10.220811
19B157.06.32,8-Jan,2,M,Y,Red,0.001627,0.004431,0.004883,800.040605,4.047693,7.346468,5.284341,32.253191,2.734839,4.105104,3.301348,4.893337,5.271297,11.107584
19B157.01.11,8-Jan,3,M,Y,Red,0.001439,0.004013,0.004668,593.366460,3.307275,7.178120,4.943932,27.585427,2.770808,3.811667,4.284683,3.961486,4.290963,7.221406
19B157.01.12,8-Jan,3,M,Y,Red,0.001379,0.003999,0.005199,504.063968,3.027859,7.933450,6.376440,26.800196,3.161588,4.126921,4.745090,5.388212,5.426804,8.206253
19B157.01.21,8-Jan,3,M,Y,Red,0.001400,0.003968,0.004545,373.468598,3.564020,6.885223,6.225111,24.602625,3.334363,4.535228,5.706214,4.744360,4.661583,7.158106
19B157.01.22,8-Jan,3,M,Y,Red,0.001251,0.003404,0.003993,214.686088,2.684177,6.864215,6.058435,17.154582,3.217574,4.376337,5.815964,4.414009,4.358923,5.497155
19B157.01.31,8-Jan,3,M,Y,Red,0.001519,0.004520,0.005903,732.172585,2.908724,9.514177,5.941461,30.033037,2.223630,3.048886,2.777426,4.529411,4.477223,9.296429
19B157.01.32,8-Jan,3,M,Y,Red,0.001333,0.003916,0.005307,579.275867,3.301023,8.529782,5.546771,30.832190,2.434214,2.942069,3.847325,4.338254,4.509925,8.344635
19B157.06.11,8-Jan,3,M,Y,Red,0.001592,0.004479,0.005454,1279.170114,3.532695,7.965754,6.090827,31.604225,2.808181,3.924462,3.093893,4.501479,4.977063,10.919265
19B157.06.12,8-Jan,3,M,Y,Red,0.001446,0.004308,0.005534,358.608756,3.655266,7.528467,5.239212,25.591979,3.299815,5.026568,4.507877,5.269012,5.668309,8.859013
19B157.06.21,8-Jan,3,M,Y,Red,0.001602,0.004329,0.004107,205.578215,3.982205,8.494641,4.829593,18.087554,3.353839,5.172609,4.258704,4.364783,4.624059,5.923319
19B157.06.22,8-Jan,3,M,Y,Red,0.001895,0.004689,0.004407,215.568396,2.529356,10.416051,5.114432,18.650743,1.773397,2.373175,3.807145,3.546535,3.826405,5.804871
19B157.06.31,8-Jan,3,M,Y,Red,0.001864,0.005390,0.006426,647.133177,2.548219,10.801108,6.351272,29.556473,2.732814,3.251715,2.534176,4.971609,4.998678,9.752877
19B157.06.32,8-Jan,3,M,Y,Red,0.001696,0.004600,0.005025,915.804810,4.069561,8.239583,5.257207,31.000959,2.714188,4.032043,3.288365,4.907971,5.260289,10.998828
19B157.01.11,8-Jan,1,P,Y,Red,0.001391,0.003910,0.004751,585.814765,3.275857,7.468544,4.958347,27.396379,2.783859,3.710697,4.316212,3.889070,4.221917,6.916479
19B157.01.12,8-Jan,1,P,Y,Red,0.001325,0.003874,0.005296,495.723169,3.108692,7.666321,6.619646,25.652004,3.301009,4.212992,4.740261,5.318821,5.397473,8.225799
19B157.01.21,8-Jan,1,P,Y,Red,0.001352,0.003861,0.004604,393.281004,3.752862,6.944002,6.201497,27.993107,3.397600,4.758442,5.560550,4.829402,4.735063,7.548388
19B157.01.22,8-Jan,1,P,Y,Red,0.001245,0.003417,0.004118,231.358502,2.836507,6.851168,6.206025,20.214711,3.378155,4.491184,5.944065,4.464346,4.445663,5.623266
19B157.01.31,8-Jan,1,P,Y,Red,0.001539,0.004580,0.005948,813.345561,2.923737,10.420287,5.994715,31.350280,2.277847,3.054017,2.793798,4.545568,4.496027,9.256179
19B157.01.32,8-Jan,1,P,Y,Red,0.001365,0.003986,0.005260,693.972152,3.310933,9.081928,5.648770,28.440777,2.453755,2.951603,3.826628,4.378009,4.548568,8.489451
19B157.01.11,8-Jan,2,P,Y,Red,0.001489,0.004176,0.004760,542.774142,3.426424,9.892322,5.020464,27.364684,2.954763,3.905426,4.536519,4.130007,4.352464,7.382307
19B157.01.12,8-Jan,2,P,Y,Red,0.001390,0.004059,0.005350,460.754871,3.190503,8.347852,6.530237,23.723813,3.324184,4.176871,4.741895,5.462061,5.490937,8.173625
19B157.01.21,8-Jan,2,P,Y,Red,0.001369,0.003936,0.004780,363.728124,3.858072,6.986874,6.299438,27.523309,3.576183,4.822108,5.877014,4.852450,4.750263,7.308283
19B157.01.22,8-Jan,2,P,Y,Red,0.001334,0.003605,0.004012,227.155057,2.851616,8.946423,6.100367,18.609363,3.313415,4.447512,5.762471,4.643374,4.561921,5.707678
19B157.01.31,8-Jan,2,P,Y,Red,0.001528,0.004568,0.005982,731.457980,2.875357,9.454346,6.065313,30.349430,2.259421,2.998595,2.744072,4.455602,4.414537,9.027514
19B157.01.32,8-Jan,2,P,Y,Red,0.001434,0.004143,0.005139,686.529087,3.280846,9.285662,5.496146,30.890043,2.412171,2.935441,3.755750,4.458611,4.604052,8.701576
19B157.01.11,8-Jan,3,P,Y,Red,0.001556,0.004287,0.004613,578.336801,3.299151,8.765423,4.979396,26.905505,2.794562,3.745456,4.217329,4.090676,4.387603,7.144488
19B157.01.12,8-Jan,3,P,Y,Red,0.001456,0.004160,0.005075,379.519625,2.970510,8.099457,6.243435,23.235858,3.175376,4.076621,4.679877,5.472394,5.473740,8.142479
19B157.01.21,8-Jan,3,P,Y,Red,0.001349,0.003874,0.004760,410.666930,3.720592,7.524734,6.383180,23.602804,3.503822,4.692360,5.939869,4.728422,4.653929,7.166445
19B157.01.22,8-Jan,3,P,Y,Red,0.001310,0.003531,0.003981,219.455851,2.749432,7.767005,6.064729,16.642906,3.269426,4.391214,5.768094,4.528942,4.491768,5.576953
19B157.01.31,8-Jan,3,P,Y,Red,0.001491,0.004519,0.006296,721.297587,2.973269,10.283968,6.217941,30.220845,2.303799,3.066732,2.845535,4.418764,4.358840,8.979720
19B157.01.32,8-Jan,3,P,Y,Red,0.001275,0.003800,0.005573,664.291059,3.427475,7.363732,5.715455,31.581221,2.546371,2.974655,3.927306,4.260224,4.407226,8.213547
19B157.06.11,8-Jan,1,P,Y,Red,0.001651,0.004649,0.005531,1404.288988,3.517478,9.731530,6.339443,30.556748,3.041699,4.488979,3.311303,4.789595,5.231318,12.610470
19B157.06.12,8-Jan,1,P,Y,Red,0.001474,0.004416,0.005714,406.120489,3.818177,7.597324,5.343236,26.080907,3.459277,5.232029,4.922930,5.403280,5.748966,8.961795
19B157.06.21,8-Jan,1,P,Y,Red,0.001643,0.004453,0.004169,226.302782,4.095102,8.793385,4.888282,18.312526,3.436265,5.345863,4.315288,4.432500,4.764272,6.027179
19B157.06.22,8-Jan,1,P,Y,Red,0.001820,0.004686,0.004725,196.182694,2.687185,10.284410,5.389530,18.429861,1.798259,2.355374,4.114583,3.506381,3.830595,5.831026
19B157.06.31,8-Jan,1,P,Y,Red,0.001879,0.005495,0.006590,955.463863,2.843362,11.198315,6.689668,33.578034,2.780036,3.665761,2.744657,5.322024,5.208343,10.355143
19B157.06.32,8-Jan,1,P,Y,Red,0.001632,0.004557,0.005313,816.991331,4.300973,8.200224,5.545021,35.389567,2.889858,4.288757,3.515062,4.929237,5.166595,10.864098
19B157.06.11,8-Jan,2,P,Y,Red,0.001637,0.004575,0.005365,1383.619073,3.496235,8.278584,6.174161,31.957005,2.981404,4.308721,3.184309,4.759769,5.225885,11.847946
19B157.06.12,8-Jan,2,P,Y,Red,0.001423,0.004282,0.005480,419.227047,3.851460,7.841999,5.255845,28.304062,3.443454,5.415547,4.947801,5.523726,5.883590,9.128651
19B157.06.21,8-Jan,2,P,Y,Red,0.001546,0.004251,0.004180,271.969340,4.136947,8.324570,4.941493,17.108034,3.542685,5.469698,4.389803,4.372136,4.709122,5.941726
19B157.06.22,8-Jan,2,P,Y,Red,0.001782,0.004568,0.004545,200.290718,2.672952,9.534464,5.122075,18.118352,1.790071,2.365158,3.973678,3.620191,3.865266,5.853171
19B157.06.31,8-Jan,2,P,Y,Red,0.001819,0.005315,0.006435,653.518404,2.673879,9.398875,6.304008,32.337653,2.758463,3.458210,2.631858,5.136572,5.115820,10.035967
19B157.06.32,8-Jan,2,P,Y,Red,0.001543,0.004380,0.005349,795.913431,4.387682,6.854774,5.387244,31.970353,2.960693,4.303406,3.510942,4.870446,5.100027,10.322967
19B157.06.11,8-Jan,3,P,Y,Red,0.001609,0.004530,0.005451,1272.943363,3.536640,7.537216,6.220421,33.063743,2.988523,4.278225,3.216668,4.728697,5.156463,11.511291
19B157.06.12,8-Jan,3,P,Y,Red,0.001559,0.004556,0.005316,409.996279,3.775239,9.066501,5.226268,25.959668,3.342042,5.228883,4.719565,5.716795,6.003618,9.173197
19B157.06.21,8-Jan,3,P,Y,Red,0.001507,0.004158,0.004195,189.831589,4.058949,7.463978,4.978357,17.726210,3.516838,5.313293,4.406982,4.278029,4.593853,5.786034
19B157.06.22,8-Jan,3,P,Y,Red,0.001862,0.004656,0.004449,205.368241,2.599136,9.836366,5.130237,17.465553,1.783872,2.327790,3.969077,3.551380,3.838107,5.739010
19B157.06.31,8-Jan,3,P,Y,Red,0.001870,0.005410,0.006349,701.266681,2.694327,11.001717,6.278280,31.304572,2.731658,3.447336,2.623380,5.184319,5.137241,10.123829
19B157.06.32,8-Jan,3,P,Y,Red,0.001618,0.004481,0.005126,733.530873,4.233295,6.937580,5.370662,30.773168,2.851772,4.211383,3.387863,4.924180,5.208790,10.937583
19B157.01.22,5-Mar,1,P,Y,Red,0.001324,0.003582,0.004360,208.554886,2.772484,5.542402,6.142675,15.942414,3.324698,4.356563,6.003345,4.267375,4.237342,5.266020
19B157.01.31,5-Mar,1,P,Y,Red,0.001423,0.004219,0.006609,867.248091,2.882625,7.162090,6.033388,32.233745,2.292202,3.079458,2.863969,4.075900,4.137029,8.510313
19B157.01.32,5-Mar,1,P,Y,Red,0.001522,0.004332,0.005624,667.617993,3.340405,8.127693,5.500824,31.940056,2.475502,2.962936,3.825780,4.368031,4.476526,8.404165
19B157.06.22,5-Mar,1,P,Y,Red,0.001995,0.004995,0.004830,195.117622,2.653957,9.579508,5.270312,17.552218,1.777252,2.312051,4.067026,3.423742,3.766530,5.687712
19B157.06.31,5-Mar,1,P,Y,Red,0.002124,0.005995,0.006797,722.590495,2.738719,10.720872,6.252323,32.517042,2.747958,3.599135,2.725899,5.301751,5.172693,10.160618
19B157.06.32,5-Mar,1,P,Y,Red,0.001795,0.004949,0.005719,1000.299220,4.386906,7.516213,5.665965,33.774398,3.032410,4.558897,3.563943,4.929150,5.190157,10.832964
19B157.01.22,12-Mar,1,M,Y,Red,0.001379,0.003690,0.004286,217.593745,2.831643,6.236851,6.122417,18.157815,3.355958,4.404396,5.974138,4.394401,4.332889,5.402301
19B157.01.22,12-Mar,2,M,Y,Red,0.001399,0.003716,0.004222,218.261637,2.814366,5.674702,6.103864,16.321972,3.328338,4.428215,5.908569,4.420568,4.386504,5.453033
19B157.01.22,12-Mar,3,M,Y,Red,0.001393,0.003701,0.004227,221.912544,2.813155,6.304201,6.071735,18.246942,3.313383,4.416435,5.918363,4.404318,4.375624,5.450870
19B157.01.31,12-Mar,1,M,Y,Red,0.001585,0.004675,0.006508,795.269581,2.986235,8.762983,6.251290,31.092840,2.311796,3.147570,2.936375,4.399883,4.347676,9.085794
19B157.01.31,12-Mar,2,M,Y,Red,0.001586,0.004677,0.006504,698.116893,2.985147,8.626992,6.173082,29.938214,2.302257,3.147631,2.935484,4.390102,4.339930,9.070383
19B157.01.31,12-Mar,3,M,Y,Red,0.001575,0.004662,0.006583,683.492036,2.968722,8.074622,6.145769,29.538144,2.301765,3.114219,2.895429,4.337855,4.291199,8.879326
19B157.01.32,12-Mar,1,M,Y,Red,0.001390,0.004019,0.005766,499.047016,3.400458,6.754708,5.697455,32.085663,2.525655,2.980456,3.918638,4.180084,4.333176,8.063715
19B157.01.32,12-Mar,2,M,Y,Red,0.001414,0.004055,0.005619,752.387800,3.357713,6.358727,5.542923,31.014555,2.480929,3.000300,3.857609,4.279575,4.402879,8.875698
19B157.01.32,12-Mar,3,M,Y,Red,0.001384,0.004002,0.005767,604.367271,3.401761,7.069429,5.673968,30.820301,2.524991,2.987869,3.918455,4.171950,4.328799,8.191957
19B157.06.31,12-Mar,1,M,Y,Red,0.002017,0.005754,0.006903,718.660174,2.711486,10.068566,6.411068,29.989324,2.789778,3.526974,2.741848,5.102991,5.035190,9.866674
19B157.06.31,12-Mar,2,M,Y,Red,0.002040,0.005790,0.006771,755.879461,2.699335,9.997618,6.462700,30.490235,2.771731,3.532282,2.705402,5.178242,5.108601,10.095075
19B157.06.31,12-Mar,3,M,Y,Red,0.002224,0.006178,0.006634,608.313626,2.733765,12.356808,6.445503,31.567734,2.672862,3.553953,2.682988,5.430260,5.235345,10.141288
19B157.06.22,12-Mar,1,M,Y,Red,0.001878,0.004798,0.004876,186.606121,2.680466,8.140694,5.269659,17.698753,1.788614,2.327539,4.117994,3.304104,3.720445,5.703370
19B157.06.22,12-Mar,2,M,Y,Red,0.001882,0.004795,0.004846,184.925947,2.659620,8.690098,5.277278,18.192524,1.783536,2.339692,4.083369,3.311153,3.719588,5.716098
19B157.06.22,12-Mar,3,M,Y,Red,0.001874,0.004802,0.004911,185.196424,2.695029,7.952063,5.262868,18.375821,1.784077,2.318768,4.146866,3.301472,3.717916,5.704994
19B157.06.32,12-Mar,1,M,Y,Red,0.001776,0.004769,0.005220,994.893692,4.060229,7.290817,5.234292,33.799791,2.800672,4.226284,3.393835,4.877223,5.170962,11.127825
19B157.06.32,12-Mar,2,M,Y,Red,0.001719,0.004705,0.005428,901.936411,4.218150,6.199582,5.398359,31.973115,2.885084,4.323049,3.486882,4.828596,5.069147,10.797060
19B157.06.32,12-Mar,3,M,Y,Red,0.001671,0.004640,0.005611,927.734470,4.338673,6.313156,5.484696,31.736378,2.948502,4.343586,3.544695,4.762232,4.980711,10.081015
19B157.01.22,16-Mar,1,M,Y,Red,0.001517,0.003884,0.004089,200.684088,2.790213,7.883717,5.979682,16.755762,3.274086,4.329186,5.920271,4.595701,4.528008,5.466342
19B157.01.22,16-Mar,2,M,Y,Red,0.001493,0.003844,0.004137,199.410577,2.805080,8.479982,6.028452,16.848687,3.273190,4.329703,5.928530,4.561904,4.500634,5.473732
19B157.01.22,16-Mar,3,M,Y,Red,0.001617,0.004028,0.003865,191.517813,2.808006,7.621280,5.877149,15.159910,3.211473,4.270416,5.704741,4.844737,4.654304,5.486540
19B157.01.31,16-Mar,1,M,Y,Red,0.001863,0.005244,0.006096,778.806671,2.911210,11.526551,6.112187,29.260757,2.277784,3.084804,2.867553,4.811322,4.638382,9.374656
19B157.01.31,16-Mar,2,M,Y,Red,0.001823,0.005178,0.006230,622.795719,2.895380,9.995185,6.068429,31.650813,2.274308,3.052309,2.857426,4.692170,4.550291,9.156218
19B157.01.31,16-Mar,3,M,Y,Red,0.001812,0.005143,0.006102,655.117114,2.909396,11.096454,6.001761,30.941178,2.276883,3.037934,2.822194,4.715816,4.551764,9.115629
19B157.01.32,16-Mar,1,M,Y,Red,0.001657,0.004556,0.005414,756.941181,3.288870,9.712216,5.631134,30.065876,2.465469,2.963905,3.816517,4.560743,4.662326,8.989254
19B157.01.32,16-Mar,2,M,Y,Red,0.001621,0.004492,0.005505,649.960021,3.298191,9.965803,5.547190,31.665018,2.492477,2.938894,3.848612,4.465531,4.588227,8.364326
19B157.01.32,16-Mar,3,M,Y,Red,0.001642,0.004503,0.005267,670.846279,3.278427,10.215149,5.343182,29.046478,2.466060,2.948197,3.778104,4.574390,4.666565,8.975147
19B157.06.31,16-Mar,1,M,Y,Red,0.002362,0.006315,0.006395,641.428859,2.616504,13.831394,6.467909,30.760764,2.656142,3.464137,2.624470,5.471814,5.338696,10.300504
19B157.06.31,16-Mar,2,M,Y,Red,0.002325,0.006253,0.006468,644.588136,2.604979,12.780944,6.344981,32.788924,2.687058,3.433511,2.627590,5.407177,5.285073,10.208968
19B157.06.31,16-Mar,3,M,Y,Red,0.002184,0.005981,0.006586,528.567533,2.599037,10.913225,6.153139,28.343732,2.767019,3.366345,2.632703,5.214301,5.139550,9.844140
19B157.06.22,16-Mar,1,M,Y,Red,0.002216,0.005223,0.004645,196.576279,2.591890,12.821110,5.191739,18.407447,1.756887,2.303304,3.997640,3.666130,3.878036,5.756326
19B157.06.22,16-Mar,2,M,Y,Red,0.002172,0.005201,0.004766,198.415069,2.631144,10.567676,5.416912,18.249696,1.754998,2.276089,4.086042,3.564527,3.834344,5.725288
19B157.06.22,16-Mar,3,M,Y,Red,0.002045,0.005031,0.004849,217.190922,2.649733,9.244473,5.180534,17.325873,1.756207,2.209343,4.162370,3.412861,3.728917,5.683291
19B157.06.32,16-Mar,1,M,Y,Red,0.001990,0.005123,0.005284,818.322682,4.093926,9.325565,5.353624,32.536627,2.833615,4.185712,3.408311,5.049771,5.311526,11.053357
19B157.06.32,16-Mar,2,M,Y,Red,0.001928,0.005053,0.005458,761.917952,4.170793,8.434788,5.468624,28.704399,2.863582,4.100656,3.420623,4.966035,5.208078,10.184988
19B157.06.32,16-Mar,3,M,Y,Red,0.001858,0.004896,0.005349,791.583646,4.169677,7.502044,5.238071,32.976376,2.860630,4.114490,3.427000,4.951042,5.199033,10.234889
