sampleID,Wgtype,sidecolor,Aperture,ROIsize,Operator,trial,LEDcolor,Sample#,Exit#,Camera#,MTF30_x,MTF30_y,MTF_x@15lp/deg,MTF_y@15lp/deg,CRA_dx(pixel),CRA_dy(pixel),ray_tilt_x(arcsec),ray_tilt_y(arcsec),rel_cross_pos_x(pixel),rel_cross_pos_y(pixel),CRA_x_from_cradx(arcmin),CRA_y_from_crady(arcmin),CRA_x_fromraytilt(arcmin),CRA_y_fromraytilt(arcmin),CRA_dx_(green-red),CRA_dy_(green-red),CRA_x_raytilt_(green-red),CRA_y_raytilt_(green-red)
19B157.07.21,iDolphin,RedRight,tool,500,James,1,red,1,1,1,20.1,16.5862069,0.512,0.351,-1.162,5.003,-37.2,128.1,0,3.4,0.284235547,-1.223778299,0.62,-2.135,,,,
19B157.07.21,iDolphin,RedRight,tool,500,James,1,green,1,1,1,24.77272727,21.91891892,0.543,0.555,-2.959,8.309,-63.8,176.4,3.3,1.6,0.723797739,-2.032455154,1.063333333,-2.94,0.439562192,-0.808676855,0.443333333,-0.805
19B157.07.21,iDolphin,RedRight,tool,500,James,2,red,1,1,1,20.83333333,18.39393939,0.527,0.429,-0.394,4.947,-26.4,127.2,-0.1,4.2,0.096375908,-1.210080202,0.44,-2.12,-0.627421831,0.822374952,-0.623333333,0.82
19B157.07.21,iDolphin,RedRight,tool,500,James,2,green,1,1,1,25.73333333,21.58823529,0.582,0.541,-2.866,8.219,-62.6,174.7,3.2,1.7,0.701049112,-2.01044036,1.043333333,-2.911666667,0.604673204,-0.800360158,0.603333333,-0.791666667
19B157.07.21,iDolphin,RedRight,tool,500,James,3,red,1,1,1,20.90322581,18.62857143,0.538,0.429,-0.086,4.709,-21.6,123,-0.3,4.5,0.021036366,-1.15186329,0.36,-2.05,-0.680012746,0.85857707,-0.683333333,0.861666667
19B157.07.21,iDolphin,RedRight,tool,500,James,3,green,1,1,1,25.71428571,21.87878788,0.584,0.55,-3.133,8.291,-66.2,175.8,3.3,1.4,0.766359686,-2.028052195,1.103333333,-2.93,0.74532332,-0.876188905,0.743333333,-0.88
19B157.07.21,iDolphin,RedRight,tool,600,James,1,red,1,1,1,20.25925926,17.39393939,0.488,0.385,-0.086,4.871,-22.1,125.8,-0.1,4.5,0.021036366,-1.191489928,0.368333333,-2.096666667,-0.74532332,0.836562267,-0.735,0.833333333
19B157.07.21,iDolphin,RedRight,tool,600,James,1,green,1,1,1,24.19047619,20.06896552,0.52,0.475,-2.855,8.384,-62.9,177.4,3.4,1.7,0.698358414,-2.050800815,1.048333333,-2.956666667,0.677322048,-0.859310887,0.68,-0.86
19B157.07.21,iDolphin,RedRight,tool,600,James,2,red,1,1,1,20.14285714,17.88571429,0.486,0.404,-0.474,5.033,-27.9,128.3,0,4.1,0.115944621,-1.231116565,0.465,-2.138333333,-0.582413793,0.81968425,-0.583333333,0.818333334
19B157.07.21,iDolphin,RedRight,tool,600,James,2,green,1,1,1,24.17391304,20.28571429,0.517,0.47,-2.838,8.37,-62.1,177.4,3.4,1.7,0.694200063,-2.047376291,1.035,-2.956666667,0.578255442,-0.816259726,0.57,-0.818333334
19B157.07.21,iDolphin,RedRight,tool,600,James,3,red,1,1,1,20,17.12903226,0.481,0.372,-0.499,4.941,-28.7,126.5,-0.1,4.1,0.122059843,-1.208612549,0.478333333,-2.108333333,-0.57214022,0.838763742,-0.556666667,0.848333334
19B157.07.21,iDolphin,RedRight,tool,600,James,3,green,1,1,1,23.875,20.37931034,0.517,0.48,-2.932,8.534,-63.6,179.4,3.5,1.6,0.717193299,-2.087492137,1.06,-2.99,0.595133456,-0.878879588,0.581666667,-0.881666667
19B157.07.21,iDolphin,RedRight,tool,700,James,1,red,1,1,1,18.39285714,15.6,0.409,0.318,-0.069,5.054,-21.6,127.8,0,4.5,0.016878014,-1.236253352,0.36,-2.13,-0.700315285,0.851238785,-0.7,0.86
19B157.07.21,iDolphin,RedRight,tool,700,James,1,green,1,1,1,21.78947368,18.18518519,0.43,0.384,-2.895,8.505,-62.8,179.5,3.5,1.7,0.70814277,-2.080398482,1.046666667,-2.991666667,0.691264756,-0.84414513,0.686666667,-0.861666667
19B157.07.21,iDolphin,RedRight,tool,700,James,2,red,1,1,1,18,14.9,0.4,0.297,-0.569,5.08,-29.2,127.9,0.1,4,0.139182467,-1.242613182,0.486666667,-2.131666667,-0.568960303,0.8377853,-0.56,0.86
19B157.07.21,iDolphin,RedRight,tool,700,James,2,green,1,1,1,21.41666667,17.51515152,0.44,0.374,-3.012,8.059,-64.7,172.3,3,1.6,0.73676201,-1.971302948,1.078333333,-2.871666667,0.597579543,-0.728689766,0.591666666,-0.74
19B157.07.21,iDolphin,RedRight,tool,700,James,3,red,1,1,1,18.62068966,16.03571429,0.415,0.329,-0.273,5.129,-24.8,129.4,0.1,4.3,0.066778231,-1.254599017,0.413333333,-2.156666667,-0.669983779,0.716703931,-0.665,0.715
19B157.07.21,iDolphin,RedRight,tool,700,James,3,green,1,1,1,22.05555556,18.11111111,0.444,0.386,-2.918,8.505,-64.2,179,3.5,1.6,0.713768774,-2.080398482,1.07,-2.983333333,0.646990543,-0.825799465,0.656666667,-0.826666666
19B157.07.21,iDolphin,RedRight,tool,800,James,1,red,1,1,1,16.83870968,13.81481481,0.359,0.27,-0.879,5.301,-34.7,131.9,0.3,3.7,0.215011227,-1.296671743,0.578333333,-2.198333333,-0.498757547,0.783726739,-0.491666667,0.785
19B157.07.21,iDolphin,RedRight,tool,800,James,1,green,1,1,1,19.1875,16.32,0.378,0.329,-3.264,8.664,-69.5,180.6,3.7,1.3,0.798403451,-2.119291283,1.158333333,-3.01,0.583392224,-0.82261954,0.58,-0.811666667
19B157.07.21,iDolphin,RedRight,tool,800,James,2,red,1,1,1,16.65517241,13.5625,0.352,0.258,-0.022,4.895,-21.8,126.5,-0.1,4.5,0.005381396,-1.197360541,0.363333333,-2.108333333,-0.793022055,0.921930742,-0.795,0.901666667
19B157.07.21,iDolphin,RedRight,tool,800,James,2,green,1,1,1,19.1875,16.64,0.377,0.337,-2.862,8.573,-63.5,180.1,3.6,1.7,0.700070676,-2.097031881,1.058333333,-3.001666667,0.69468928,-0.89967134,0.695,-0.893333334
19B157.07.21,iDolphin,RedRight,tool,800,James,3,red,1,1,1,16.8,13.51724138,0.358,0.259,-0.833,5.267,-33.9,130.9,0.3,3.7,0.203759217,-1.288355041,0.565,-2.181666667,-0.496311459,0.80867684,-0.493333333,0.82
19B157.07.21,iDolphin,RedRight,tool,800,James,3,green,1,1,1,19.46666667,16.44,0.377,0.332,-3.079,8.613,-66.3,180.7,3.6,1.5,0.753150806,-2.106816234,1.105,-3.011666667,0.549391589,-0.818461193,0.54,-0.83
19B157.07.21,iDolphin,RedRight,tool,1000,James,3,red,1,1,1,16.13793103,13.22222222,0.335,0.254,-0.313,5.027,-26.7,127.5,0,4.3,0.076562587,-1.229648912,0.445,-2.125,-0.676588219,0.877167322,-0.66,0.886666667
19B157.07.21,iDolphin,RedRight,tool,1000,James,3,green,1,1,1,19.53333333,15.36363636,0.366,0.308,-2.898,8.385,-63.2,176.8,3.4,1.7,0.708876596,-2.051045424,1.053333333,-2.946666667,0.632314009,-0.821396512,0.608333333,-0.821666667
19B157.07.21,iDolphin,RedRight,tool,1000,James,1,red,1,1,1,16.19354839,12.27027027,0.34,0.22,-0.811,5.189,-33.6,130.5,0.2,3.8,0.198377822,-1.26927555,0.56,-2.175,-0.510498774,0.781769874,-0.493333333,0.771666667
19B157.07.21,iDolphin,RedRight,tool,1000,James,1,green,1,1,1,17,14.6875,0.335,0.295,-3.098,8.606,-67.1,180.6,3.6,1.5,0.757798375,-2.105103972,1.118333333,-3.01,0.559420553,-0.835828422,0.558333333,-0.835
19B157.07.21,iDolphin,RedRight,tool,1000,James,2,red,1,1,1,15.59375,12.86111111,0.319,0.242,-0.23,5.062,-24.6,128.2,0.1,4.3,0.056260048,-1.238210223,0.41,-2.136666667,-0.701538327,0.866893749,-0.708333333,0.873333333
19B157.07.21,iDolphin,RedRight,tool,1000,James,2,green,1,1,1,18.13333333,14.44444444,0.347,0.29,-3.011,8.484,-65.8,178.4,3.5,1.6,0.736517401,-2.075261697,1.096666667,-2.973333333,0.680257353,-0.837051474,0.686666667,-0.836666666
19B157.07.21,iDolphin,RedRight,tool,1100,James,1,red,1,1,1,15.96428571,12.08333333,0.327,0.218,-0.815,5.049,-34.2,127.8,0,3.7,0.199356257,-1.235030307,0.57,-2.13,-0.537161144,0.84023139,-0.526666667,0.843333333
19B157.07.21,iDolphin,RedRight,tool,1100,James,1,green,1,1,1,17,14,0.331,0.284,-3.159,8.656,-67.5,181.3,3.6,1.4,0.772719517,-2.117334413,1.125,-3.021666667,0.57336326,-0.882304106,0.555,-0.891666667
19B157.07.21,iDolphin,RedRight,tool,1100,James,2,red,1,1,1,15.35483871,12.58333333,0.311,0.234,-0.098,5.213,-23.9,130,0.2,4.5,0.023971673,-1.275146162,0.398333333,-2.166666667,-0.748747844,0.842188251,-0.726666667,0.855
19B157.07.21,iDolphin,RedRight,tool,1100,James,2,green,1,1,1,17.11111111,14.76470588,0.335,0.296,-2.843,8.675,-63.6,181.4,3.7,1.7,0.695423107,-2.12198198,1.06,-3.023333333,0.671451434,-0.846835818,0.661666667,-0.856666666
19B157.07.21,iDolphin,RedRight,tool,1100,James,3,red,1,1,1,15.4,12.80555556,0.312,0.24,0.148,4.833,-19.5,124.9,-0.2,4.7,-0.036202118,-1.182194791,0.325,-2.081666667,-0.731625225,0.939787189,-0.735,0.941666666
19B157.07.21,iDolphin,RedRight,tool,1100,James,3,green,1,1,1,17.11764706,14.05882353,0.333,0.284,-2.974,8.607,-66,179.9,3.6,1.6,0.727466872,-2.105348581,1.1,-2.998333333,0.76366899,-0.92315379,0.775,-0.916666666
19B157.07.21,iDolphin,RedRight,tool,1200,James,1,red,1,1,1,15.03571429,12.47222222,0.301,0.231,0.018,4.98,-22.3,126.6,0,4.6,-0.00440296,-1.218152295,0.371666667,-2.11,-0.731869832,0.887196286,-0.728333333,0.888333333
19B157.07.21,iDolphin,RedRight,tool,1200,James,1,green,1,1,1,16.33333333,14.66666667,0.32,0.294,-2.944,8.574,-65.2,179.7,3.6,1.6,0.720128605,-2.09727649,1.086666667,-2.995,0.724531565,-0.879124195,0.715,-0.885
19B157.07.21,iDolphin,RedRight,tool,1200,James,2,red,1,1,1,15.5862069,12.05405405,0.317,0.213,-0.805,5.105,-33.4,129.4,0.1,3.8,0.196910168,-1.248728404,0.556666667,-2.156666667,-0.523218437,0.848548086,-0.53,0.838333333
19B157.07.21,iDolphin,RedRight,tool,1200,James,2,green,1,1,1,16.46666667,14,0.322,0.285,-2.987,8.688,-65.8,180.8,3.7,1.6,0.730646788,-2.125161895,1.096666667,-3.013333333,0.53373662,-0.876433491,0.54,-0.856666666
19B157.07.21,iDolphin,RedRight,tool,1200,James,3,red,1,1,1,14.3,12.06451613,0.279,0.227,-1.526,4.918,-45.4,125.7,-0.1,3,0.373273187,-1.202986545,0.756666667,-2.095,-0.357373601,0.92217535,-0.34,0.918333333
19B157.07.21,iDolphin,RedRight,tool,1200,James,3,green,1,1,1,16.42857143,13.55555556,0.32,0.273,-3.467,8.39,-73.4,176.3,3.4,1.1,0.848059056,-2.052268468,1.223333333,-2.938333333,0.474785869,-0.849281923,0.466666666,-0.843333333
19B157.07.21,iDolphin,RedRight,tool,900,James,1,red,1,1,1,15.53125,12.56756757,0.317,0.233,-0.431,5.037,-29.3,127.1,0,4.1,0.105426438,-1.232095001,0.488333333,-2.118333333,-0.742632618,0.820173467,-0.735,0.82
19B157.07.21,iDolphin,RedRight,tool,900,James,1,green,1,1,1,17.70588235,15.44444444,0.349,0.308,-3.103,8.561,-68.2,179.2,3.6,1.5,0.759021419,-2.094096575,1.136666667,-2.986666667,0.653594981,-0.862001574,0.648333334,-0.868333334
19B157.07.21,iDolphin,RedRight,tool,900,James,2,red,1,1,1,15.67741935,13.12903226,0.321,0.246,-0.293,4.982,-27.1,127,0,4.3,0.071670409,-1.218641513,0.451666667,-2.116666667,-0.68735101,0.875455062,-0.685,0.87
19B157.07.21,iDolphin,RedRight,tool,900,James,2,green,1,1,1,18.375,14.95,0.358,0.299,-3.034,8.491,-67.6,178.6,3.5,1.5,0.742143406,-2.076973958,1.126666667,-2.976666667,0.670472997,-0.858332445,0.675,-0.86
19B157.07.21,iDolphin,RedRight,tool,900,James,3,red,1,1,1,15.96774194,13.35714286,0.33,0.255,-0.219,5.123,-26.5,127.3,0.1,4.3,0.05356935,-1.253131364,0.441666667,-2.121666667,-0.688574056,0.823842594,-0.685,0.855
19B157.07.21,iDolphin,RedRight,tool,900,James,3,green,1,1,1,18,15.66666667,0.35,0.314,-3.059,8.499,-68.4,178.4,3.5,1.5,0.748258628,-2.078930829,1.14,-2.973333333,0.694689278,-0.825799465,0.698333333,-0.851666666
19B157.07.22,iDolphin,RedRight,tool,600,James,1,red,1,1,1,22.85185185,19.73529412,0.552,0.483,-3.114,-0.99,-68.9,39.5,-6,1.5,0.761712117,0.242162815,1.148333333,-0.658333333,0.013453489,2.321093644,0.008333333,2.315
19B157.07.22,iDolphin,RedRight,tool,600,James,1,green,1,1,1,25.39130435,20.61764706,0.546,0.51,-7.611,1.782,-134.5,79.9,-3.2,-3,1.861718193,-0.435893066,2.241666667,-1.331666667,1.100006076,-0.678055881,1.093333334,-0.673333334
19B157.07.22,iDolphin,RedRight,tool,600,James,2,red,1,1,1,22.26923077,19.12121212,0.542,0.456,-2.751,-1.079,-62.4,38.5,-6.1,1.8,0.672919089,0.263933008,1.04,-0.641666667,-1.188799104,0.699826074,-1.201666667,0.69
19B157.07.22,iDolphin,RedRight,tool,600,James,2,green,1,1,1,24.11111111,20.35294118,0.516,0.503,-7.745,1.854,-135.7,80.7,-3.2,-3.2,1.894495776,-0.453504907,2.261666667,-1.345,1.221576687,-0.717437915,1.221666667,-0.703333333
19B157.07.22,iDolphin,RedRight,tool,500,James,1,red,1,1,1,22.92592593,19.55882353,0.579,0.482,-2.675,-1.065,-62.5,38.3,-6.1,1.9,0.654328813,0.260508483,1.041666667,-0.638333333,-1.240166963,0.71401339,-1.22,0.706666667
19B157.07.22,iDolphin,RedRight,tool,500,James,1,green,1,1,1,24.56521739,21.4,0.555,0.566,-7.598,1.917,-133.9,81.9,-3.1,-3,1.858538278,-0.468915268,2.231666667,-1.365,1.204209465,-0.729423751,1.19,-0.726666667
19B157.07.22,iDolphin,RedRight,tool,500,James,2,red,1,1,1,23.86206897,21.18181818,0.604,0.55,-2.926,-0.798,-65.1,42.2,-5.8,1.6,0.715725645,0.195197906,1.085,-0.703333333,-1.142812633,0.664113174,-1.146666667,0.661666667
19B157.07.22,iDolphin,RedRight,tool,500,James,2,green,1,1,1,25.375,22.27586207,0.58,0.584,-7.813,1.868,-138.1,80.2,-3.1,-3.2,1.911129177,-0.456929432,2.301666667,-1.336666667,1.195403532,-0.652127338,1.216666667,-0.633333334
19B157.07.22,iDolphin,RedRight,tool,500,James,3,red,1,1,1,23.5,20.34375,0.588,0.51,-3.244,-0.849,-70.2,41.3,-5.9,1.3,0.793511273,0.20767296,1.17,-0.688333333,-1.117617904,0.664602392,-1.131666667,0.648333334
19B157.07.22,iDolphin,RedRight,tool,500,James,3,green,1,1,1,25.34782609,22,0.563,0.601,-7.785,1.693,-137.3,77.9,-3.3,-3.2,1.904280129,-0.414122874,2.288333333,-1.298333333,1.110768856,-0.621795834,1.118333333,-0.61
19B157.07.22,iDolphin,RedRight,tool,700,James,1,red,1,1,1,20.58333333,17.625,0.468,0.385,-2.709,-1.14,-62.5,36.1,-6.1,1.9,0.662645515,0.278854151,1.041666667,-0.601666667,-1.241634614,0.692977025,-1.246666666,0.696666666
19B157.07.22,iDolphin,RedRight,tool,700,James,1,green,1,1,1,20.72222222,17.93548387,0.429,0.391,-7.514,1.889,-133.3,81,-3.1,-3,1.837991136,-0.462066218,2.221666667,-1.35,1.175345621,-0.740920369,1.18,-0.748333333
19B157.07.22,iDolphin,RedRight,tool,700,James,2,red,1,1,1,20.41666667,16.93939394,0.464,0.365,-2.512,-1.022,-60.3,38,-6,2.1,0.614457562,0.2499903,1.005,-0.633333333,-1.223533574,0.712056518,-1.216666667,0.716666667
19B157.07.22,iDolphin,RedRight,tool,700,James,2,green,1,1,1,20,17.73333333,0.416,0.381,-7.509,1.984,-132.6,83,-3,-2.9,1.836768092,-0.485304064,2.21,-1.383333333,1.22231053,-0.735294364,1.205,-0.75
19B157.07.22,iDolphin,RedRight,tool,800,James,1,red,1,1,1,18.82608696,16.06896552,0.406,0.333,-2.542,-1.016,-60.4,38.4,-6,2,0.621795829,0.248522647,1.006666667,-0.64,-1.214972263,0.733826711,-1.203333333,0.743333333
19B157.07.22,iDolphin,RedRight,tool,800,James,1,green,1,1,1,18.22222222,16.23076923,0.369,0.333,-7.665,1.862,-135.8,80.9,-3.1,-3.1,1.87492707,-0.455461778,2.263333333,-1.348333333,1.253131241,-0.703984425,1.256666666,-0.708333333
19B157.07.22,iDolphin,RedRight,tool,800,James,2,red,1,1,1,18.73913043,16.43333333,0.404,0.344,-2.555,-1.022,-60.8,39.2,-6,2,0.624975745,0.2499903,1.013333333,-0.653333333,-1.249951325,0.705452078,-1.25,0.695
19B157.07.22,iDolphin,RedRight,tool,800,James,2,green,1,1,1,18.31578947,16.46153846,0.373,0.338,-7.723,1.967,-136.9,82.4,-3,-3.2,1.889114382,-0.481145713,2.281666667,-1.373333333,1.264138637,-0.731136013,1.268333334,-0.72
19B157.07.22,iDolphin,RedRight,tool,900,James,1,red,1,1,1,18,15.60714286,0.383,0.317,-2.436,-0.951,-59.3,39.5,-6,2.1,0.595867286,0.232623068,0.988333333,-0.658333333,-1.293247096,0.713768781,-1.293333334,0.715
19B157.07.22,iDolphin,RedRight,tool,900,James,1,green,1,1,1,16.63157895,14.95454545,0.33,0.299,-7.789,2.02,-137.5,82.9,-3,-3.2,1.905258565,-0.494109984,2.291666667,-1.381666667,1.309391279,-0.726733052,1.303333334,-0.723333334
19B157.07.22,iDolphin,RedRight,tool,900,James,2,red,1,1,1,18.54545455,15.66666667,0.388,0.318,-2.672,-1.167,-63.5,36.7,-6.2,1.9,0.653594986,0.285458591,1.058333333,-0.611666667,-1.251663579,0.779568575,-1.233333334,0.77
19B157.07.22,iDolphin,RedRight,tool,900,James,2,green,1,1,1,16.05,14.58333333,0.321,0.29,-7.963,2.03,-139.7,83.3,-3,-3.4,1.947820501,-0.496556073,2.328333333,-1.388333333,1.294225515,-0.782014664,1.27,-0.776666666
19B157.07.22,iDolphin,RedRight,tool,1100,James,2,red,1,1,1,17.04166667,15.21428571,0.356,0.306,-2.71,-1.158,-63.6,37.1,-6.2,1.9,0.662890124,0.283257111,1.06,-0.618333333,-1.284930377,0.779813184,-1.268333333,0.77
19B157.07.22,iDolphin,RedRight,tool,1100,James,2,green,1,1,1,15.5,13.94736842,0.308,0.278,-7.711,2.077,-136.7,84.3,-2.9,-3.1,1.886179076,-0.508052692,2.278333333,-1.405,1.223288952,-0.791309803,1.218333333,-0.786666667
19B157.07.22,iDolphin,RedRight,tool,1100,James,3,red,1,1,1,16.76,14.25,0.348,0.279,-2.828,-0.943,-65.6,39.5,-6,1.7,0.691753974,0.230666197,1.093333333,-0.658333333,-1.194425102,0.738718889,-1.185,0.746666667
19B157.07.22,iDolphin,RedRight,tool,1100,James,3,green,1,1,1,15.75,14.80952381,0.312,0.296,-7.722,1.813,-137.4,80.4,-3.2,-3.2,1.888869773,-0.443475942,2.29,-1.34,1.197115799,-0.674142139,1.196666667,-0.681666667
19B157.07.22,iDolphin,RedRight,tool,600,James,3,red,1,1,1,21.96666667,18.25,0.531,0.425,-3.032,-1.013,-68.7,38.6,-6,1.5,0.741654188,0.24778882,1.145,-0.643333333,-1.147215585,0.691264762,-1.145,0.696666667
19B157.07.22,iDolphin,RedRight,tool,600,James,3,green,1,1,1,24.25,20.5,0.519,0.528,-7.826,1.652,-138.4,77.2,-3.4,-3.3,1.914309091,-0.404093909,2.306666667,-1.286666667,1.172654903,-0.651882729,1.161666667,-0.643333334
19B157.07.22,iDolphin,RedRight,tool,1100,James,1,red,1,1,1,17.375,14.89655172,0.363,0.297,-2.828,-1.099,-64.6,37,-6.1,1.7,0.691753974,0.268825186,1.076666667,-0.616666667,-1.222555117,0.672919095,-1.23,0.67
19B157.07.22,iDolphin,RedRight,tool,1100,James,1,green,1,1,1,16.26315789,14.66666667,0.321,0.293,-7.848,1.754,-138.9,78.9,-3.3,-3.3,1.919690486,-0.429044017,2.315,-1.315,1.227936512,-0.697869203,1.238333333,-0.698333333
19B157.07.22,iDolphin,RedRight,tool,700,James,3,red,1,1,1,20.36,17.4375,0.455,0.382,-2.896,-1.025,-65.4,38.9,-6,1.7,0.708387378,0.250724127,1.09,-0.648333333,-1.211303108,0.679768144,-1.225,0.666666667
19B157.07.22,iDolphin,RedRight,tool,700,James,3,green,1,1,1,21,18.06451613,0.429,0.394,-7.86,1.614,-137.7,76.6,-3.4,-3.3,1.922625792,-0.394798771,2.295,-1.276666667,1.214238414,-0.645522898,1.205,-0.628333334
19B157.07.22,iDolphin,RedRight,tool,800,James,3,red,1,1,1,18.40909091,15.03225806,0.396,0.301,-2.698,-1.473,-64,31.7,-6.5,1.9,0.659954817,0.360308916,1.066666667,-0.528333333,-1.262670975,0.755107687,-1.228333333,0.748333334
19B157.07.22,iDolphin,RedRight,tool,800,James,3,green,1,1,1,17.31578947,15.92592593,0.345,0.325,-7.626,1.891,-134.6,81.3,-3.1,-3.1,1.865387325,-0.462555436,2.243333333,-1.355,1.205432508,-0.822864352,1.176666666,-0.826666667
19B157.07.22,iDolphin,RedRight,tool,900,James,3,red,1,1,1,17.76923077,15.44827586,0.379,0.313,-2.632,-1.191,-62.3,35.8,-6.2,1.9,0.64381063,0.291329205,1.038333333,-0.596666667,-1.221576695,0.753884641,-1.205,0.758333333
19B157.07.22,iDolphin,RedRight,tool,900,James,3,green,1,1,1,16.94736842,15.28,0.338,0.307,-7.764,1.754,-136.9,79.2,-3.3,-3.2,1.899143344,-0.429044017,2.281666667,-1.32,1.255332714,-0.720373222,1.243333334,-0.723333333
19B157.07.22,iDolphin,RedRight,tool,1000,James,1,red,1,1,1,17.125,14.79310345,0.359,0.294,-2.538,-1.197,-60.2,35.9,-6.2,2,0.620817394,0.292796858,1.003333333,-0.598333333,-1.27832595,0.721840875,-1.278333334,0.721666667
19B157.07.22,iDolphin,RedRight,tool,1000,James,1,green,1,1,1,16,14.6,0.317,0.292,-7.746,1.764,-137.2,79,-3.2,-3.2,1.894740385,-0.431490106,2.286666667,-1.316666667,1.273922991,-0.724286964,1.283333334,-0.718333334
19B157.07.22,iDolphin,RedRight,tool,1000,James,2,red,1,1,1,17.5,15.23333333,0.367,0.307,-2.624,-1.123,-62.9,37.7,-6.1,1.9,0.641853759,0.2746958,1.048333333,-0.628333333,-1.252886626,0.706185906,-1.238333334,0.688333334
19B157.07.22,iDolphin,RedRight,tool,1000,James,2,green,1,1,1,16.33333333,14.47826087,0.325,0.288,-7.706,1.702,-136.6,78,-3.3,-3.1,1.884956032,-0.416324354,2.276666667,-1.3,1.243102273,-0.691020154,1.228333334,-0.671666667
19B157.07.22,iDolphin,RedRight,tool,1000,James,3,red,1,1,1,17.83333333,15.15384615,0.379,0.304,-2.583,-1.162,-61.2,36.8,-6.2,2,0.631824794,0.284235547,1.02,-0.613333333,-1.253131238,0.700559901,-1.256666667,0.686666667
19B157.07.22,iDolphin,RedRight,tool,1000,James,3,green,1,1,1,16.17647059,14.72727273,0.321,0.294,-7.739,1.74,-137,78.6,-3.3,-3.2,1.893028123,-0.425619492,2.283333333,-1.31,1.261203329,-0.709855039,1.263333333,-0.696666667
19B157.07.22,iDolphin,RedRight,tool,1200,James,1,red,1,1,1,17.125,14.96428571,0.356,0.299,-2.536,-1.155,-60.5,36.2,-6.2,2,0.620328176,0.282523284,1.008333333,-0.603333333,-1.272699947,0.708142776,-1.275,0.706666667
19B157.07.22,iDolphin,RedRight,tool,1200,James,1,green,1,1,1,15.07142857,13.8,0.301,0.276,-7.776,1.76,-137.7,80,-3.2,-3.2,1.90207865,-0.43051167,2.295,-1.333333333,1.281750474,-0.713034954,1.286666667,-0.73
19B157.07.22,iDolphin,RedRight,tool,1200,James,2,red,1,1,1,16.96,14.57142857,0.354,0.288,-2.552,-1.336,-60.5,34,-6.3,2,0.624241918,0.326797496,1.008333333,-0.566666667,-1.277836732,0.757309166,-1.286666667,0.766666666
19B157.07.22,iDolphin,RedRight,tool,1200,James,2,green,1,1,1,14.41176471,13.3125,0.29,0.269,-7.625,1.942,-135.5,82.1,-3.1,-3.1,1.865142716,-0.47503049,2.258333333,-1.368333333,1.240900798,-0.801827986,1.25,-0.801666666
19B157.07.22,iDolphin,RedRight,tool,1200,James,3,red,1,1,1,16.53846154,14.89285714,0.344,0.297,-2.584,-1.193,-61.8,36.3,-6.2,2,0.632069403,0.291818423,1.03,-0.605,-1.233073313,0.766848913,-1.228333333,0.763333333
19B157.07.22,iDolphin,RedRight,tool,1200,James,3,green,1,1,1,15.26666667,14.0952381,0.304,0.281,-7.559,1.877,-133.6,80.8,-3.1,-3,1.848998533,-0.459130912,2.226666667,-1.346666667,1.21692913,-0.750949335,1.196666667,-0.741666667
19b157.11.22,iDolphin,RedRight,tool,500,James,1,red,1,1,1,23.61538462,21.2962963,0.6,0.523,-0.232,-0.186,-24.8,49.5,-5.2,4.3,0.056749266,0.045497256,0.413333333,-0.825,-1.792249267,0.504628168,-1.813333334,0.521666667
19b157.11.22,iDolphin,RedRight,tool,500,James,1,green,1,1,1,24.84210526,22.5,0.579,0.592,-4.216,3.905,-83.3,111.3,-1.1,0.3,1.031271112,-0.955197749,1.388333333,-1.855,0.974521846,-1.000695005,0.975,-1.03
19b157.11.22,iDolphin,RedRight,tool,500,James,2,red,1,1,1,23.65384615,21.42857143,0.602,0.532,-0.583,-0.164,-30.6,51,-5.2,4,0.142606991,0.04011586,0.51,-0.85,-0.888664121,0.995313609,-0.878333333,1.005
19b157.11.22,iDolphin,RedRight,tool,500,James,2,green,1,1,1,25.57142857,22.79411765,0.573,0.617,-4.453,3.916,-87.7,111.1,-1.1,0.1,1.089243417,-0.957888447,1.461666667,-1.851666667,0.946636426,-0.998004307,0.951666667,-1.001666667
19b157.11.22,iDolphin,RedRight,tool,500,James,3,red,1,1,1,23.62962963,21.89285714,0.603,0.548,-0.624,-0.303,-31.3,49.1,-5.3,3.9,0.152635957,0.074116498,0.521666667,-0.818333333,-0.93660746,1.032004945,-0.94,1.033333334
19b157.11.22,iDolphin,RedRight,tool,500,James,3,green,1,1,1,26.10526316,22.93939394,0.589,0.609,-4.592,3.838,-89.9,109.5,-1.2,0,1.123244051,-0.938808953,1.498333333,-1.825,0.970608094,-1.012925451,0.976666666,-1.006666667
19b157.11.22,iDolphin,RedRight,tool,600,James,1,red,1,1,1,22.28571429,19.6969697,0.548,0.469,-0.372,-0.227,-27.9,50.2,-5.2,4.2,0.090994513,0.055526221,0.465,-0.836666667,-1.032249538,0.994335174,-1.033333333,0.988333333
19b157.11.22,iDolphin,RedRight,tool,600,James,1,green,1,1,1,23.66666667,20.90909091,0.515,0.517,-4.407,3.972,-87.1,111.4,-1,0.2,1.077991408,-0.971586544,1.451666667,-1.856666667,0.986996895,-1.027112765,0.986666667,-1.02
19b157.11.22,iDolphin,RedRight,tool,600,James,2,red,1,1,1,21.84615385,17.6,0.54,0.396,-0.361,-0.649,-26.8,43.5,-5.7,4.2,0.088303815,0.158751179,0.446666667,-0.725,-0.989687593,1.130337723,-1.005,1.131666667
19b157.11.22,iDolphin,RedRight,tool,600,James,2,green,1,1,1,23.8125,20.78947368,0.51,0.534,-4.579,3.654,-89.4,107,-1.4,0,1.120064136,-0.893800918,1.49,-1.783333333,1.031760321,-1.052552097,1.043333333,-1.058333333
19b157.11.22,iDolphin,RedRight,tool,600,James,3,red,1,1,1,22.42307692,19.89655172,0.547,0.47,-0.846,-0.159,-34.8,51.5,-5.2,3.7,0.206939133,0.038892816,0.58,-0.858333333,-0.913125003,0.932693734,-0.91,0.925
19b157.11.22,iDolphin,RedRight,tool,600,James,3,green,1,1,1,24.33333333,21.27777778,0.526,0.539,-4.427,3.862,-86.7,109.2,-1.1,0.1,1.082883586,-0.944679567,1.445,-1.82,0.875944453,-0.983572383,0.865,-0.961666667
19b157.11.22,iDolphin,RedRight,tool,700,Adrian,1,red,1,1,1,20.47619048,17.68965517,0.471,0.387,-0.314,-0.265,-25.8,49.4,-5.3,4.3,0.076807196,0.06482136,0.43,-0.823333333,-1.00607639,1.009500927,-1.015,0.996666667
19b157.11.22,iDolphin,RedRight,tool,700,Adrian,1,green,1,1,1,20.31578947,19.06666667,0.432,0.432,-4.329,3.948,-86.3,111.3,-1.1,0.2,1.058911916,-0.965715931,1.438333333,-1.855,0.98210472,-1.030537291,1.008333333,-1.031666667
19b157.11.22,iDolphin,RedRight,tool,700,Adrian,2,red,1,1,1,20.625,18.71428571,0.475,0.416,-0.37,-0.309,-28.2,48.9,-5.3,4.2,0.090505295,0.075584152,0.47,-0.815,-0.968406621,1.041300083,-0.968333333,1.04
19b157.11.22,iDolphin,RedRight,tool,700,Adrian,2,green,1,1,1,21.10526316,19.09677419,0.442,0.426,-4.36,3.925,-86.6,111.4,-1.1,0.2,1.066494791,-0.960089927,1.443333333,-1.856666667,0.975989496,-1.035674079,0.973333333,-1.041666667
19b157.11.22,iDolphin,RedRight,tool,700,Adrian,3,red,1,1,1,20.91304348,18.71428571,0.476,0.415,-0.344,-0.377,-27.5,48.9,-5.4,4.2,0.084145463,0.092217557,0.458333333,-0.815,-0.982349328,1.052307484,-0.985,1.041666667
19b157.11.22,iDolphin,RedRight,tool,700,Adrian,3,green,1,1,1,21.26315789,19.29032258,0.444,0.437,-4.342,3.92,-86.5,111,-1.1,0.2,1.062091831,-0.958866882,1.441666667,-1.85,0.977946368,-1.051084439,0.983333334,-1.035
19b157.11.22,iDolphin,RedRight,tool,800,Adrian,3,red,1,1,1,18.24,15.58064516,0.401,0.318,-0.031,-0.464,-22.9,46.7,-5.5,4.5,0.007582876,0.113498532,0.381666667,-0.778333333,-1.054508955,1.072365414,-1.06,1.071666667
19b157.11.22,iDolphin,RedRight,tool,800,Adrian,3,green,1,1,1,17.68421053,16.56,0.353,0.334,-4.282,3.794,-85.2,109.1,-1.2,0.3,1.047415298,-0.928046162,1.42,-1.818333333,1.039832422,-1.041544694,1.038333333,-1.04
19b157.11.22,iDolphin,RedRight,tool,800,Adrian,2,red,1,1,1,19.13043478,16.77777778,0.42,0.349,-0.677,-0.26,-32.9,49.4,-5.3,3.9,0.165600228,0.063598315,0.548333333,-0.823333333,-0.88181507,0.991644477,-0.871666667,0.995
19b157.11.22,iDolphin,RedRight,tool,800,Adrian,2,green,1,1,1,19.10526316,17.2,0.39,0.358,-4.399,3.858,-87.3,109.3,-1.2,0.2,1.076034537,-0.943701131,1.455,-1.821666667,0.910434309,-1.007299446,0.906666667,-0.998333334
19b157.11.22,iDolphin,RedRight,tool,800,Adrian,1,red,1,1,1,19.45833333,17.14814815,0.427,0.361,-0.485,-0.249,-30.1,49.8,-5.3,4.1,0.118635319,0.060907617,0.501666667,-0.83,-0.957399218,1.004608748,-0.953333333,0.991666667
19b157.11.22,iDolphin,RedRight,tool,800,Adrian,1,green,1,1,1,19.2,17.03703704,0.393,0.35,-4.299,4.031,-85.9,112.7,-1,0.3,1.051573649,-0.986018468,1.431666667,-1.878333333,0.93293833,-1.046926085,0.93,-1.048333333
19b157.11.22,iDolphin,RedRight,tool,900,Adrian,1,red,1,1,1,18.72727273,17.24137931,0.407,0.365,-0.415,-0.17,-29,51.6,-5.2,4.1,0.101512695,0.041583514,0.483333333,-0.86,-0.950060954,1.027601982,-0.948333334,1.018333333
19b157.11.22,iDolphin,RedRight,tool,900,Adrian,1,green,1,1,1,18.57894737,16.81481481,0.377,0.346,-4.387,3.952,-86.9,111.9,-1.1,0.2,1.073099231,-0.966694366,1.448333333,-1.865,0.971586536,-1.00827788,0.965,-1.005
19b157.11.22,iDolphin,RedRight,tool,900,Adrian,2,red,1,1,1,18.32,16.57142857,0.399,0.346,-0.371,-0.213,-28.6,50.4,-5.2,4.2,0.090749904,0.052101697,0.476666667,-0.84,-0.982349327,1.018796063,-0.971666666,1.025
19b157.11.22,iDolphin,RedRight,tool,900,Adrian,2,green,1,1,1,17.9,16.32,0.36,0.329,-4.422,3.941,-87.6,111.1,-1.1,0.1,1.081660542,-0.964003669,1.46,-1.851666667,0.990910638,-1.016105366,0.983333333,-1.011666667
19b157.11.22,iDolphin,RedRight,tool,900,Adrian,3,red,1,1,1,18.20833333,15.96428571,0.394,0.327,-0.249,-0.351,-27.1,48.6,-5.4,4.3,0.060907617,0.085857726,0.451666667,-0.81,-1.020752925,1.049861395,-1.008333333,1.041666667
19b157.11.22,iDolphin,RedRight,tool,900,Adrian,3,green,1,1,1,17.4,15.95,0.349,0.319,-4.188,4.072,-83.6,112.7,-0.9,0.4,1.024422063,-0.996047433,1.393333333,-1.878333333,0.963514446,-1.081905159,0.941666666,-1.068333333
19b157.11.22,iDolphin,RedRight,tool,1000,Adrian,1,red,1,1,1,17.53333333,15.07407407,0.38,0.302,-0.416,-0.746,-28.6,42.6,-5.8,4.1,0.101757304,0.182478243,0.476666667,-0.71,-0.922664759,1.178525676,-0.916666666,1.168333333
19b157.11.22,iDolphin,RedRight,tool,1000,Adrian,1,green,1,1,1,16.42105263,15.55555556,0.327,0.31,-4.374,3.849,-87,109.6,-1.2,0.2,1.069919315,-0.941499651,1.45,-1.826666667,0.968162011,-1.123977894,0.973333333,-1.116666667
19b157.11.22,iDolphin,RedRight,tool,1000,Adrian,2,red,1,1,1,17.62068966,16,0.384,0.325,-0.335,-0.404,-27.4,47.6,-5.4,4.2,0.081943983,0.098821998,0.456666667,-0.793333333,-0.987975332,1.040321649,-0.993333333,1.033333334
19b157.11.22,iDolphin,RedRight,tool,1000,Adrian,2,green,1,1,1,17.6,15.90909091,0.351,0.32,-4.536,4.01,-89.4,111.9,-1,0,1.109545954,-0.980881682,1.49,-1.865,1.027601971,-1.07970368,1.033333333,-1.071666667
19b157.11.22,iDolphin,RedRight,tool,1000,Adrian,3,red,1,1,1,18.08695652,17.14285714,0.392,0.356,-0.561,-0.236,-31.3,50,-5.2,4,0.137225596,0.057727702,0.521666667,-0.833333333,-0.972320358,1.038609384,-0.968333333,1.031666667
19b157.11.22,iDolphin,RedRight,tool,1000,Adrian,3,green,1,1,1,18.05555556,16.52,0.369,0.335,-4.305,3.96,-86.4,112.2,-1,0.3,1.053041302,-0.968651238,1.44,-1.87,0.915815706,-1.02637894,0.918333333,-1.036666667
19b157.11.22,iDolphin,RedRight,tool,1100,Adrian,1,red,1,1,1,17.96153846,16.37037037,0.383,0.338,-0.495,-0.308,-30.9,48.7,-5.3,4.1,0.121081408,0.075339543,0.515,-0.811666667,-0.931959894,1.043990781,-0.925,1.058333333
19b157.11.22,iDolphin,RedRight,tool,1100,Adrian,1,green,1,1,1,17.36363636,16.125,0.349,0.325,-4.417,3.966,-87.6,112,-1,0.1,1.080437497,-0.970118891,1.46,-1.866666667,0.959356089,-1.045458434,0.945,-1.055
19b157.11.22,iDolphin,RedRight,tool,1100,Adrian,2,red,1,1,1,17.5,15.56,0.374,0.314,0.027,0.096,-23,54.8,-4.9,4.6,-0.00660444,-0.023482455,0.383333333,-0.913333333,-1.087041937,0.946636436,-1.076666667,0.953333334
19b157.11.22,iDolphin,RedRight,tool,1100,Adrian,2,green,1,1,1,17.05,15.13636364,0.339,0.303,-4.123,4.208,-82.7,115.5,-0.8,0.4,1.008522486,-1.029314241,1.378333333,-1.925,1.015126926,-1.005831786,0.995,-1.011666667
19b157.11.22,iDolphin,RedRight,tool,1100,Adrian,3,red,1,1,1,18.08333333,16.44444444,0.389,0.338,-0.426,-0.23,-29.1,50.5,-5.2,4.1,0.104203393,0.056260048,0.485,-0.841666667,-0.904319093,1.085574289,-0.893333333,1.083333333
19b157.11.22,iDolphin,RedRight,tool,1100,Adrian,3,green,1,1,1,17.52380952,15.85,0.351,0.317,-4.319,3.963,-86.8,112.1,-1,0.2,1.056465827,-0.969385064,1.446666667,-1.868333333,0.952262434,-1.025645112,0.961666667,-1.026666666
19b157.11.22,iDolphin,RedRight,tool,1200,Adrian,1,red,1,1,1,17.62962963,15.73076923,0.374,0.319,-0.346,-0.524,-28.5,45.7,-5.5,4.2,0.084634681,0.128175066,0.475,-0.761666667,-0.971831146,1.09756013,-0.971666667,1.106666666
19b157.11.22,iDolphin,RedRight,tool,1200,Adrian,1,green,1,1,1,16.63157895,15.23809524,0.33,0.305,-4.474,3.973,-87.9,111.6,-1,0.1,1.094380203,-0.971831153,1.465,-1.86,1.009745522,-1.100006219,0.99,-1.098333333
19b157.11.22,iDolphin,RedRight,tool,1200,Adrian,2,red,1,1,1,17.1,16.32,0.364,0.332,-0.532,-0.306,-31.7,49.3,-5.3,4,0.130131937,0.074850325,0.528333333,-0.821666667,-0.964248266,1.046681478,-0.936666667,1.038333333
19b157.11.22,iDolphin,RedRight,tool,1200,Adrian,2,green,1,1,1,17.09090909,15.45,0.341,0.309,-4.332,3.95,-87,111.1,-1.1,0.2,1.059645742,-0.966205149,1.45,-1.851666667,0.929513805,-1.041055474,0.921666667,-1.03
19b157.11.22,iDolphin,RedRight,tool,1200,Adrian,3,red,1,1,1,17.37037037,15.62962963,0.368,0.317,-0.288,-0.382,-27.8,49.1,-5.4,4.3,0.070447365,0.093440602,0.463333333,-0.818333333,-0.989198377,1.059645751,-0.986666667,1.033333334
19b157.11.22,iDolphin,RedRight,tool,1200,Adrian,3,green,1,1,1,16.77777778,15,0.33,0.3,-4.294,3.93,-85.9,110.7,-1.1,0.3,1.050350605,-0.961312971,1.431666667,-1.845,0.97990324,-1.054753573,0.968333334,-1.026666667
19B157.07.31,iDolphin,RedRight,tool,500,James,1,red,1,1,1,21.83333333,18.2,0.549,0.436,-11.861,10.674,-197.7,210.4,5.7,-7.3,2.901305532,-2.610954948,3.295,-3.506666667,1.850954927,-1.649641977,1.863333333,-1.661666667
19B157.07.31,iDolphin,RedRight,tool,500,James,1,green,1,1,1,20.06451613,19.525,0.494,0.493,-19.278,17.323,-307.2,308.6,12.3,-14.7,4.71556751,-4.237357913,5.12,-5.143333333,1.814261978,-1.626402965,1.825,-1.636666666
19B157.07.31,iDolphin,RedRight,tool,500,James,2,red,1,1,1,20.93548387,17.12195122,0.525,0.4,-11.891,10.583,-197,208.5,5.6,-7.3,2.908643793,-2.588695551,3.283333333,-3.475,-1.806923717,1.648662362,-1.836666667,1.668333333
19B157.07.31,iDolphin,RedRight,tool,500,James,2,green,1,1,1,19.60606061,18.86666667,0.467,0.486,-19.004,17.025,-302.5,302.4,12,-14.4,4.648544794,-4.164464568,5.041666667,-5.04,1.739901001,-1.575769017,1.758333334,-1.565
19B157.07.31,iDolphin,RedRight,tool,500,James,3,red,1,1,1,21.24137931,18.11111111,0.541,0.434,-11.771,10.829,-196.8,212.5,5.8,-7.2,2.879290746,-2.648869306,3.28,-3.541666667,-1.769254048,1.515595262,-1.761666667,1.498333333
19B157.07.31,iDolphin,RedRight,tool,500,James,3,green,1,1,1,19.62857143,19.15384615,0.474,0.483,-19.478,17.28,-309,306.7,12.3,-14.9,4.764489198,-4.226839746,5.15,-5.111666667,1.885198452,-1.57797044,1.87,-1.57
19B157.07.31,iDolphin,RedRight,tool,600,James,1,red,1,1,1,19.63333333,15.95,0.472,0.338,-11.703,10.325,-195.3,205.2,5.3,-7.1,2.862657352,-2.525586488,3.255,-3.42,-1.901831846,1.701253258,-1.895,1.691666667
19B157.07.31,iDolphin,RedRight,tool,600,James,1,green,1,1,1,18.28571429,17.76190476,0.415,0.411,-19.409,16.811,-308.5,299.8,11.8,-14.8,4.747611216,-4.112118338,5.141666667,-4.996666667,1.884953864,-1.58653185,1.886666667,-1.576666667
19B157.07.31,iDolphin,RedRight,tool,600,James,2,red,1,1,1,20.15384615,16.94736842,0.477,0.377,-11.819,10.539,-197.5,208.2,5.5,-7.3,2.891031965,-2.577932765,3.291666667,-3.47,-1.856579251,1.534185573,-1.85,1.526666667
19B157.07.31,iDolphin,RedRight,tool,600,James,2,green,1,1,1,18.28571429,17.73809524,0.418,0.414,-19.082,16.931,-303.3,301.7,11.9,-14.5,4.667624254,-4.141471364,5.055,-5.028333333,1.776592289,-1.563538599,1.763333333,-1.558333333
19B157.07.31,iDolphin,RedRight,tool,600,James,3,red,1,1,1,20.14814815,16.71052632,0.477,0.371,-11.724,10.398,-195.7,206.1,5.4,-7.2,2.867794135,-2.543442928,3.261666667,-3.435,-1.799830119,1.598028436,-1.793333333,1.593333333
19B157.07.31,iDolphin,RedRight,tool,600,James,3,green,1,1,1,18.43333333,17.71794872,0.423,0.408,-19.323,17.181,-307.2,305.6,12.2,-14.8,4.72657489,-4.202623501,5.12,-5.093333333,1.858780755,-1.659180573,1.858333333,-1.658333333
19B157.07.31,iDolphin,RedRight,tool,700,James,1,red,1,1,1,18.59259259,15.41176471,0.413,0.314,-11.535,10.674,-193.2,209.9,5.7,-7,2.821563084,-2.610954948,3.22,-3.498333333,-1.905011806,1.591668553,-1.9,1.595
19B157.07.31,iDolphin,RedRight,tool,700,James,1,green,1,1,1,16.79310345,15.83870968,0.354,0.326,-18.995,17.066,-303.1,304.3,12.1,-14.4,4.646343318,-4.174493518,5.051666667,-5.071666667,1.824780234,-1.56353857,1.831666667,-1.573333334
19B157.07.31,iDolphin,RedRight,tool,700,James,2,red,1,1,1,18.48148148,15.62857143,0.41,0.322,-11.771,10.641,-196.5,209.7,5.6,-7.2,2.879290746,-2.602882859,3.275,-3.495,-1.767052572,1.571610659,-1.776666667,1.576666667
19B157.07.31,iDolphin,RedRight,tool,700,James,2,green,1,1,1,16.72413793,15.87878788,0.354,0.329,-19.215,17.368,-305.9,308,12.4,-14.7,4.700157178,-4.248365297,5.098333333,-5.133333333,1.820866432,-1.645482438,1.823333333,-1.638333333
19B157.07.31,iDolphin,RedRight,tool,700,James,3,red,1,1,1,18.22222222,14.56410256,0.404,0.283,-11.957,10.451,-199.2,206.8,5.4,-7.4,2.92478797,-2.556407193,3.32,-3.446666667,-1.775369208,1.691958104,-1.778333333,1.686666666
19B157.07.31,iDolphin,RedRight,tool,700,James,3,green,1,1,1,16.2962963,15.5,0.339,0.316,-19.326,16.979,-307.6,301.8,12,-14.8,4.727308715,-4.153212575,5.126666667,-5.03,1.802520745,-1.596805382,1.806666667,-1.583333333
19B157.07.31,iDolphin,RedRight,tool,800,James,1,red,1,1,1,16.5862069,13.34285714,0.348,0.245,-11.947,10.342,-199,204.9,5.3,-7.4,2.922341882,-2.529744837,3.316666667,-3.415,-1.804966833,1.623467738,-1.81,1.615
19B157.07.31,iDolphin,RedRight,tool,800,James,1,green,1,1,1,14.73333333,13.63636364,0.292,0.268,-19.08,16.932,-304.7,301.7,11.9,-14.5,4.667135037,-4.141715973,5.078333333,-5.028333333,1.744793155,-1.611971136,1.761666666,-1.613333333
19B157.07.31,iDolphin,RedRight,tool,800,James,2,red,1,1,1,16.96296296,14.17647059,0.357,0.272,-11.473,10.688,-192.3,210.3,5.7,-6.9,2.806397342,-2.614379471,3.205,-3.505,-1.860737695,1.527336502,-1.873333333,1.523333333
19B157.07.31,iDolphin,RedRight,tool,800,James,2,green,1,1,1,15.23333333,13.92,0.307,0.272,-19.166,17.208,-304.9,305.6,12.2,-14.6,4.688171364,-4.209227931,5.081666667,-5.093333333,1.881774022,-1.59484846,1.876666667,-1.588333333
19B157.07.31,iDolphin,RedRight,tool,800,James,3,red,1,1,1,16.17241379,12.31818182,0.337,0.2,-11.466,10.017,-192.1,201.3,5,-6.9,2.804685081,-2.450246985,3.201666667,-3.355,-1.883486283,1.758980946,-1.88,1.738333333
19B157.07.31,iDolphin,RedRight,tool,800,James,3,green,1,1,1,14.26666667,13.2,0.278,0.261,-19.685,16.827,-312.8,300.4,11.8,-15.1,4.815123143,-4.116032075,5.213333333,-5.006666667,2.010438062,-1.66578509,2.011666666,-1.651666667
19B157.07.31,iDolphin,RedRight,tool,900,James,1,red,1,1,1,15.87096774,13.11764706,0.327,0.239,-11.65,10.596,-194.2,208.7,5.6,-7.1,2.849693089,-2.591875465,3.236666667,-3.478333333,-1.965430054,1.52415661,-1.976666666,1.528333334
19B157.07.31,iDolphin,RedRight,tool,900,James,1,green,1,1,1,14.20689655,12.71428571,0.277,0.25,-19.103,17.18,-303.9,306,12.2,-14.5,4.672761031,-4.202378892,5.065,-5.1,1.823067942,-1.610503427,1.828333333,-1.621666667
19B157.07.31,iDolphin,RedRight,tool,900,James,2,red,1,1,1,16.07407407,13.12121212,0.332,0.24,-11.999,10.661,-200.8,209.8,5.7,-7.4,2.935061536,-2.607775034,3.346666667,-3.496666667,-1.737699495,1.594603858,-1.718333333,1.603333333
19B157.07.31,iDolphin,RedRight,tool,900,James,2,green,1,1,1,14.35714286,12.86363636,0.282,0.249,-19.395,17.138,-309.2,304.3,12.1,-14.8,4.744186698,-4.192105333,5.153333333,-5.071666667,1.809125162,-1.584330299,1.806666666,-1.575
19B157.07.31,iDolphin,RedRight,tool,900,James,3,red,1,1,1,15.67741935,12.14285714,0.321,0.198,-11.731,10.232,-196.2,202.8,5.2,-7.2,2.869506396,-2.502837872,3.27,-3.38,-1.874680302,1.689267461,-1.883333333,1.691666667
19B157.07.31,iDolphin,RedRight,tool,900,James,3,green,1,1,1,13.90322581,12.41176471,0.269,0.248,-19.577,16.988,-311.5,302.5,12,-15,4.788705433,-4.155414052,5.191666667,-5.041666667,1.919199037,-1.65257618,1.921666667,-1.661666667
19B157.07.31,iDolphin,RedRight,tool,1000,James,1,red,1,1,1,15.53333333,12.94871795,0.316,0.236,-11.782,10.564,-198,208.4,5.6,-7.2,2.881981442,-2.584047984,3.3,-3.473333333,-1.906723991,1.571366068,-1.891666667,1.568333334
19B157.07.31,iDolphin,RedRight,tool,1000,James,1,green,1,1,1,14.39285714,12.35,0.283,0.245,-19.307,17.026,-307.7,303.1,12,-14.7,4.722661155,-4.164709176,5.128333333,-5.051666667,1.840679713,-1.580661192,1.828333333,-1.578333334
19B157.07.31,iDolphin,RedRight,tool,1000,James,2,red,1,1,1,15.58064516,12.575,0.318,0.22,-11.804,10.428,-197,206.2,5.4,-7.2,2.887362834,-2.550781192,3.283333333,-3.436666667,-1.835298321,1.613927984,-1.845,1.615
19B157.07.31,iDolphin,RedRight,tool,1000,James,2,green,1,1,1,13.90625,11.83333333,0.27,0.238,-19.298,17.268,-308.1,306,12.3,-14.7,4.720459679,-4.223904443,5.135,-5.1,1.833096845,-1.673123251,1.851666667,-1.663333333
19B157.07.31,iDolphin,RedRight,tool,1000,James,3,red,1,1,1,15.35483871,12.675,0.311,0.227,-11.566,10.592,-193.5,208.2,5.6,-7,2.829145955,-2.59089703,3.225,-3.47,-1.891313724,1.633007413,-1.91,1.63
19B157.07.31,iDolphin,RedRight,tool,1000,James,3,green,1,1,1,13.96875,12,0.272,0.239,-19.157,17.035,-306.2,302.5,12,-14.6,4.685969888,-4.166910653,5.103333333,-5.041666667,1.856823933,-1.576013623,1.878333333,-1.571666667
19B157.07.31,iDolphin,RedRight,tool,1100,James,1,red,1,1,1,15.36666667,12.30769231,0.311,0.213,-11.912,10.51,-198.3,207.6,5.5,-7.3,2.913780577,-2.570839111,3.305,-3.46,-1.772189311,1.596071542,-1.798333333,1.581666667
19B157.07.31,iDolphin,RedRight,tool,1100,James,1,green,1,1,1,13.75,11.875,0.265,0.241,-19.228,17.136,-306.6,304.4,12.1,-14.7,4.703337088,-4.191616116,5.11,-5.073333333,1.789556511,-1.620777005,1.805,-1.613333333
19B157.07.31,iDolphin,RedRight,tool,1100,James,2,red,1,1,1,15.1,11.88636364,0.303,0.193,-11.985,10.438,-200.6,205.9,5.4,-7.4,2.931637014,-2.553227279,3.343333333,-3.431666667,-1.771700074,1.638388837,-1.766666667,1.641666666
19B157.07.31,iDolphin,RedRight,tool,1100,James,2,green,1,1,1,13.38709677,10.7826087,0.255,0.231,-19.425,17.094,-309.5,304.1,12.1,-14.9,4.751524951,-4.181342557,5.158333333,-5.068333333,1.819887937,-1.628115278,1.815,-1.636666666
19B157.07.31,iDolphin,RedRight,tool,1100,James,3,red,1,1,1,15.33333333,12.23076923,0.31,0.211,-11.717,10.415,-197.1,205.6,5.4,-7.2,2.866081874,-2.547601278,3.285,-3.426666667,-1.885443077,1.633741279,-1.873333333,1.641666666
19B157.07.31,iDolphin,RedRight,tool,1100,James,3,green,1,1,1,13.66666667,11.6875,0.263,0.241,-19.247,17.116,-306.9,304.4,12.1,-14.7,4.707984648,-4.186723945,5.115,-5.073333333,1.841902774,-1.639122667,1.83,-1.646666666
19B157.07.31,iDolphin,RedRight,tool,1200,James,1,red,1,1,1,14.83870968,12.21621622,0.295,0.212,-11.598,10.359,-194.8,205.1,5.3,-7,2.836973434,-2.533903186,3.246666667,-3.418333333,-1.871011214,1.652820759,-1.868333333,1.655
19B157.07.31,iDolphin,RedRight,tool,1200,James,1,green,1,1,1,13.64516129,11.3125,0.262,0.233,-19.262,17.025,-307.5,302.8,12,-14.7,4.711653775,-4.164464568,5.125,-5.046666667,1.874680341,-1.630561382,1.878333333,-1.628333334
19B157.07.31,iDolphin,RedRight,tool,1200,James,2,red,1,1,1,15.26666667,11.56818182,0.308,0.177,-11.071,9.972,-188,198.8,5,-6.5,2.708064625,-2.43923959,3.133333333,-3.313333333,-2.00358915,1.725224978,-1.991666667,1.733333334
19B157.07.31,iDolphin,RedRight,tool,1200,James,2,green,1,1,1,12.3902439,11.07692308,0.225,0.23,-19.701,16.337,-314.2,292.7,11.3,-15.1,4.819036878,-3.996173878,5.236666667,-4.878333333,2.110972253,-1.556934288,2.103333334,-1.565
19B157.07.31,iDolphin,RedRight,tool,1200,James,3,red,1,1,1,14.68571429,10.83928571,0.289,0.133,-10.194,9.223,-175.3,188.2,4.2,-5.6,2.493542739,-2.256027606,2.921666667,-3.136666667,-2.325494139,1.740146272,-2.315,1.741666666
19B157.07.31,iDolphin,RedRight,tool,1200,James,3,green,1,1,1,12.16666667,7.854545455,0.215,0.21,-19.386,16.36,-309.3,293,11.3,-14.8,4.741985222,-4.001799876,5.155,-4.883333333,2.248442483,-1.74577227,2.233333333,-1.746666666
19B157.05.22,iDolphin,RedRight,tool,500,Adrian,1,red,1,1,1,22.55,21.42857143,0.572,0.528,-2.261,2.713,-56.9,93.4,-2.3,2.3,0.553060729,-0.663623951,0.948333333,-1.556666667,-4.188924493,3.338175925,-4.206666667,3.326666666
19B157.05.22,iDolphin,RedRight,tool,500,Adrian,1,green,1,1,1,NaN,1.331848552,0.542,0,-3.953,1.411,-81,74.2,-3.6,0.6,0.966938975,-0.345143164,1.35,-1.236666667,0.413878246,0.318480787,0.401666667,0.32
19B157.05.22,iDolphin,RedRight,tool,500,Adrian,2,red,1,1,1,22.08695652,20.24137931,0.563,0.495,-2.38,2.553,-58.3,90.5,-2.5,2.2,0.582169188,-0.624486527,0.971666667,-1.508333333,-0.384769787,-0.279343363,-0.378333333,-0.271666666
19B157.05.22,iDolphin,RedRight,tool,500,Adrian,2,green,1,1,1,1.331848552,1.331848552,0,0,-3.696,0.687,-78.1,63.4,-4.3,0.9,0.904074491,-0.168046317,1.301666667,-1.056666667,0.321905303,0.45644021,0.33,0.451666666
19B157.05.22,iDolphin,RedRight,tool,500,Adrian,3,red,1,1,1,22.8,22.03703704,0.579,0.544,-1.973,2.499,-52.9,90.3,-2.5,2.6,0.482613366,-0.611277647,0.881666667,-1.505,-0.421461125,-0.44323133,-0.42,-0.448333333
19B157.05.22,iDolphin,RedRight,tool,500,Adrian,3,green,1,1,1,NaN,15.66666667,0.534,0.324,-4.34,1.587,-87.6,76.4,-3.4,0.2,1.061602613,-0.38819433,1.46,-1.273333333,0.578989247,0.223083317,0.578333333,0.231666667
19B157.05.22,iDolphin,RedRight,tool,600,Adrian,1,red,1,1,1,21.08333333,19.82142857,0.514,0.466,-1.977,2.431,-53.6,88.9,-2.6,2.6,0.483591802,-0.594644242,0.893333333,-1.481666667,-0.578010811,-0.206449912,-0.566666667,-0.208333334
19B157.05.22,iDolphin,RedRight,tool,600,Adrian,1,green,1,1,1,15.98148148,13.88888889,0.353,0.261,-4.092,1.299,-84.1,72.4,-3.7,0.5,1.00093961,-0.317746966,1.401666667,-1.206666667,0.517347808,0.276897276,0.508333334,0.275
19B157.05.22,iDolphin,RedRight,tool,600,Adrian,2,red,1,1,1,20.34782609,21.375,0.535,0.532,-2.353,2.228,-58.1,86.5,-2.8,2.2,0.575564748,-0.544988635,0.968333333,-1.441666667,-0.425374862,-0.227241669,-0.433333334,-0.235
19B157.05.22,iDolphin,RedRight,tool,600,Adrian,2,green,1,1,1,15.47457627,13.85714286,0.328,0.261,-3.827,1.28,-79.8,72.2,-3.7,0.7,0.936118256,-0.313099397,1.33,-1.203333333,0.360553508,0.231889238,0.361666667,0.238333334
19B157.05.22,iDolphin,RedRight,tool,600,Adrian,3,red,1,1,1,20.84,19.4516129,0.514,0.462,-1.231,3.118,-41.7,98.7,-1.9,3.3,0.301113561,-0.762690553,0.695,-1.645,-0.635004695,-0.449591156,-0.635,-0.441666667
19B157.05.22,iDolphin,RedRight,tool,600,Adrian,3,green,1,1,1,1.331848552,1.331848552,0,0,13.217,2.108,170.4,84.8,-2.9,17.8,-3.232994942,-0.515635568,-2.84,-1.413333333,-3.534108503,0.247054985,-3.535,0.231666667
19B157.05.22,iDolphin,RedRight,tool,700,Adrian,1,red,1,1,1,18.625,17.8,0.441,0.403,-2.19,2.582,-55.8,90.4,-2.4,2.4,0.535693497,-0.631580185,0.93,-1.506666667,3.768688439,-0.115944617,3.77,-0.093333334
19B157.05.22,iDolphin,RedRight,tool,700,Adrian,1,green,1,1,1,14,11.89361702,0.27,0.199,-4.149,1.143,-85.1,69.8,-3.9,0.4,1.014882317,-0.279587978,1.418333333,-1.163333333,0.47918882,0.351992207,0.488333333,0.343333334
19B157.05.22,iDolphin,RedRight,tool,700,Adrian,2,red,1,1,1,19.5,18.40740741,0.448,0.404,-1.815,2.554,-50.9,90.4,-2.5,2.7,0.44396516,-0.624731136,0.848333333,-1.506666667,-0.570917157,-0.345143158,-0.57,-0.343333334
19B157.05.22,iDolphin,RedRight,tool,700,Adrian,2,green,1,1,1,13.48484848,11.93023256,0.248,0.205,-4.266,1.177,-87.4,70.1,-3.8,0.3,1.043501556,-0.28790468,1.456666667,-1.168333333,0.599536396,0.336826456,0.608333334,0.338333334
19B157.05.22,iDolphin,RedRight,tool,700,Adrian,3,red,1,1,1,19.44827586,18.62962963,0.45,0.413,-2.171,2.527,-55.8,90.8,-2.5,2.4,0.531045928,-0.618126696,0.93,-1.513333333,-0.512455628,-0.330222016,-0.526666667,-0.345
19B157.05.22,iDolphin,RedRight,tool,700,Adrian,3,green,1,1,1,13.5483871,12.05,0.254,0.206,-4.065,1.583,-83,76.8,-3.4,0.5,0.99433517,-0.387215895,1.383333333,-1.28,0.463289242,0.230910801,0.453333333,0.233333333
19B157.05.22,iDolphin,RedRight,tool,800,Adrian,1,red,1,1,1,17.56666667,16.67857143,0.383,0.348,-2.301,2.492,-57.7,89.5,-2.5,2.3,0.562845085,-0.609565384,0.961666667,-1.491666667,-0.431490085,-0.222349489,-0.421666666,-0.211666667
19B157.05.22,iDolphin,RedRight,tool,800,Adrian,1,green,1,1,1,11.04545455,10.29230769,0.201,0.165,-4.202,1.134,-85.8,69.8,-3.9,0.4,1.027846588,-0.277386497,1.43,-1.163333333,0.465001503,0.332178887,0.468333333,0.328333334
19B157.05.22,iDolphin,RedRight,tool,800,Adrian,2,red,1,1,1,17.7,17.25,0.386,0.367,-2.016,2.4,-53.7,88.1,-2.6,2.5,0.493131549,-0.587061366,0.895,-1.468333333,-0.534715039,-0.309674869,-0.535,-0.305
19B157.05.22,iDolphin,RedRight,tool,800,Adrian,2,green,1,1,1,11.28571429,10.16949153,0.209,0.151,-3.983,1.443,-81.4,74.6,-3.6,0.6,0.974277242,-0.352970648,1.356666667,-1.243333333,0.481145693,0.234090718,0.461666667,0.225
19B157.05.22,iDolphin,RedRight,tool,800,Adrian,3,red,1,1,1,18.28,17.64285714,0.395,0.377,-2.096,2.635,-55.6,91.9,-2.4,2.5,0.512700261,-0.644544457,0.926666667,-1.531666667,-0.461576981,-0.291573809,-0.43,-0.288333334
19B157.05.22,iDolphin,RedRight,tool,800,Adrian,3,green,1,1,1,11.39130435,10.73214286,0.208,0.19,-3.963,1.541,-82,75.4,-3.5,0.6,0.969385064,-0.376942321,1.366666667,-1.256666667,0.456684803,0.267602136,0.44,0.275
19B157.05.22,iDolphin,RedRight,tool,900,Adrian,1,red,1,1,1,17.03225806,16.84375,0.362,0.355,-2.045,2.335,-54.5,87.5,-2.7,2.5,0.500225207,-0.571161788,0.908333333,-1.458333333,-0.469159857,-0.194219467,-0.458333334,-0.201666666
19B157.05.22,iDolphin,RedRight,tool,900,Adrian,1,green,1,1,1,9.476190476,9.983333333,0.184,0.164,-4.066,1.566,-83.9,75.8,-3.4,0.5,0.994579779,-0.383057543,1.398333333,-1.263333333,0.494354572,0.188104245,0.49,0.195
19B157.05.22,iDolphin,RedRight,tool,900,Adrian,2,red,1,1,1,17.25,16.88888889,0.368,0.348,-1.857,2.48,-51.9,89.1,-2.5,2.7,0.454238734,-0.606630078,0.865,-1.485,-0.540341045,-0.223572535,-0.533333333,-0.221666667
19B157.05.22,iDolphin,RedRight,tool,900,Adrian,2,green,1,1,1,9.434782609,9.870967742,0.175,0.155,-4.025,0.951,-83.7,67.2,-4.1,0.5,0.984550815,-0.232623068,1.395,-1.12,0.530312081,0.37400701,0.53,0.365
19B157.05.22,iDolphin,RedRight,tool,900,Adrian,3,red,1,1,1,17.46428571,17,0.372,0.352,-1.943,2.484,-53.1,89.4,-2.5,2.6,0.475275099,-0.607608513,0.885,-1.49,-0.509275716,-0.374985445,-0.51,-0.37
19B157.05.22,iDolphin,RedRight,tool,900,Adrian,3,green,1,1,1,9.580645161,10.01724138,0.178,0.142,-4.32,1.235,-87.8,70.8,-3.8,0.2,1.056710436,-0.302091997,1.463333333,-1.18,0.581435337,0.305516516,0.578333333,0.31
19B157.05.22,iDolphin,RedRight,tool,1000,Adrian,1,red,1,1,1,16.61290323,16.10714286,0.351,0.327,-2.216,2.607,-56.2,91.7,-2.4,2.3,0.542053329,-0.637695408,0.936666667,-1.528333333,-0.514657107,-0.335603411,-0.526666666,-0.348333333
19B157.05.22,iDolphin,RedRight,tool,1000,Adrian,1,green,1,1,1,8.9,9.566666667,0.167,0.144,-3.75,1.064,-80,68.4,-3.9,0.8,0.917283371,-0.260263874,1.333333333,-1.14,0.375230042,0.377431534,0.396666666,0.388333333
19B157.05.22,iDolphin,RedRight,tool,1000,Adrian,2,red,1,1,1,17.18518519,16.57692308,0.364,0.339,-2.033,2.518,-54.5,89.9,-2.5,2.5,0.4972899,-0.615925216,0.908333333,-1.498333333,-0.419993471,-0.355661342,-0.425,-0.358333333
19B157.05.22,iDolphin,RedRight,tool,1000,Adrian,2,green,1,1,1,9,9.55,0.167,0.148,-4.388,1.483,-88.6,75,-3.5,0.2,1.07334384,-0.362755005,1.476666667,-1.25,0.57605394,0.253170211,0.568333334,0.248333333
19B157.05.22,iDolphin,RedRight,tool,1000,Adrian,3,red,1,1,1,17.13333333,17.25,0.369,0.362,-2.034,2.377,-54.4,88.1,-2.6,2.5,0.497534509,-0.581435361,0.906666667,-1.468333333,-0.575809331,-0.218680356,-0.57,-0.218333333
19B157.05.22,iDolphin,RedRight,tool,1000,Adrian,3,green,1,1,1,9.35483871,9.949152542,0.171,0.157,-4.435,1.196,-89.3,69.9,-3.8,0.1,1.084840457,-0.292552249,1.488333333,-1.165,0.587305948,0.288883112,0.581666666,0.303333333
19B157.05.22,iDolphin,RedRight,tool,1100,Adrian,1,red,1,1,1,17.07407407,16.42307692,0.359,0.336,-1.918,2.447,-52.7,89.5,-2.6,2.6,0.469159877,-0.598557984,0.878333333,-1.491666667,-0.61568058,-0.306005735,-0.61,-0.326666667
19B157.05.22,iDolphin,RedRight,tool,1100,Adrian,1,green,1,1,1,8.813953488,9.384615385,0.178,0.143,-4.304,1.646,-87.9,77.7,-3.4,0.3,1.052796694,-0.402626256,1.465,-1.295,0.583636817,0.195931728,0.586666667,0.196666667
19B157.05.22,iDolphin,RedRight,tool,1100,Adrian,2,red,1,1,1,16.96969697,16.4,0.369,0.336,-1.927,2.321,-52.3,86.6,-2.7,2.6,0.471361357,-0.567737263,0.871666667,-1.443333333,-0.581435337,-0.165111007,-0.593333333,-0.148333333
19B157.05.22,iDolphin,RedRight,tool,1100,Adrian,2,green,1,1,1,9.043478261,9.320754717,0.175,0.139,-4.329,1.406,-87.8,73.8,-3.6,0.2,1.058911916,-0.343920119,1.463333333,-1.23,0.587550559,0.223817144,0.591666666,0.213333333
19B157.05.22,iDolphin,RedRight,tool,1100,Adrian,3,red,1,1,1,17,16.81481481,0.355,0.347,-1.917,2.596,-52.9,91.1,-2.4,2.6,0.468915268,-0.63500471,0.881666667,-1.518333333,-0.589996648,-0.291084591,-0.581666666,-0.288333333
19B157.05.22,iDolphin,RedRight,tool,1100,Adrian,3,green,1,1,1,8.58974359,9.363636364,0.169,0.137,-4.299,1.582,-87.4,76.6,-3.4,0.3,1.051573649,-0.386971286,1.456666667,-1.276666667,0.582658381,0.248033424,0.575,0.241666666
19B157.05.22,iDolphin,RedRight,tool,1200,Adrian,1,red,1,1,1,16.36,16.07692308,0.336,0.324,-1.93,2.386,-52.7,88.1,-2.6,2.6,0.472095183,-0.583636841,0.878333333,-1.468333333,-0.579478466,-0.196665555,-0.578333334,-0.191666666
19B157.05.22,iDolphin,RedRight,tool,1200,Adrian,1,green,1,1,1,8.552631579,9.036363636,0.16,0.123,-4.382,1.626,-88.2,76.4,-3.4,0.2,1.071876186,-0.397734078,1.47,-1.273333333,0.599781003,0.185902763,0.591666667,0.195
19B157.05.22,iDolphin,RedRight,tool,1200,Adrian,2,red,1,1,1,16.83333333,16.36,0.344,0.331,-1.848,2.435,-51.6,88.6,-2.6,2.7,0.452037254,-0.595622677,0.86,-1.476666667,-0.619838932,-0.197888599,-0.61,-0.203333334
19B157.05.22,iDolphin,RedRight,tool,1200,Adrian,2,green,1,1,1,8.552631579,9.137254902,0.157,0.132,-4.225,1.982,-86,81.5,-3,0.3,1.033472592,-0.484814846,1.433333333,-1.358333333,0.581435338,0.110807831,0.573333333,0.118333334
19B157.05.22,iDolphin,RedRight,tool,1200,Adrian,3,red,1,1,1,16.93103448,16.61538462,0.358,0.337,-2.073,2.358,-54.7,88.1,-2.7,2.5,0.507074256,-0.576787792,0.911666667,-1.468333333,-0.526398336,-0.091972946,-0.521666666,-0.11
19B157.05.22,iDolphin,RedRight,tool,1200,Adrian,3,green,1,1,1,8.76744186,9.12,0.157,0.129,-4.005,1.625,-83.6,75.9,-3.4,0.6,0.979658637,-0.397489469,1.393333333,-1.265,0.472584381,0.179298323,0.481666666,0.203333333
19B157.07.21,iDolphin,RedRight,tool,500,James,1,red,1,1,1,20.1,16.5862069,0.512,0.351,-1.162,5.003,-37.2,128.1,0,3.4,0.284235547,-1.223778299,0.62,-2.135,-0.69542309,-0.82628883,-0.773333333,-0.87
19B157.07.21,iDolphin,RedRight,tool,500,James,1,green,1,1,1,24.77272727,21.91891892,0.543,0.555,-2.959,8.309,-63.8,176.4,3.3,1.6,0.723797739,-2.032455154,1.063333333,-2.94,0.439562192,-0.808676855,0.443333333,-0.805
19B157.07.21,iDolphin,RedRight,tool,500,James,2,red,1,1,1,20.83333333,18.39393939,0.527,0.429,-0.394,4.947,-26.4,127.2,-0.1,4.2,0.096375908,-1.210080202,0.44,-2.12,-0.627421831,0.822374952,-0.623333333,0.82
19B157.07.21,iDolphin,RedRight,tool,500,James,2,green,1,1,1,25.73333333,21.58823529,0.582,0.541,-2.866,8.219,-62.6,174.7,3.2,1.7,0.701049112,-2.01044036,1.043333333,-2.911666667,0.604673204,-0.800360158,0.603333333,-0.791666667
19B157.07.21,iDolphin,RedRight,tool,500,James,3,red,1,1,1,20.90322581,18.62857143,0.538,0.429,-0.086,4.709,-21.6,123,-0.3,4.5,0.021036366,-1.15186329,0.36,-2.05,-0.680012746,0.85857707,-0.683333333,0.861666667
19B157.07.21,iDolphin,RedRight,tool,500,James,3,green,1,1,1,25.71428571,21.87878788,0.584,0.55,-3.133,8.291,-66.2,175.8,3.3,1.4,0.766359686,-2.028052195,1.103333333,-2.93,0.74532332,-0.876188905,0.743333333,-0.88
19B157.07.21,iDolphin,RedRight,tool,600,James,1,red,1,1,1,20.25925926,17.39393939,0.488,0.385,-0.086,4.871,-22.1,125.8,-0.1,4.5,0.021036366,-1.191489928,0.368333333,-2.096666667,-0.74532332,0.836562267,-0.735,0.833333333
19B157.07.21,iDolphin,RedRight,tool,600,James,1,green,1,1,1,24.19047619,20.06896552,0.52,0.475,-2.855,8.384,-62.9,177.4,3.4,1.7,0.698358414,-2.050800815,1.048333333,-2.956666667,0.677322048,-0.859310887,0.68,-0.86
19B157.07.21,iDolphin,RedRight,tool,600,James,2,red,1,1,1,20.14285714,17.88571429,0.486,0.404,-0.474,5.033,-27.9,128.3,0,4.1,0.115944621,-1.231116565,0.465,-2.138333333,-0.582413793,0.81968425,-0.583333333,0.818333334
19B157.07.21,iDolphin,RedRight,tool,600,James,2,green,1,1,1,24.17391304,20.28571429,0.517,0.47,-2.838,8.37,-62.1,177.4,3.4,1.7,0.694200063,-2.047376291,1.035,-2.956666667,0.578255442,-0.816259726,0.57,-0.818333334
19B157.07.21,iDolphin,RedRight,tool,600,James,3,red,1,1,1,20,17.12903226,0.481,0.372,-0.499,4.941,-28.7,126.5,-0.1,4.1,0.122059843,-1.208612549,0.478333333,-2.108333333,-0.57214022,0.838763742,-0.556666667,0.848333334
19B157.07.21,iDolphin,RedRight,tool,600,James,3,green,1,1,1,23.875,20.37931034,0.517,0.48,-2.932,8.534,-63.6,179.4,3.5,1.6,0.717193299,-2.087492137,1.06,-2.99,0.595133456,-0.878879588,0.581666667,-0.881666667
19B157.07.21,iDolphin,RedRight,tool,700,James,1,red,1,1,1,18.39285714,15.6,0.409,0.318,-0.069,5.054,-21.6,127.8,0,4.5,0.016878014,-1.236253352,0.36,-2.13,-0.700315285,0.851238785,-0.7,0.86
19B157.07.21,iDolphin,RedRight,tool,700,James,1,green,1,1,1,21.78947368,18.18518519,0.43,0.384,-2.895,8.505,-62.8,179.5,3.5,1.7,0.70814277,-2.080398482,1.046666667,-2.991666667,0.691264756,-0.84414513,0.686666667,-0.861666667
19B157.07.21,iDolphin,RedRight,tool,700,James,2,red,1,1,1,18,14.9,0.4,0.297,-0.569,5.08,-29.2,127.9,0.1,4,0.139182467,-1.242613182,0.486666667,-2.131666667,-0.568960303,0.8377853,-0.56,0.86
19B157.07.21,iDolphin,RedRight,tool,700,James,2,green,1,1,1,21.41666667,17.51515152,0.44,0.374,-3.012,8.059,-64.7,172.3,3,1.6,0.73676201,-1.971302948,1.078333333,-2.871666667,0.597579543,-0.728689766,0.591666666,-0.74
19B157.07.21,iDolphin,RedRight,tool,700,James,3,red,1,1,1,18.62068966,16.03571429,0.415,0.329,-0.273,5.129,-24.8,129.4,0.1,4.3,0.066778231,-1.254599017,0.413333333,-2.156666667,-0.669983779,0.716703931,-0.665,0.715
19B157.07.21,iDolphin,RedRight,tool,700,James,3,green,1,1,1,22.05555556,18.11111111,0.444,0.386,-2.918,8.505,-64.2,179,3.5,1.6,0.713768774,-2.080398482,1.07,-2.983333333,0.646990543,-0.825799465,0.656666667,-0.826666666
19B157.07.21,iDolphin,RedRight,tool,800,James,1,red,1,1,1,16.83870968,13.81481481,0.359,0.27,-0.879,5.301,-34.7,131.9,0.3,3.7,0.215011227,-1.296671743,0.578333333,-2.198333333,-0.498757547,0.783726739,-0.491666667,0.785
19B157.07.21,iDolphin,RedRight,tool,800,James,1,green,1,1,1,19.1875,16.32,0.378,0.329,-3.264,8.664,-69.5,180.6,3.7,1.3,0.798403451,-2.119291283,1.158333333,-3.01,0.583392224,-0.82261954,0.58,-0.811666667
19B157.07.21,iDolphin,RedRight,tool,800,James,2,red,1,1,1,16.65517241,13.5625,0.352,0.258,-0.022,4.895,-21.8,126.5,-0.1,4.5,0.005381396,-1.197360541,0.363333333,-2.108333333,-0.793022055,0.921930742,-0.795,0.901666667
19B157.07.21,iDolphin,RedRight,tool,800,James,2,green,1,1,1,19.1875,16.64,0.377,0.337,-2.862,8.573,-63.5,180.1,3.6,1.7,0.700070676,-2.097031881,1.058333333,-3.001666667,0.69468928,-0.89967134,0.695,-0.893333334
19B157.07.21,iDolphin,RedRight,tool,800,James,3,red,1,1,1,16.8,13.51724138,0.358,0.259,-0.833,5.267,-33.9,130.9,0.3,3.7,0.203759217,-1.288355041,0.565,-2.181666667,-0.496311459,0.80867684,-0.493333333,0.82
19B157.07.21,iDolphin,RedRight,tool,800,James,3,green,1,1,1,19.46666667,16.44,0.377,0.332,-3.079,8.613,-66.3,180.7,3.6,1.5,0.753150806,-2.106816234,1.105,-3.011666667,0.549391589,-0.818461193,0.54,-0.83
19B157.07.21,iDolphin,RedRight,tool,1000,James,3,red,1,1,1,16.13793103,13.22222222,0.335,0.254,-0.313,5.027,-26.7,127.5,0,4.3,0.076562587,-1.229648912,0.445,-2.125,-0.676588219,0.877167322,-0.66,0.886666667
19B157.07.21,iDolphin,RedRight,tool,1000,James,3,green,1,1,1,19.53333333,15.36363636,0.366,0.308,-2.898,8.385,-63.2,176.8,3.4,1.7,0.708876596,-2.051045424,1.053333333,-2.946666667,0.632314009,-0.821396512,0.608333333,-0.821666667
19B157.07.21,iDolphin,RedRight,tool,1000,James,1,red,1,1,1,16.19354839,12.27027027,0.34,0.22,-0.811,5.189,-33.6,130.5,0.2,3.8,0.198377822,-1.26927555,0.56,-2.175,-0.510498774,0.781769874,-0.493333333,0.771666667
19B157.07.21,iDolphin,RedRight,tool,1000,James,1,green,1,1,1,17,14.6875,0.335,0.295,-3.098,8.606,-67.1,180.6,3.6,1.5,0.757798375,-2.105103972,1.118333333,-3.01,0.559420553,-0.835828422,0.558333333,-0.835
19B157.07.21,iDolphin,RedRight,tool,1000,James,2,red,1,1,1,15.59375,12.86111111,0.319,0.242,-0.23,5.062,-24.6,128.2,0.1,4.3,0.056260048,-1.238210223,0.41,-2.136666667,-0.701538327,0.866893749,-0.708333333,0.873333333
19B157.07.21,iDolphin,RedRight,tool,1000,James,2,green,1,1,1,18.13333333,14.44444444,0.347,0.29,-3.011,8.484,-65.8,178.4,3.5,1.6,0.736517401,-2.075261697,1.096666667,-2.973333333,0.680257353,-0.837051474,0.686666667,-0.836666666
19B157.07.21,iDolphin,RedRight,tool,1100,James,1,red,1,1,1,15.96428571,12.08333333,0.327,0.218,-0.815,5.049,-34.2,127.8,0,3.7,0.199356257,-1.235030307,0.57,-2.13,-0.537161144,0.84023139,-0.526666667,0.843333333
19B157.07.21,iDolphin,RedRight,tool,1100,James,1,green,1,1,1,17,14,0.331,0.284,-3.159,8.656,-67.5,181.3,3.6,1.4,0.772719517,-2.117334413,1.125,-3.021666667,0.57336326,-0.882304106,0.555,-0.891666667
19B157.07.21,iDolphin,RedRight,tool,1100,James,2,red,1,1,1,15.35483871,12.58333333,0.311,0.234,-0.098,5.213,-23.9,130,0.2,4.5,0.023971673,-1.275146162,0.398333333,-2.166666667,-0.748747844,0.842188251,-0.726666667,0.855
19B157.07.21,iDolphin,RedRight,tool,1100,James,2,green,1,1,1,17.11111111,14.76470588,0.335,0.296,-2.843,8.675,-63.6,181.4,3.7,1.7,0.695423107,-2.12198198,1.06,-3.023333333,0.671451434,-0.846835818,0.661666667,-0.856666666
19B157.07.21,iDolphin,RedRight,tool,1100,James,3,red,1,1,1,15.4,12.80555556,0.312,0.24,0.148,4.833,-19.5,124.9,-0.2,4.7,-0.036202118,-1.182194791,0.325,-2.081666667,-0.731625225,0.939787189,-0.735,0.941666666
19B157.07.21,iDolphin,RedRight,tool,1100,James,3,green,1,1,1,17.11764706,14.05882353,0.333,0.284,-2.974,8.607,-66,179.9,3.6,1.6,0.727466872,-2.105348581,1.1,-2.998333333,0.76366899,-0.92315379,0.775,-0.916666666
19B157.07.21,iDolphin,RedRight,tool,1200,James,1,red,1,1,1,15.03571429,12.47222222,0.301,0.231,0.018,4.98,-22.3,126.6,0,4.6,-0.00440296,-1.218152295,0.371666667,-2.11,-0.731869832,0.887196286,-0.728333333,0.888333333
19B157.07.21,iDolphin,RedRight,tool,1200,James,1,green,1,1,1,16.33333333,14.66666667,0.32,0.294,-2.944,8.574,-65.2,179.7,3.6,1.6,0.720128605,-2.09727649,1.086666667,-2.995,0.724531565,-0.879124195,0.715,-0.885
19B157.07.21,iDolphin,RedRight,tool,1200,James,2,red,1,1,1,15.5862069,12.05405405,0.317,0.213,-0.805,5.105,-33.4,129.4,0.1,3.8,0.196910168,-1.248728404,0.556666667,-2.156666667,-0.523218437,0.848548086,-0.53,0.838333333
19B157.07.21,iDolphin,RedRight,tool,1200,James,2,green,1,1,1,16.46666667,14,0.322,0.285,-2.987,8.688,-65.8,180.8,3.7,1.6,0.730646788,-2.125161895,1.096666667,-3.013333333,0.53373662,-0.876433491,0.54,-0.856666666
19B157.07.21,iDolphin,RedRight,tool,1200,James,3,red,1,1,1,14.3,12.06451613,0.279,0.227,-1.526,4.918,-45.4,125.7,-0.1,3,0.373273187,-1.202986545,0.756666667,-2.095,-0.357373601,0.92217535,-0.34,0.918333333
19B157.07.21,iDolphin,RedRight,tool,1200,James,3,green,1,1,1,16.42857143,13.55555556,0.32,0.273,-3.467,8.39,-73.4,176.3,3.4,1.1,0.848059056,-2.052268468,1.223333333,-2.938333333,0.474785869,-0.849281923,0.466666666,-0.843333333
19B157.07.21,iDolphin,RedRight,tool,900,James,1,red,1,1,1,15.53125,12.56756757,0.317,0.233,-0.431,5.037,-29.3,127.1,0,4.1,0.105426438,-1.232095001,0.488333333,-2.118333333,-0.742632618,0.820173467,-0.735,0.82
19B157.07.21,iDolphin,RedRight,tool,900,James,1,green,1,1,1,17.70588235,15.44444444,0.349,0.308,-3.103,8.561,-68.2,179.2,3.6,1.5,0.759021419,-2.094096575,1.136666667,-2.986666667,0.653594981,-0.862001574,0.648333334,-0.868333334
19B157.07.21,iDolphin,RedRight,tool,900,James,2,red,1,1,1,15.67741935,13.12903226,0.321,0.246,-0.293,4.982,-27.1,127,0,4.3,0.071670409,-1.218641513,0.451666667,-2.116666667,-0.68735101,0.875455062,-0.685,0.87
19B157.07.21,iDolphin,RedRight,tool,900,James,2,green,1,1,1,18.375,14.95,0.358,0.299,-3.034,8.491,-67.6,178.6,3.5,1.5,0.742143406,-2.076973958,1.126666667,-2.976666667,0.670472997,-0.858332445,0.675,-0.86
19B157.07.21,iDolphin,RedRight,tool,900,James,3,red,1,1,1,15.96774194,13.35714286,0.33,0.255,-0.219,5.123,-26.5,127.3,0.1,4.3,0.05356935,-1.253131364,0.441666667,-2.121666667,-0.688574056,0.823842594,-0.685,0.855
19B157.07.21,iDolphin,RedRight,tool,900,James,3,green,1,1,1,18,15.66666667,0.35,0.314,-3.059,8.499,-68.4,178.4,3.5,1.5,0.748258628,-2.078930829,1.14,-2.973333333,0.694689278,-0.825799465,0.698333333,-0.851666666
19b157.10.21,iDolphin,RedRight,tool,500,James,1,red,1,1,1,21.07407407,18.84375,0.522,0.435,-2.507,5.973,-59.4,140.7,1,2.1,0.613234518,-1.461048901,0.99,-2.345,-0.13502411,0.617881928,-0.15,0.628333333
19b157.10.21,iDolphin,RedRight,tool,500,James,1,green,1,1,1,24.92307692,19.64102564,0.495,0.516,-4.581,10.061,-89.8,201.8,5.1,0,1.120553353,-2.461009771,1.496666667,-3.363333333,0.507318835,-0.99996087,0.506666667,-1.018333333
19b157.10.21,iDolphin,RedRight,tool,500,James,2,red,1,1,1,20.82142857,19.09090909,0.517,0.445,-2.583,6.013,-60.6,141.5,1,2,0.631824794,-1.470833255,1.01,-2.358333333,-0.488728559,0.990176516,-0.486666667,1.005
19b157.10.21,iDolphin,RedRight,tool,500,James,2,green,1,1,1,25.14814815,19.80487805,0.49,0.53,-4.594,10.064,-89.7,200.5,5.1,0,1.123733269,-2.461743598,1.495,-3.341666667,0.491908475,-0.990910343,0.485,-0.983333334
19b157.10.21,iDolphin,RedRight,tool,500,James,3,red,1,1,1,20.64285714,18.08823529,0.515,0.417,-2.154,5.907,-54.6,139.4,0.9,2.4,0.526887577,-1.444904716,0.91,-2.323333333,-0.596845692,1.016838882,-0.585,1.018333334
19b157.10.21,iDolphin,RedRight,tool,500,James,3,green,1,1,1,25.03703704,19.55555556,0.506,0.504,-4.433,10.094,-87.6,200.4,5.1,0.1,1.084351239,-2.469081861,1.46,-3.34,0.557463662,-1.024177145,0.55,-1.016666667
19b157.10.21,iDolphin,RedRight,tool,600,James,1,red,1,1,1,19.64285714,17.64705882,0.466,0.39,-2.641,6.146,-61.3,143.6,1.1,1.9,0.64601211,-1.503366233,1.021666667,-2.393333333,-0.438339129,0.965715628,-0.438333333,0.946666667
19b157.10.21,iDolphin,RedRight,tool,600,James,1,green,1,1,1,23.04761905,17.72093023,0.433,0.419,-4.76,10.182,-93.1,202.3,5.2,-0.2,1.164338343,-2.490607433,1.551666667,-3.371666667,0.518326233,-0.9872412,0.53,-0.978333334
19b157.10.21,iDolphin,RedRight,tool,600,James,2,red,1,1,1,19.23333333,16,0.455,0.334,-2.252,5.804,-55.3,138.4,0.8,2.3,0.550859249,-1.419710003,0.921666667,-2.306666667,-0.613479094,1.07089743,-0.63,1.065
19b157.10.21,iDolphin,RedRight,tool,600,James,2,green,1,1,1,23.14285714,17.95555556,0.428,0.432,-4.441,10.076,-87.5,201.6,5.1,0.1,1.08630811,-2.464678903,1.458333333,-3.36,0.535448861,-1.0449689,0.536666666,-1.053333333
19b157.10.21,iDolphin,RedRight,tool,600,James,3,red,1,1,1,19.40740741,15.96875,0.46,0.331,-2.387,5.644,-57.6,135,0.6,2.2,0.58388145,-1.380572585,0.96,-2.25,-0.50242666,1.084106318,-0.498333333,1.11
19b157.10.21,iDolphin,RedRight,tool,600,James,3,green,1,1,1,23.04761905,17.55813953,0.432,0.411,-4.19,10.003,-84.4,199.3,5,0.4,1.024911281,-2.446822462,1.406666667,-3.321666667,0.441029831,-1.066249877,0.446666667,-1.071666667
19b157.10.21,iDolphin,RedRight,tool,700,James,1,red,1,1,1,17.2,15,0.373,0.3,-2.723,6.019,-62.7,141,1,1.8,0.66607004,-1.472300908,1.045,-2.35,-0.358841241,0.974521554,-0.361666667,0.971666667
19b157.10.21,iDolphin,RedRight,tool,700,James,1,green,1,1,1,18.81818182,15.32352941,0.345,0.311,-4.687,10.251,-91.1,203.6,5.2,-0.1,1.146481895,-2.507485439,1.518333333,-3.393333333,0.480411855,-1.035184531,0.473333333,-1.043333333
19b157.10.21,iDolphin,RedRight,tool,700,James,2,red,1,1,1,17.86666667,15.64285714,0.393,0.318,-2.484,6.007,-58.6,141.2,1,2.1,0.607608513,-1.469365602,0.976666667,-2.353333333,-0.538873382,1.038119837,-0.541666666,1.04
19b157.10.21,iDolphin,RedRight,tool,700,James,2,green,1,1,1,20.07692308,15.54285714,0.361,0.319,-4.737,10.182,-92.2,202.3,5.2,-0.2,1.158712338,-2.490607433,1.536666667,-3.371666667,0.551103825,-1.021241831,0.56,-1.018333334
19b157.10.21,iDolphin,RedRight,tool,700,James,3,red,1,1,1,17.62068966,14.5862069,0.384,0.288,-2.191,5.879,-54.9,139.1,0.9,2.4,0.535938106,-1.438055668,0.915,-2.318333333,-0.622774232,1.052551765,-0.621666667,1.053333334
19b157.10.21,iDolphin,RedRight,tool,700,James,3,green,1,1,1,18.5,15.83783784,0.34,0.331,-4.544,10.157,-89.2,202.2,5.1,0,1.111502825,-2.484492214,1.486666667,-3.37,0.575564719,-1.046436546,0.571666667,-1.051666667
19b157.10.21,iDolphin,RedRight,tool,800,James,1,red,1,1,1,16.18518519,14,0.335,0.274,-2.397,6.14,-57,143,1.1,2.2,0.586327539,-1.50189858,0.95,-2.383333333,-0.525175286,0.982593634,-0.536666667,0.986666667
19b157.10.21,iDolphin,RedRight,tool,800,James,1,green,1,1,1,14.875,13.125,0.298,0.254,-4.688,10.156,-90.9,202.2,5.1,-0.1,1.146726503,-2.484247605,1.515,-3.37,0.560398964,-0.982349025,0.565,-0.986666667
19b157.10.21,iDolphin,RedRight,tool,800,James,2,red,1,1,1,16.22222222,13.85185185,0.337,0.27,-2.403,6.182,-58.1,143.4,1.2,2.2,0.587795193,-1.512172152,0.968333333,-2.39,-0.55893131,0.972075453,-0.546666667,0.98
19b157.10.21,iDolphin,RedRight,tool,800,James,2,green,1,1,1,15.07692308,13.38461538,0.301,0.257,-4.567,10.204,-89.9,203,5.2,0,1.117128829,-2.495988826,1.498333333,-3.383333333,0.529333636,-0.983816674,0.53,-0.993333333
19b157.10.21,iDolphin,RedRight,tool,800,James,3,red,1,1,1,16.10344828,13.14814815,0.334,0.251,-2.325,6.029,-56.8,142.1,1,2.2,0.568715699,-1.474746997,0.946666667,-2.368333333,-0.54841313,1.021241829,-0.551666666,1.015
19b157.10.21,iDolphin,RedRight,tool,800,James,3,green,1,1,1,14.13333333,14,0.287,0.272,-4.566,10.137,-90,201.7,5.1,0,1.11688422,-2.479600038,1.5,-3.361666667,0.548168521,-1.004853041,0.553333333,-0.993333334
19b157.10.21,iDolphin,RedRight,tool,900,James,1,red,1,1,1,15,12.61290323,0.3,0.242,-2.234,6.007,-56.1,141.1,1,2.3,0.546456289,-1.469365602,0.935,-2.351666667,-0.570427931,1.010234436,-0.565,1.01
19b157.10.21,iDolphin,RedRight,tool,900,James,1,green,1,1,1,12.76923077,11.71428571,0.265,0.235,-4.644,10.239,-91,203.2,5.2,-0.1,1.135963713,-2.504550134,1.516666667,-3.386666667,0.589507424,-1.035184532,0.581666667,-1.035
19b157.10.21,iDolphin,RedRight,tool,900,James,2,red,1,1,1,14.93939394,11.34285714,0.298,0.206,-3.472,6.128,-73.3,142.7,1.1,1.1,0.8492821,-1.498963274,1.221666667,-2.378333333,-0.286681613,1.00558686,-0.295,1.008333334
19b157.10.21,iDolphin,RedRight,tool,900,James,2,green,1,1,1,12,11.66666667,0.246,0.239,-4.846,10.043,-93.8,200.9,5,-0.3,1.185374706,-2.456606813,1.563333333,-3.348333333,0.336092606,-0.957643539,0.341666666,-0.97
19b157.10.21,iDolphin,RedRight,tool,900,James,3,red,1,1,1,15.20689655,12.83870968,0.306,0.249,-2.377,6.056,-56.5,141.4,1,2.2,0.581435361,-1.481351436,0.941666667,-2.356666667,-0.603939345,0.975255377,-0.621666666,0.991666666
19b157.10.21,iDolphin,RedRight,tool,900,James,3,green,1,1,1,12.96153846,11.85714286,0.266,0.236,-4.631,10.09,-90.3,200.8,5.1,-0.1,1.132783797,-2.468103426,1.505,-3.346666667,0.551348436,-0.98675199,0.563333333,-0.99
19b157.10.21,iDolphin,RedRight,tool,1000,James,1,red,1,1,1,15,11.42424242,0.3,0.213,-3.282,6.15,-70.9,144.4,1.1,1.3,0.802806411,-1.504344669,1.181666667,-2.406666667,-0.329977386,0.963758757,-0.323333333,0.94
19b157.10.21,iDolphin,RedRight,tool,1000,James,1,green,1,1,1,11.96774194,9.666666667,0.249,0.224,-4.926,10.177,-94.3,202.4,5.2,-0.4,1.204943416,-2.489384389,1.571666667,-3.373333333,0.402137005,-0.98503972,0.39,-0.966666666
19b157.10.21,iDolphin,RedRight,tool,1000,James,2,red,1,1,1,14.67647059,11.62857143,0.289,0.214,-2.702,5.742,-62.9,138,0.7,1.9,0.660933253,-1.404544253,1.048333333,-2.3,-0.544010163,1.084840136,-0.523333334,1.073333333
19b157.10.21,iDolphin,RedRight,tool,1000,James,2,green,1,1,1,12.2,9.545454545,0.253,0.221,-4.591,10.187,-89.8,203.5,5.2,0,1.122999442,-2.491830477,1.496666667,-3.391666667,0.462066189,-1.087286224,0.448333334,-1.091666667
19b157.10.21,iDolphin,RedRight,tool,1000,James,3,red,1,1,1,15.03333333,11.97058824,0.301,0.227,-3.222,6.281,-69.9,145.5,1.3,1.3,0.788129878,-1.536388429,1.165,-2.425,-0.334869564,0.955442048,-0.331666667,0.966666667
19b157.10.21,iDolphin,RedRight,tool,1000,James,3,green,1,1,1,12.2962963,11.09090909,0.253,0.23,-4.856,10.257,-93.4,203.3,5.2,-0.3,1.187820795,-2.508953092,1.556666667,-3.388333333,0.399690917,-0.972564663,0.391666667,-0.963333333
19b157.10.21,iDolphin,RedRight,tool,1100,James,1,red,1,1,1,14.63636364,10.86,0.288,0.189,-3.399,6.125,-72.5,142.9,1.1,1.2,0.831425651,-1.498229447,1.208333333,-2.381666667,-0.356395144,1.010723645,-0.348333334,1.006666666
19b157.10.21,iDolphin,RedRight,tool,1100,James,1,green,1,1,1,11.36666667,8.36,0.231,0.219,-4.708,10.161,-92.2,203.1,5.2,-0.1,1.151618681,-2.485470649,1.536666667,-3.385,0.32019303,-0.987241202,0.328333334,-1.003333333
19b157.10.21,iDolphin,RedRight,tool,1100,James,2,red,1,1,1,14.55882353,11.10810811,0.285,0.186,-3.07,6.222,-68.4,145.3,1.2,1.5,0.750949326,-1.521956507,1.14,-2.421666667,-0.400669355,0.963514142,-0.396666667,0.963333333
19b157.10.21,iDolphin,RedRight,tool,1100,James,2,green,1,1,1,11.56666667,9.8,0.235,0.226,-4.722,10.175,-91.9,201.6,5.2,-0.2,1.155043205,-2.488895172,1.531666667,-3.36,0.404093879,-0.966938665,0.391666667,-0.938333333
19b157.10.21,iDolphin,RedRight,tool,1100,James,3,red,1,1,1,14.3125,12.06451613,0.278,0.226,-2.335,6.058,-57.4,142.3,1,2.2,0.571161788,-1.481840654,0.956666667,-2.371666667,-0.583881417,1.007054518,-0.575,0.988333333
19b157.10.21,iDolphin,RedRight,tool,1100,James,3,green,1,1,1,12.24,10.45454545,0.253,0.224,-4.6,10.28,-90.7,204.1,5.3,0,1.125200922,-2.514579093,1.511666667,-3.401666667,0.554039134,-1.032738439,0.555,-1.03
19b157.10.21,iDolphin,RedRight,tool,1200,James,1,red,1,1,1,13.94285714,11.0625,0.267,0.202,-2.62,6.136,-61.1,143.3,1.1,1.9,0.640875323,-1.500920145,1.018333333,-2.388333333,-0.484325599,1.013658948,-0.493333334,1.013333334
19b157.10.21,iDolphin,RedRight,tool,1200,James,1,green,1,1,1,11.63333333,8.785714286,0.237,0.213,-4.802,10.225,-93.6,202.8,5.2,-0.2,1.174611915,-2.501125611,1.56,-3.38,0.533736592,-1.000205466,0.541666667,-0.991666667
19b157.10.21,iDolphin,RedRight,tool,1200,James,2,red,1,1,1,13.94444444,11.53125,0.267,0.209,-2.585,5.916,-60.7,139.9,0.9,2,0.632314012,-1.447106196,1.011666667,-2.331666667,-0.542297903,1.054019415,-0.548333333,1.048333333
19b157.10.21,iDolphin,RedRight,tool,1200,James,2,green,1,1,1,11.68965517,9.727272727,0.239,0.221,-4.787,10.23,-92.2,202.4,5.2,-0.2,1.170942782,-2.502348655,1.536666667,-3.373333333,0.53862877,-1.055242459,0.525,-1.041666666
19b157.10.21,iDolphin,RedRight,tool,1200,James,3,red,1,1,1,14.0625,11.65714286,0.27,0.213,-2.109,6,-54.1,141.5,1,2.5,0.515880176,-1.46765334,0.901666667,-2.358333333,-0.655062606,1.034695315,-0.635,1.015
19b157.10.21,iDolphin,RedRight,tool,1200,James,3,green,1,1,1,11.6,9.636363636,0.236,0.22,-4.522,10.139,-89.9,202.1,5.1,0,1.10612143,-2.480089256,1.498333333,-3.368333333,0.590241254,-1.012435916,0.596666666,-1.01
19b157.05.22,iDolphin,RedRight,bottom,600,James,1,red,1,1,1,20.96296296,19.46428571,0.516,0.455,-2.127,2.739,-54.2,92.6,-2.3,2.4,0.520283137,-0.669983782,0.903333333,-1.543333333,-0.585838293,1.810105474,-0.595,1.825
19b157.05.22,iDolphin,RedRight,bottom,900,James,1,green,1,1,1,11.2,8.8625,0.195,0.082,-3.353,1.961,-72,81.2,-3,1.2,0.820173642,-0.479678059,1.2,-1.353333333,0.299890505,0.190305723,0.296666667,0.19
19b157.05.22,iDolphin,RedRight,bottom,600,James,2,red,1,1,1,21.72,19.51612903,0.534,0.463,-1.762,2.652,-48.6,91.6,-2.4,2.8,0.431000888,-0.648702808,0.81,-1.526666667,-0.389172754,-0.169024749,-0.39,-0.173333334
19b157.05.22,iDolphin,RedRight,bottom,900,James,2,green,1,1,1,5.969432314,9.111111111,0.023,0.077,-3.157,1.821,-68.8,79.5,-3.2,1.4,0.7722303,-0.445432813,1.146666667,-1.325,0.341229412,0.203269995,0.336666667,0.201666667
19b157.05.22,iDolphin,RedRight,bottom,600,James,3,red,1,1,1,20.62962963,20,0.516,0.482,-1.76,2.572,-48.3,90,-2.4,2.8,0.43051167,-0.629134096,0.805,-1.5,-0.34171863,-0.183701283,-0.341666667,-0.175
19b157.05.22,iDolphin,RedRight,bottom,900,James,3,green,1,1,1,10.54285714,8.988095238,0.182,0.081,-3.5,1.47,-72.7,75,-3.5,1.1,0.856131149,-0.359575089,1.211666667,-1.25,0.425619479,0.269559007,0.406666667,0.25
19b157.05.22,iDolphin,RedRight,bottom,1000,James,1,red,1,1,1,16.4137931,14.34482759,0.343,0.281,-2.158,2.652,-54.7,91.8,-2.4,2.4,0.527866013,-0.648702808,0.911666667,-1.53,-0.328265136,-0.289127719,-0.3,-0.28
19b157.05.22,iDolphin,RedRight,bottom,1000,James,1,green,1,1,1,1.331848552,8.602564103,0,0.045,-4.165,1.283,-83.5,71.2,-3.7,0.4,1.018796059,-0.313833224,1.391666667,-1.186666667,0.490930046,0.334869584,0.48,0.343333333
19b157.05.22,iDolphin,RedRight,bottom,1000,James,2,red,1,1,1,16.7,14.33333333,0.354,0.282,-1.871,2.467,-50.5,89.2,-2.5,2.7,0.457663258,-0.603450162,0.841666667,-1.486666667,-0.561132801,-0.289616938,-0.55,-0.3
19b157.05.22,iDolphin,RedRight,bottom,1000,James,2,green,1,1,1,1.331848552,8.575342466,0,0.037,-3.725,1.329,-77.5,72.8,-3.7,0.8,0.911168149,-0.325085234,1.291666667,-1.213333333,0.453504891,0.278364928,0.45,0.273333334
19b157.05.22,iDolphin,RedRight,bottom,1000,James,3,red,1,1,1,16.61290323,14.33333333,0.352,0.282,-1.908,2.503,-50.6,89.6,-2.5,2.7,0.466713788,-0.612256082,0.843333333,-1.493333333,-0.444454361,-0.287170848,-0.448333334,-0.28
19b157.05.22,iDolphin,RedRight,bottom,1000,James,3,green,1,1,1,4.984496124,8.573333333,0.028,0.05,-3.246,1.751,-70.2,78.7,-3.3,1.3,0.794000491,-0.42831019,1.17,-1.311666667,0.327286703,0.183945892,0.326666667,0.181666666
19b157.07.21,iDolphin,RedRight,bottom,600,James,1,red,1,1,1,18.91176471,16.68965517,0.457,0.353,-1.17,5.433,-40.4,132.5,0.4,3.4,0.286192418,-1.328960114,0.673333333,-2.208333333,-0.507808073,-0.900649924,-0.496666667,-0.896666666
19b157.07.21,iDolphin,RedRight,bottom,900,James,1,green,1,1,1,18,15.14285714,0.355,0.302,-3.161,8.54,-69.8,178.7,3.5,1.4,0.773208735,-2.08895979,1.163333333,-2.978333333,0.487016317,-0.759999676,0.49,-0.77
19b157.07.21,iDolphin,RedRight,bottom,600,James,2,red,1,1,1,18.94117647,16.25,0.458,0.345,-0.466,5.266,-29.6,129.4,0.3,4.1,0.11398775,-1.288110433,0.493333333,-2.156666667,-0.659220985,0.800849357,-0.67,0.821666666
19b157.07.21,iDolphin,RedRight,bottom,900,James,2,green,1,1,1,16.94444444,11.52631579,0.338,0.254,-3.062,8.596,-68.8,179.3,3.6,1.5,0.748992455,-2.102657884,1.146666667,-2.988333333,0.635004705,-0.814547451,0.653333334,-0.831666666
19b157.07.21,iDolphin,RedRight,bottom,600,James,3,red,1,1,1,19.15625,16.38709677,0.463,0.347,-0.411,5.233,-28.6,129.5,0.2,4.2,0.10053426,-1.28003834,0.476666667,-2.158333333,-0.648458195,0.822619544,-0.67,0.83
19b157.07.21,iDolphin,RedRight,bottom,900,James,3,green,1,1,1,17.11111111,11.55555556,0.341,0.255,-3.068,8.464,-67.8,177.6,3.5,1.5,0.750460108,-2.07036952,1.13,-2.96,0.649925848,-0.79033118,0.653333333,-0.801666667
19b157.07.21,iDolphin,RedRight,bottom,1000,James,1,red,1,1,1,15.11428571,11.57446809,0.304,0.178,-0.288,5.091,-27,127.7,0.1,4.3,0.070447365,-1.24530388,0.45,-2.128333333,-0.680012743,0.82506564,-0.68,0.831666667
19b157.07.21,iDolphin,RedRight,bottom,1000,James,1,green,1,1,1,15.7826087,10.75,0.318,0.256,-2.924,8.504,-66.4,178.5,3.5,1.6,0.715236427,-2.080153873,1.106666667,-2.975,0.644789062,-0.834849993,0.656666667,-0.846666667
19b157.07.21,iDolphin,RedRight,bottom,1000,James,2,red,1,1,1,15.3030303,11.42222222,0.31,0.18,-0.405,5.118,-28.5,126.9,0.1,4.2,0.099066606,-1.25190832,0.475,-2.115,-0.616169821,0.828245553,-0.631666667,0.86
19b157.07.21,iDolphin,RedRight,bottom,1000,James,2,green,1,1,1,16.42105263,10.875,0.329,0.256,-3.052,8.535,-68.1,177.5,3.5,1.5,0.746546366,-2.087736746,1.135,-2.958333333,0.64747976,-0.835828426,0.66,-0.843333333
19b157.07.21,iDolphin,RedRight,bottom,1000,James,3,red,1,1,1,15.96969697,11.02083333,0.332,0.153,-1.419,5.191,-43.4,129.4,0.2,3.1,0.347100035,-1.269764767,0.723333333,-2.156666667,-0.399446331,0.817971979,-0.411666667,0.801666666
19b157.07.21,iDolphin,RedRight,bottom,1000,James,3,green,1,1,1,16.57894737,10.18181818,0.329,0.245,-3.175,8.502,-69.1,177.9,3.5,1.4,0.77663326,-2.079664655,1.151666667,-2.965,0.429533225,-0.809899888,0.428333334,-0.808333333
19b157.07.22,iDolphin,RedRight,bottom,1000,James,3,red,1,1,1,16.76923077,13.625,0.349,0.259,-3.04,-0.89,-67.3,39.5,-5.9,1.5,0.743611059,0.217701925,1.121666667,-0.658333333,-0.033022201,2.29736658,-0.03,2.306666667
19b157.07.22,iDolphin,RedRight,bottom,1000,James,3,green,1,1,1,16.61111111,13.2,0.329,0.277,-7.789,1.751,-137.1,78.6,-3.3,-3.2,1.905258565,-0.42831019,2.285,-1.31,1.161647506,-0.646012115,1.163333333,-0.651666667
19b157.07.22,iDolphin,RedRight,bottom,1000,James,1,red,1,1,1,16.40740741,13.75,0.341,0.261,-2.822,-0.88,-64.6,40.6,-5.9,1.7,0.69028632,0.215255836,1.076666667,-0.676666667,-1.214972245,0.643566026,-1.208333333,0.633333333
19b157.07.22,iDolphin,RedRight,bottom,1000,James,1,green,1,1,1,16.11764706,9.333333333,0.319,0.267,-7.846,1.89,-137.2,81,-3.1,-3.3,1.919201268,-0.462310827,2.286666667,-1.35,1.228914948,-0.677566663,1.21,-0.673333333
19b157.07.22,iDolphin,RedRight,bottom,1000,James,2,red,1,1,1,16.62962963,13.32258065,0.347,0.25,-3.223,-0.856,-69.7,40.9,-5.9,1.3,0.788374486,0.209385222,1.161666667,-0.681666667,-1.130826782,0.671696049,-1.125,0.668333333
19b157.07.22,iDolphin,RedRight,bottom,1000,James,2,green,1,1,1,16.66666667,13.63636364,0.329,0.278,-7.894,1.681,-138.4,77.2,-3.3,-3.3,1.930942492,-0.411187567,2.306666667,-1.286666667,1.142568006,-0.620572789,1.145,-0.605
19b157.07.22,iDolphin,RedRight,bottom,600,James,1,red,1,1,1,21.23076923,18.77777778,0.52,0.428,-3.82,-1.125,-78.5,36.7,-6.1,0.7,0.934405993,0.275185017,1.308333333,-0.611666667,-0.996536499,0.686372584,-0.998333334,0.675
19b157.07.22,iDolphin,RedRight,bottom,900,James,1,green,1,1,1,16.35,14.375,0.327,0.29,-8.427,1.451,-146.4,74.7,-3.6,-3.9,2.061318994,-0.35492752,2.44,-1.245,1.126913001,-0.630112537,1.131666667,-0.633333333
19b157.07.22,iDolphin,RedRight,bottom,600,James,2,red,1,1,1,21.64285714,18.16129032,0.522,0.424,-2.972,-0.937,-66.3,39.1,-5.9,1.6,0.726977654,0.229198543,1.105,-0.651666667,-1.33434134,0.584126063,-1.335,0.593333333
19b157.07.22,iDolphin,RedRight,bottom,900,James,2,green,1,1,1,16.33333333,12.66666667,0.324,0.274,-7.995,1.989,-139.3,82.1,-3,-3.4,1.955647983,-0.486527108,2.321666667,-1.368333333,1.228670329,-0.715725651,1.216666667,-0.716666666
19b157.07.22,iDolphin,RedRight,bottom,600,James,3,red,1,1,1,21.7037037,18.35483871,0.526,0.427,-3.484,-1.04,-73.4,38.4,-6,1.1,0.852217407,0.254393261,1.223333333,-0.64,-1.103430576,0.740920369,-1.098333334,0.728333333
19b157.07.22,iDolphin,RedRight,bottom,900,James,3,green,1,1,1,16.63157895,13.25,0.33,0.275,-8.198,1.904,-141.5,80.9,-3.1,-3.6,2.005303574,-0.465735352,2.358333333,-1.348333333,1.153086167,-0.720128613,1.135,-0.708333333
19b157.07.31,iDolphin,RedRight,bottom,600,James,1,red,1,1,1,19.29032258,16.23529412,0.466,0.349,-12.475,10.832,-204.9,212.1,5.8,-7.9,3.051495286,-2.649603133,3.415,-3.535,1.046191712,-2.183867781,1.056666667,-2.186666667
19b157.07.31,iDolphin,RedRight,bottom,900,James,1,green,1,1,1,14.37037037,10.26086957,0.283,0.233,-19.415,17.331,-307.1,307.8,12.3,-14.9,4.749078866,-4.239314781,5.118333333,-5.13,1.69758358,-1.589711648,1.703333333,-1.595
19b157.07.31,iDolphin,RedRight,bottom,600,James,2,red,1,1,1,20.18518519,16.31578947,0.482,0.355,-11.589,10.863,-192,212.6,5.9,-7,2.834771956,-2.657186004,3.2,-3.543333333,-1.91430691,1.582128777,-1.918333333,1.586666667
19b157.07.31,iDolphin,RedRight,bottom,900,James,2,green,1,1,1,14.46153846,10.96153846,0.286,0.243,-19.173,17.5,-303.6,309.9,12.5,-14.6,4.689883623,-4.280653622,5.06,-5.165,1.855111667,-1.623467618,1.86,-1.621666667
19b157.07.31,iDolphin,RedRight,bottom,600,James,3,red,1,1,1,19.32258065,15.43902439,0.465,0.318,-12.22,10.736,-202.1,210.5,5.7,-7.7,2.989120064,-2.626120692,3.368333333,-3.508333333,-1.700763559,1.65453293,-1.691666667,1.656666667
19b157.07.31,iDolphin,RedRight,bottom,900,James,3,green,1,1,1,14.11111111,9.730769231,0.276,0.229,-19.182,17.099,-304.2,303.6,12.1,-14.6,4.692085099,-4.1825656,5.07,-5.06,1.702965035,-1.556444908,1.701666667,-1.551666667
19b157.07.31,iDolphin,RedRight,bottom,1000,James,1,red,1,1,1,15.53125,12.41860465,0.317,0.208,-11.494,10.774,-191.5,210.8,5.8,-6.9,2.811534125,-2.635415825,3.191666667,-3.513333333,-1.880550974,1.547149775,-1.878333333,1.546666667
19b157.07.31,iDolphin,RedRight,bottom,1000,James,1,green,1,1,1,13.70967742,10.32,0.264,0.233,-19.25,17.453,-305.2,309.2,12.4,-14.7,4.708718474,-4.269157022,5.086666667,-5.153333333,1.897184349,-1.633741197,1.895,-1.64
19b157.07.31,iDolphin,RedRight,bottom,1000,James,2,red,1,1,1,15.875,11.47826087,0.328,0.168,-12.039,10.555,-199.5,207.9,5.5,-7.5,2.944845885,-2.581846505,3.325,-3.465,-1.763872589,1.687310517,-1.761666667,1.688333333
19b157.07.31,iDolphin,RedRight,bottom,1000,James,2,green,1,1,1,13.93103448,8.962962963,0.272,0.22,-19.266,17.137,-305.1,304.5,12.1,-14.7,4.712632209,-4.191860725,5.085,-5.075,1.767786324,-1.61001422,1.76,-1.61
19b157.07.31,iDolphin,RedRight,bottom,1000,James,3,red,1,1,1,15.93103448,11.63265306,0.327,0.163,-11.665,10.395,-193.2,205.8,5.4,-7.1,2.85336222,-2.542709102,3.22,-3.43,-1.859269989,1.649151623,-1.865,1.645
19b157.07.31,iDolphin,RedRight,bottom,1000,James,3,green,1,1,1,14.11111111,8.589285714,0.276,0.206,-19.336,16.855,-306.5,300,11.8,-14.8,4.7297548,-4.122881114,5.108333333,-5,1.87639258,-1.580172012,1.888333333,-1.57
19b157.10.21,iDolphin,RedRight,bottom,600,James,1,red,1,1,1,19.27586207,17.57142857,0.451,0.374,-3.128,6.366,-68.2,144.7,1.4,1.4,0.765136642,-1.557180182,1.136666667,-2.411666667,-3.964618158,2.565700932,-3.971666666,2.588333333
19b157.10.21,iDolphin,RedRight,bottom,900,James,1,green,1,1,1,12.64516129,8.540540541,0.25,0.224,-4.611,10.489,-90.8,206.8,5.5,0,1.12789162,-2.565702327,1.513333333,-3.446666667,0.362754978,-1.008522145,0.376666666,-1.035
19b157.10.21,iDolphin,RedRight,bottom,600,James,2,red,1,1,1,18.93548387,15.70967742,0.447,0.322,-3.34,6.49,-71.7,148.4,1.5,1.2,0.816993727,-1.58751168,1.195,-2.473333333,-0.310897893,0.978190647,-0.318333333,0.973333334
19b157.10.21,iDolphin,RedRight,bottom,900,James,2,green,1,1,1,12.5862069,8.823529412,0.254,0.233,-4.947,10.342,-96.6,203.8,5.3,-0.4,1.210080202,-2.529744837,1.61,-3.396666667,0.393086475,-0.942233157,0.415,-0.923333334
19b157.10.21,iDolphin,RedRight,bottom,600,James,3,red,1,1,1,18.78125,15.94117647,0.451,0.332,-2.095,6.057,-54.3,141.6,1,2.5,0.512455652,-1.481596045,0.905,-2.36,-0.69762455,1.048148792,-0.705,1.036666667
19b157.10.21,iDolphin,RedRight,bottom,900,James,3,green,1,1,1,12.5,8.425,0.251,0.215,-4.511,10.248,-89.6,202.9,5.2,0.1,1.103430732,-2.506751613,1.493333333,-3.381666667,0.59097508,-1.025155568,0.588333333,-1.021666667
19b157.10.21,iDolphin,RedRight,bottom,1000,James,1,red,1,1,1,14.45714286,10.57142857,0.281,0.155,-2.784,6.189,-64.2,143.9,1.2,1.8,0.680991182,-1.513884414,1.07,-2.398333333,-0.42243955,0.992867199,-0.423333333,0.983333334
19b157.10.21,iDolphin,RedRight,bottom,1000,James,1,green,1,1,1,12.14285714,7.895833333,0.245,0.223,-4.833,10.181,-94.2,202.3,5.2,-0.3,1.182194791,-2.490362825,1.57,-3.371666667,0.501203609,-0.976478411,0.5,-0.973333334
19b157.10.21,iDolphin,RedRight,bottom,1000,James,2,red,1,1,1,14.77142857,10.33928571,0.292,0.152,-3.487,6.453,-74.8,147.8,1.4,1.1,0.852951234,-1.578461152,1.246666667,-2.463333333,-0.329243557,0.911901673,-0.323333333,0.908333334
19b157.10.21,iDolphin,RedRight,bottom,1000,James,2,green,1,1,1,12.24137931,7.68,0.241,0.21,-5.084,10.281,-98.6,204,5.3,-0.5,1.243591618,-2.514823702,1.643333333,-3.4,0.390640384,-0.93636255,0.396666666,-0.936666667
19b157.10.21,iDolphin,RedRight,bottom,1000,James,3,red,1,1,1,15.66666667,10.5862069,0.32,0.142,-3.648,6.255,-76.6,144.1,1.2,0.9,0.892333265,-1.530028599,1.276666667,-2.401666667,-0.351258353,0.984795103,-0.366666666,0.998333333
19b157.10.21,iDolphin,RedRight,bottom,1000,James,3,green,1,1,1,12.5,7.693877551,0.25,0.214,-5.132,10.046,-99.1,200.6,5,-0.6,1.255332844,-2.45734064,1.651666667,-3.343333333,0.362999579,-0.927312041,0.375,-0.941666666
19b157.11.22,iDolphin,RedRight,bottom,600,James,1,red,1,1,1,19.27586207,17.57142857,0.451,0.374,-3.128,6.366,-68.2,144.7,1.4,1.4,0.765136642,-1.557180182,1.136666667,-2.411666667,-0.490196202,0.900160458,-0.515,0.931666666
19b157.11.22,iDolphin,RedRight,bottom,900,James,1,green,1,1,1,12.64516129,8.540540541,0.25,0.224,-4.611,10.489,-90.8,206.8,5.5,0,1.12789162,-2.565702327,1.513333333,-3.446666667,0.362754978,-1.008522145,0.376666666,-1.035
19b157.11.22,iDolphin,RedRight,bottom,600,James,2,red,1,1,1,18.93548387,15.70967742,0.447,0.322,-3.34,6.49,-71.7,148.4,1.5,1.2,0.816993727,-1.58751168,1.195,-2.473333333,-0.310897893,0.978190647,-0.318333333,0.973333334
19b157.11.22,iDolphin,RedRight,bottom,900,James,2,green,1,1,1,12.5862069,8.823529412,0.254,0.233,-4.947,10.342,-96.6,203.8,5.3,-0.4,1.210080202,-2.529744837,1.61,-3.396666667,0.393086475,-0.942233157,0.415,-0.923333334
19b157.11.22,iDolphin,RedRight,bottom,600,James,3,red,1,1,1,18.78125,15.94117647,0.451,0.332,-2.095,6.057,-54.3,141.6,1,2.5,0.512455652,-1.481596045,0.905,-2.36,-0.69762455,1.048148792,-0.705,1.036666667
19b157.11.22,iDolphin,RedRight,bottom,900,James,3,green,1,1,1,12.5,8.425,0.251,0.215,-4.511,10.248,-89.6,202.9,5.2,0.1,1.103430732,-2.506751613,1.493333333,-3.381666667,0.59097508,-1.025155568,0.588333333,-1.021666667
19b157.11.22,iDolphin,RedRight,bottom,1000,James,1,red,1,1,1,14.45714286,10.57142857,0.281,0.155,-2.784,6.189,-64.2,143.9,1.2,1.8,0.680991182,-1.513884414,1.07,-2.398333333,-0.42243955,0.992867199,-0.423333333,0.983333334
19b157.11.22,iDolphin,RedRight,bottom,1000,James,1,green,1,1,1,12.14285714,7.895833333,0.245,0.223,-4.833,10.181,-94.2,202.3,5.2,-0.3,1.182194791,-2.490362825,1.57,-3.371666667,0.501203609,-0.976478411,0.5,-0.973333334
19b157.11.22,iDolphin,RedRight,bottom,1000,James,2,red,1,1,1,14.77142857,10.33928571,0.292,0.152,-3.487,6.453,-74.8,147.8,1.4,1.1,0.852951234,-1.578461152,1.246666667,-2.463333333,-0.329243557,0.911901673,-0.323333333,0.908333334
19b157.11.22,iDolphin,RedRight,bottom,1000,James,2,green,1,1,1,12.24137931,7.68,0.241,0.21,-5.084,10.281,-98.6,204,5.3,-0.5,1.243591618,-2.514823702,1.643333333,-3.4,0.390640384,-0.93636255,0.396666666,-0.936666667
19b157.11.22,iDolphin,RedRight,bottom,1000,James,3,red,1,1,1,15.66666667,10.5862069,0.32,0.142,-3.648,6.255,-76.6,144.1,1.2,0.9,0.892333265,-1.530028599,1.276666667,-2.401666667,-0.351258353,0.984795103,-0.366666666,0.998333333
19b157.11.22,iDolphin,RedRight,bottom,1000,James,3,green,1,1,1,12.5,7.693877551,0.25,0.214,-5.132,10.046,-99.1,200.6,5,-0.6,1.255332844,-2.45734064,1.651666667,-3.343333333,0.362999579,-0.927312041,0.375,-0.941666666
