SampleID,trial,WG_type,Date,Diced,Sidecolor,Operator,Color,Sample#,Exit#,Camera#,MTF30_x,MTF30_y,MTF_x@15lp/deg,MTF_y@15lp/deg,CRA_dx(pixel),CRA_dy(pixel),ray_tilt_x(arcsec),ray_tilt_y(arcsec),rel_cross_pos_x(pixel),rel_cross_pos_y(pixel),CRA_x_from_cradx(arcmin),CRA_y_from_crady(arcmin),CRA_x_fromraytilt(arcmin),CRA_y_fromraytilt(arcmin)
19B171.05.11,1,iDolphin,5-Mar,Y,BlueRight,Alex,blue,1,1,1,9.470588235,12.36363636,0.176,0.225,5.714,10.767,61.5,210.2,5.8,10.3,1.397695205,2.633703563,1.025,3.503333333
19B171.05.11,1,iDolphin,5-Mar,Y,BlueRight,Alex,green,1,1,1,14.79310345,15.84615385,0.294,0.322,1.381,0.866,-2.1,65.3,-4.1,5.9,0.337804897,0.211831311,-0.035,1.088333333
19B171.05.11,2,iDolphin,5-Mar,Y,BlueRight,Alex,blue,1,1,1,9.3125,12.53125,0.176,0.234,4.375,8.915,41.9,184,3.9,8.9,1.070163924,2.180688094,0.698333333,3.066666667
19B171.05.11,2,iDolphin,5-Mar,Y,BlueRight,Alex,green,1,1,1,14.75862069,16.33333333,0.293,0.335,-0.482,-0.273,-29.4,49.1,-5.3,4.1,-0.117901492,-0.066778231,-0.49,0.818333333
19B171.05.11,3,iDolphin,5-Mar,Y,BlueRight,Alex,blue,1,1,1,9.441176471,12.32352941,0.175,0.225,4.289,9.379,40.2,190.8,4.4,8.9,1.04912756,2.294186578,0.67,3.18
19B171.05.11,3,iDolphin,5-Mar,Y,BlueRight,Alex,green,1,1,1,14.75862069,15.81481481,0.293,0.322,-0.378,-0.356,-27,47.8,-5.4,4.2,-0.092462166,-0.08708077,-0.45,0.796666667
19B171.04.22,1,iDolphin,5-Mar,Y,BlueRight,Alex,blue,1,1,1,20.7,24.72727273,0.447,0.538,-4.395,-1.325,-87.5,33.4,-6.3,0.2,-1.075056102,-0.324106798,-1.458333333,0.556666667
19B171.04.22,1,iDolphin,5-Mar,Y,BlueRight,Alex,green,1,1,1,21.56,24.45454545,0.468,0.532,-4.043,-3.516,-81.8,0.3,-8.5,0.5,-0.988953775,-0.860044891,-1.363333333,0.005
19B171.04.22,2,iDolphin,5-Mar,Y,BlueRight,Alex,blue,1,1,1,21.05,25.33333333,0.45,0.548,-2.744,-1.269,-62.7,33.6,-6.3,1.8,-0.671206826,-0.310408699,-1.045,0.56
19B171.04.22,2,iDolphin,5-Mar,Y,BlueRight,Alex,green,1,1,1,21.86956522,25.19047619,0.475,0.545,-2.394,-3.562,-58.1,0,-8.6,2.2,-0.585593713,-0.8712969,-0.968333333,0
19B171.04.22,3,iDolphin,5-Mar,Y,BlueRight,Alex,blue,1,1,1,21.14285714,25.11111111,0.455,0.543,-4.35,-1.207,-87.2,34.8,-6.2,0.2,-1.064048702,-0.295242947,-1.453333333,0.58
19B171.04.22,3,iDolphin,5-Mar,Y,BlueRight,Alex,green,1,1,1,22.04166667,25.05,0.48,0.545,-3.847,-3.592,-78.7,-0.2,-8.6,0.7,-0.941010433,-0.878635167,-1.311666667,-0.003333333
19B152.09.22,1,iDolphin,5-Mar,Y,BlueRight,Alex,blue,1,1,1,22,23.78571429,0.452,0.489,1.042,-5.388,-7.9,-26.9,-10.4,5.6,0.254882478,-1.317952715,-0.131666667,-0.448333333
19B152.09.22,1,iDolphin,5-Mar,Y,BlueRight,Alex,green,1,1,1,20.85714286,21.72222222,0.467,0.491,-1.213,-5.106,-40.4,-22.4,-10.1,3.4,-0.296710601,-1.248973013,-0.673333333,-0.373333333
19B152.09.22,2,iDolphin,5-Mar,Y,BlueRight,Alex,blue,1,1,1,21.88888889,23.69230769,0.443,0.485,2.332,-4.663,11.9,-16.1,-9.7,6.9,0.570427961,-1.140611281,0.198333333,-0.268333333
19B152.09.22,2,iDolphin,5-Mar,Y,BlueRight,Alex,green,1,1,1,20.76923077,21.68181818,0.455,0.481,-0.184,-4.446,-25.9,-13.8,-9.5,4.4,-0.045008038,-1.087531155,-0.431666667,-0.23
19B152.09.22,3,iDolphin,5-Mar,Y,BlueRight,Alex,blue,1,1,1,21.80769231,23.15,0.457,0.476,4.853,-4.707,48.6,-15.8,-9.7,9.4,1.187086968,-1.151374072,0.81,-0.263333333
19B152.09.22,3,iDolphin,5-Mar,Y,BlueRight,Alex,green,1,1,1,20.72,21.76,0.458,0.48,2.553,-4.403,14.8,-11.5,-9.4,7.1,0.624486527,-1.077012973,0.246666667,-0.191666667
19B152.09.32,1,iDolphin,5-Mar,Y,BlueRight,Alex,blue,1,1,1,11.26666667,8.862745098,0.208,0.147,-3.939,-8.215,-80.9,-68.6,-13.2,0.6,-0.963514451,-2.009461924,-1.348333333,-1.143333333
19B152.09.32,1,iDolphin,5-Mar,Y,BlueRight,Alex,green,1,1,1,16.07407407,16.59259259,0.332,0.344,-2.466,-7.917,-59.4,-64.1,-12.9,2.1,-0.603205553,-1.936568495,-0.99,-1.068333333
19B152.09.32,2,iDolphin,5-Mar,Y,BlueRight,Alex,blue,1,1,1,11.09677419,9.722222222,0.203,0.188,-3.34,-8.177,-71.8,-68,-13.2,1.2,-0.816993727,-2.000166789,-1.196666667,-1.133333333
19B152.09.32,2,iDolphin,5-Mar,Y,BlueRight,Alex,green,1,1,1,16.48148148,19.60869565,0.343,0.421,-2.074,-7.725,-52.8,-60.2,-12.7,2.5,-0.507318865,-1.8896036,-0.88,-1.003333333
19B152.09.32,3,iDolphin,5-Mar,Y,BlueRight,Alex,blue,1,1,1,11.24242424,8.88,0.209,0.157,-1.656,-8.789,-47.4,-76.6,-13.8,2.9,-0.405072345,-2.149867384,-0.79,-1.276666667
19B152.09.32,3,iDolphin,5-Mar,Y,BlueRight,Alex,green,1,1,1,16.24137931,17.26923077,0.335,0.357,-0.148,-8.013,-24.8,-65,-13,4.4,-0.036202118,-1.960050942,-0.413333333,-1.083333333
19B158.10.32,1,iDolphin,5-Mar,Y,BlueRight,Alex,blue,1,1,1,17.19047619,13.68571429,0.354,0.255,-1.965,-3.894,-52,-4.8,-8.9,2.6,-0.480656495,-0.952507051,-0.866666667,-0.08
19B158.10.32,1,iDolphin,5-Mar,Y,BlueRight,Alex,green,1,1,1,18.07407407,17,0.388,0.355,-1.383,-6.355,-42.8,-40.5,-11.4,3.2,-0.338294114,-1.554489484,-0.713333333,-0.675
19B158.10.32,2,iDolphin,5-Mar,Y,BlueRight,Alex,blue,1,1,1,16.92,14.81818182,0.353,0.294,-3.746,-4.118,-77.2,-7.4,-9.1,0.8,-0.916304936,-1.007299441,-1.286666667,-0.123333333
19B158.10.32,2,iDolphin,5-Mar,Y,BlueRight,Alex,green,1,1,1,18.11538462,18.44,0.39,0.4,-3.065,-6.387,-67.7,-42.2,-11.4,1.5,-0.749726281,-1.562316968,-1.128333333,-0.703333333
19B158.10.32,3,iDolphin,5-Mar,Y,BlueRight,Alex,blue,1,1,1,16.04545455,15.76470588,0.328,0.326,-4.569,-4.718,-89.7,-16.7,-9.7,0,-1.117618047,-1.15406477,-1.495,-0.278333333
19B158.10.32,3,iDolphin,5-Mar,Y,BlueRight,Alex,green,1,1,1,18.44444444,20.63157895,0.395,0.446,-3.324,-6.618,-71.9,-45,-11.6,1.2,-0.813079985,-1.618821613,-1.198333333,-0.75
19B152.10.11,1,iDolphin,5-Mar,Y,BlueRight,Alex,blue,1,1,1,8.179487179,12.1875,0.153,0.25,6.858,8.14,77.2,172,3.1,11.4,1.677527736,1.991116263,1.286666667,2.866666667
19B152.10.11,1,iDolphin,5-Mar,Y,BlueRight,Alex,green,1,1,1,15.6,17.33333333,0.315,0.355,3.415,1.525,27.1,74.7,-3.5,8,0.835339394,0.373028578,0.451666667,1.245
19B152.10.11,2,iDolphin,5-Mar,Y,BlueRight,Alex,blue,1,1,1,8.256410256,12.05555556,0.148,0.247,4.661,8.009,45.9,168.7,3,9.2,1.140122064,1.959072507,0.765,2.811666667
19B152.10.11,2,iDolphin,5-Mar,Y,BlueRight,Alex,green,1,1,1,15.61538462,17,0.316,0.348,1.367,0.916,-1.8,66.4,-4.1,5.9,0.334380372,0.224061757,-0.03,1.106666667
19B152.10.11,3,iDolphin,5-Mar,Y,BlueRight,Alex,blue,1,1,1,8.255813953,12.375,0.153,0.254,6.827,7.99,77,169.8,3,11.4,1.669944862,1.954424939,1.283333333,2.83
19B152.10.11,3,iDolphin,5-Mar,Y,BlueRight,Alex,green,1,1,1,15.61538462,17.31818182,0.316,0.355,3.094,1.339,22.8,72.7,-3.7,7.7,0.756819939,0.327531323,0.38,1.211666667
19B152.13.12,1,iDolphin,5-Mar,Y,BlueRight,Alex,blue,1,1,1,19.23076923,19.28571429,0.402,0.393,18.466,-9.596,247.6,-89,-14.6,23,4.516945437,-2.347266686,4.126666667,-1.483333333
19B152.13.12,1,iDolphin,5-Mar,Y,BlueRight,Alex,green,1,1,1,20.48,19.93333333,0.45,0.456,12.513,-8.073,160.6,-66.7,-13.1,17.1,3.060790418,-1.974727472,2.676666667,-1.111666667
19B152.13.12,2,iDolphin,5-Mar,Y,BlueRight,Alex,blue,1,1,1,18.60869565,19.47619048,0.388,0.402,17.57,-10.317,235.3,-98.7,-15.3,22.1,4.297776219,-2.523629618,3.921666667,-1.645
19B152.13.12,2,iDolphin,5-Mar,Y,BlueRight,Alex,green,1,1,1,20.13043478,18.96551724,0.44,0.433,11.067,-8.438,140.2,-70.6,-13.4,15.6,2.70708619,-2.064009691,2.336666667,-1.176666667
19B152.13.12,3,iDolphin,5-Mar,Y,BlueRight,Alex,blue,1,1,1,18.69565217,19.76923077,0.392,0.418,14.428,-10.081,189.3,-95.9,-15.1,19,3.529216039,-2.465901947,3.155,-1.598333333
19B152.13.12,3,iDolphin,5-Mar,Y,BlueRight,Alex,green,1,1,1,20.25,19.44,0.447,0.435,8.279,-8.529,98.9,-72.5,-13.5,12.8,2.025116889,-2.086269093,1.648333333,-1.208333333
19B158.12.22,1,iDolphin,5-Mar,Y,BlueRight,Alex,blue,1,1,1,19.58333333,25.10526316,0.431,0.527,-3.375,1.205,-72.7,69.9,-3.8,1.2,-0.825555038,0.29475373,-1.211666667,1.165
19B158.12.22,1,iDolphin,5-Mar,Y,BlueRight,Alex,green,1,1,1,21.75,24.38095238,0.473,0.523,-3.068,-2.505,-67.5,16.5,-7.5,1.5,-0.750460108,-0.6127453,-1.125,0.275
19B158.12.22,2,iDolphin,5-Mar,Y,BlueRight,Alex,blue,1,1,1,18.76,24.11111111,0.409,0.513,-5.906,1.03,-109.7,68.3,-4,-1.3,-1.444660107,0.251947172,-1.828333333,1.138333333
19B158.12.22,2,iDolphin,5-Mar,Y,BlueRight,Alex,green,1,1,1,21.13043478,23.61904762,0.458,0.51,-5.266,-2.946,-100.2,9.5,-8,-0.7,-1.288110433,-0.720617823,-1.67,0.158333333
19B158.12.22,3,iDolphin,5-Mar,Y,BlueRight,Alex,blue,1,1,1,19.30434783,24.85,0.423,0.527,-4.248,0.973,-84.9,67.3,-4,0.3,-1.039098596,0.238004464,-1.415,1.121666667
19B158.12.22,3,iDolphin,5-Mar,Y,BlueRight,Alex,green,1,1,1,21.43478261,24.38095238,0.469,0.522,-3.58,-2.803,-75.6,12.1,-7.8,1,-0.87569986,-0.685638751,-1.26,0.201666667
19B157.05.22,1,iDolphin,5-Mar,Y,RedRight,Alex,red,1,1,1,17.35483871,14.92,0.379,0.298,0.836,1.128,-5.3,70.3,-3.9,5.4,0.204493044,0.275918844,-0.088333333,1.171666667
19B157.05.22,1,iDolphin,5-Mar,Y,RedRight,Alex,green,1,1,1,10.52777778,10.08163265,0.18,0.149,-2.371,1.181,-51.3,72.6,-3.8,2.2,-0.579967708,0.288883116,-0.855,1.21
19B157.05.22,2,iDolphin,5-Mar,Y,RedRight,Alex,red,1,1,1,18.45,17.67857143,0.431,0.359,-0.167,1.161,-19.4,71.6,-3.8,4.4,-0.040849687,0.283990938,-0.323333333,1.193333333
19B157.05.22,2,iDolphin,5-Mar,Y,RedRight,Alex,green,1,1,1,11.19230769,11.42857143,0.2,0.197,-2.457,0.69,-53.8,64.6,-4.3,2.1,-0.601004073,0.168780144,-0.896666667,1.076666667
19B157.05.22,3,iDolphin,5-Mar,Y,RedRight,Alex,red,1,1,1,18.28,16.80769231,0.4,0.346,-1.602,1.385,-40.6,75.3,-3.6,3,-0.391863464,0.338783332,-0.676666667,1.255
19B157.05.22,3,iDolphin,5-Mar,Y,RedRight,Alex,green,1,1,1,11.73913043,1.331848552,0.2,0,-5.397,-0.801,-96.3,43.5,-5.8,-0.8,-1.320154195,-0.195931733,-1.605,0.725
19B157.11.22,1,iDolphin,5-Mar,Y,RedRight,Alex,red,1,1,1,19.55,16.20833333,0.415,0.329,0.993,-1.573,-2.4,31.5,-6.6,5.6,0.242896642,-0.384769806,-0.04,0.525
19B157.11.22,1,iDolphin,5-Mar,Y,RedRight,Alex,green,1,1,1,18.45454545,16.6969697,0.388,0.353,-2.464,2.11,-53.7,85.5,-2.9,2.1,-0.602716335,0.516124785,-0.895,1.425
19B157.11.22,2,iDolphin,5-Mar,Y,RedRight,Alex,red,1,1,1,19.7,16.41666667,0.417,0.333,2.24,-1.156,15.8,37.7,-6.2,6.8,0.547923942,-0.282767893,0.263333333,0.628333333
19B157.11.22,2,iDolphin,5-Mar,Y,RedRight,Alex,green,1,1,1,18.57142857,16.77419355,0.387,0.348,-1.213,2.349,-34.9,89.1,-2.7,3.4,-0.296710601,0.574586312,-0.581666667,1.485
19B157.11.22,3,iDolphin,5-Mar,Y,RedRight,Alex,red,1,1,1,19.68421053,16.47826087,0.416,0.334,1.606,-1.404,6.6,34.4,-6.4,6.2,0.392841899,-0.343430901,0.11,0.573333333
19B157.11.22,3,iDolphin,5-Mar,Y,RedRight,Alex,green,1,1,1,18.86363636,17.33333333,0.393,0.362,-1.765,2.288,-43.4,88.1,-2.7,2.8,-0.431734715,0.559665169,-0.723333333,1.468333333
19B175.04.12,1,iDolphin,5-Mar,Y,RedRight,Alex,red,1,1,1,13.37142857,8.890625,0.245,0.142,6.179,0.037,73.4,54.7,-5,10.7,1.511438326,0.009050529,1.223333333,0.911666667
19B175.04.12,2,iDolphin,5-Mar,Y,RedRight,Alex,red,1,1,1,14.22580645,9.837837838,0.276,0.169,5.958,0.338,70.1,60,-4.7,10.5,1.457379768,0.08267781,1.168333333,1
19B175.04.12,2,iDolphin,5-Mar,Y,RedRight,Alex,green,1,1,1,9.433962264,8.488372093,0.099,0.101,9.982,-6.79,128.9,-44.9,-11.8,14.5,2.441685678,-1.660894335,2.148333333,-0.748333333
19B175.04.12,3,iDolphin,5-Mar,Y,RedRight,Alex,red,1,1,1,13.85294118,9.342105263,0.264,0.156,6.132,0.159,72.2,56.2,-4.9,10.7,1.499941709,0.038892816,1.203333333,0.936666667
19B175.04.12,3,iDolphin,5-Mar,Y,RedRight,Alex,green,1,1,1,7.828947368,8.510638298,0.042,0.104,10.063,-5.952,129.6,-32.5,-11,14.6,2.461498989,-1.455912115,2.16,-0.541666667
19B175.04.21,1,iDolphin,5-Mar,Y,RedRight,Alex,red,1,1,1,16.45833333,12.25,0.338,0.239,1.477,6.053,3.3,144.1,1,6,0.361287351,1.480617609,0.055,2.401666667
19B175.04.21,1,iDolphin,5-Mar,Y,RedRight,Alex,green,1,1,1,7.14084507,9.679245283,0.06,0.124,1.187,3.754,-1.1,108.7,-1.3,5.8,0.290350769,0.918261807,-0.018333333,1.811666667
19B175.04.21,2,iDolphin,5-Mar,Y,RedRight,Alex,red,1,1,1,16.44,12.27586207,0.336,0.243,0.684,5.852,-8.3,139.8,0.8,5.2,0.167312491,1.431451228,-0.138333333,2.33
19B175.04.21,3,iDolphin,5-Mar,Y,RedRight,Alex,red,1,1,1,18.11764706,12.4516129,0.414,0.266,0.244,5.059,-15.7,128.4,0,4.8,0.059684573,1.237476396,-0.261666667,2.14
19B175.04.21,3,iDolphin,5-Mar,Y,RedRight,Alex,green,1,1,1,5.651933702,10.20967742,0.104,0.149,-0.577,3.7,-26.6,108.5,-1.3,4,-0.141139338,0.905052927,-0.443333333,1.808333333
19B157.10.21,1,iDolphin,5-Mar,Y,RedRight,Alex,red,1,1,1,18.33333333,13.73076923,0.387,0.269,0.97,4.768,-5.2,124.1,-0.2,5.5,0.237270637,1.166295214,-0.086666667,2.068333333
19B157.10.21,1,iDolphin,5-Mar,Y,RedRight,Alex,green,1,1,1,15.27272727,14.46153846,0.303,0.286,-1.782,8.863,-45,184.4,3.9,2.8,-0.435893066,2.167968436,-0.75,3.073333333
19B157.10.21,2,iDolphin,5-Mar,Y,RedRight,Alex,red,1,1,1,18.56521739,13.71428571,0.39,0.267,1.616,5.449,5.3,134,0.4,6.2,0.395287988,1.332873856,0.088333333,2.233333333
19B157.10.21,2,iDolphin,5-Mar,Y,RedRight,Alex,green,1,1,1,14.1875,14.03571429,0.287,0.273,-1.477,9.376,-39.8,191.4,4.4,3.1,-0.361287351,2.293452752,-0.663333333,3.19
19B157.10.21,3,iDolphin,5-Mar,Y,RedRight,Alex,red,1,1,1,18.5,15.59090909,0.392,0.313,-0.069,4.751,-19.7,123.9,-0.3,4.5,-0.016878014,1.162136863,-0.328333333,2.065
19B157.10.21,3,iDolphin,5-Mar,Y,RedRight,Alex,green,1,1,1,15.21428571,14.10714286,0.303,0.275,-2.769,8.873,-58.3,184.4,3.9,1.8,-0.677322049,2.170414524,-0.971666667,3.073333333
19B157.07.31,1,iDolphin,5-Mar,Y,RedRight,Alex,red,1,1,1,18.90909091,16.10714286,0.397,0.334,-6.929,8.627,-120.6,180.8,3.6,-2.4,-1.694894964,2.110240757,-2.01,3.013333333
19B157.07.31,1,iDolphin,5-Mar,Y,RedRight,Alex,green,1,1,1,15.93333333,14.06451613,0.328,0.271,-14.317,14.557,-228.9,267.7,9.5,-9.8,-3.502064479,3.560770554,-3.815,4.461666667
19B157.07.31,2,iDolphin,5-Mar,Y,RedRight,Alex,red,1,1,1,17.88888889,14.51612903,0.382,0.285,-8.193,8.26,-139.2,175.8,3.3,-3.6,-2.00408053,2.020469321,-2.32,2.93
19B157.07.31,2,iDolphin,5-Mar,Y,RedRight,Alex,green,1,1,1,14.32258065,13.46153846,0.279,0.259,-15.979,14.3,-253.7,264.3,9.3,-11.4,-3.908604006,3.497906132,-4.228333333,4.405
19B157.07.31,3,iDolphin,5-Mar,Y,RedRight,Alex,red,1,1,1,18.43478261,14.51724138,0.39,0.286,-8.184,8.622,-138.5,180,3.6,-3.6,-2.001879051,2.109017713,-2.308333333,3
19B157.07.31,3,iDolphin,5-Mar,Y,RedRight,Alex,green,1,1,1,14.93548387,13.68965517,0.298,0.261,-15.945,14.716,-252.5,271,9.7,-11.4,-3.900287314,3.599663328,-4.208333333,4.516666667
19B157.07.22,1,iDolphin,5-Mar,Y,RedRight,Alex,red,1,1,1,19.14285714,15,0.411,0.3,1.721,-1.233,6.2,35.9,-6.2,6.3,0.420971923,-0.301602779,0.103333333,0.598333333
19B157.07.22,1,iDolphin,5-Mar,Y,RedRight,Alex,green,1,1,1,17.66666667,15.7,0.358,0.321,-3.766,1.184,-74.5,70.5,-3.8,0.8,-0.921197114,0.289616943,-1.241666667,1.175
19B157.07.22,2,iDolphin,5-Mar,Y,RedRight,Alex,red,1,1,1,19.0952381,15.2,0.407,0.305,1.675,-1.419,4.9,32.4,-6.4,6.2,0.409719914,-0.347100035,0.081666667,0.54
19B157.07.22,2,iDolphin,5-Mar,Y,RedRight,Alex,green,1,1,1,17.70588235,15.82758621,0.356,0.324,-4.101,0.994,-79,68.4,-4,0.5,-1.00314109,0.243141251,-1.316666667,1.14
19B157.07.22,3,iDolphin,5-Mar,Y,RedRight,Alex,red,1,1,1,17.36,13.90322581,0.363,0.269,1.226,-2.454,-0.2,17.8,-7.5,5.8,0.299890517,-0.600270246,-0.003333333,0.296666667
19B157.07.22,3,iDolphin,5-Mar,Y,RedRight,Alex,green,1,1,1,14.76,14.60869565,0.294,0.291,-4.935,0.432,-91.5,60.5,-4.6,-0.4,-1.207144896,0.105671047,-1.525,1.008333333
19B157.07.21,1,iDolphin,5-Mar,Y,RedRight,Alex,red,1,1,1,18.5,15.04347826,0.401,0.301,2.797,3.959,22.2,112.3,-1.1,7.4,0.684171098,0.968406629,0.37,1.871666667
19B157.07.21,1,iDolphin,5-Mar,Y,RedRight,Alex,green,1,1,1,18.47368421,16.04347826,0.365,0.32,-0.241,7.29,-22.2,160.4,2.3,4.3,-0.058950746,1.783198756,-0.37,2.673333333
19B157.07.21,2,iDolphin,5-Mar,Y,RedRight,Alex,red,1,1,1,18.46153846,15.36363636,0.399,0.308,3.232,4.454,28.9,119.4,-0.6,7.8,0.790575967,1.089488026,0.481666667,1.99
19B157.07.21,2,iDolphin,5-Mar,Y,RedRight,Alex,green,1,1,1,18.1875,16.20833333,0.364,0.327,-0.113,7.739,-21.1,166.8,2.7,4.5,-0.027640806,1.893028123,-0.351666667,2.78
19B157.07.21,3,iDolphin,5-Mar,Y,RedRight,Alex,red,1,1,1,18.36,15.5,0.399,0.311,2.302,3.965,14.7,113,-1,6.9,0.563089694,0.969874282,0.245,1.883333333
19B157.07.21,3,iDolphin,5-Mar,Y,RedRight,Alex,green,1,1,1,18,16,0.361,0.326,-1.003,7.397,-34.3,163.3,2.4,3.6,-0.245342731,1.809371902,-0.571666667,2.721666667
19B152.09.22,1,iDolphin,13-Mar,Y,BlueRight,Adrian,blue,1,1,1,22.33333333,23.33333333,0.463,0.483,0.739,-5.204,-8.1,-23.2,-10.2,5.3,0.180765981,-1.272944683,-0.135,-0.386666667
19B152.09.22,1,iDolphin,13-Mar,Y,BlueRight,Adrian,green,1,1,1,21,21.21052632,0.46,0.464,-1.657,-4.896,-44,-18.6,-9.9,2.9,-0.405316953,-1.19760515,-0.733333333,-0.31
19B152.09.32,1,iDolphin,13-Mar,Y,BlueRight,Adrian,blue,1,1,1,11.03225806,9.428571429,0.201,0.176,-5.7,-8.686,-103.3,-74.4,-13.7,-1.1,-1.394270681,-2.124672677,-1.721666667,-1.24
19B152.09.32,1,iDolphin,13-Mar,Y,BlueRight,Adrian,green,1,1,1,16.38461538,19.05,0.338,0.401,-4.189,-8.101,-81.2,-65.6,-13.1,0.4,-1.024666672,-1.981576519,-1.353333333,-1.093333333
19B152.10.11,1,iDolphin,13-Mar,Y,BlueRight,Adrian,blue,1,1,1,8.076923077,12.11764706,0.146,0.246,6.121,6.985,70.4,155.7,2,10.7,1.497251012,1.70859306,1.173333333,2.595
19B152.10.11,1,iDolphin,13-Mar,Y,BlueRight,Adrian,green,1,1,1,15.53846154,17.31818182,0.314,0.355,2.613,0.051,18.4,54.3,-5,7.2,0.639163061,0.012475054,0.306666667,0.905
19B152.13.12,1,iDolphin,13-Mar,Y,BlueRight,Adrian,blue,1,1,1,18.52173913,19.26086957,0.388,0.405,16.2,-9.923,217.9,-92.4,-14.9,20.8,3.962662503,-2.427253759,3.631666667,-1.54
19B152.13.12,1,iDolphin,13-Mar,Y,BlueRight,Adrian,green,1,1,1,20.25,19.38461538,0.444,0.443,9.982,-8.238,127.4,-67.3,-13.2,14.5,2.441685678,-2.015087927,2.123333333,-1.121666667
19B158.10.32,1,iDolphin,13-Mar,Y,BlueRight,Adrian,blue,1,1,1,16.83333333,14.26470588,0.348,0.275,-6.379,-5.095,-113.3,-22.1,-10.1,-1.8,-1.560360097,-1.246282316,-1.888333333,-0.368333333
19B158.10.32,1,iDolphin,13-Mar,Y,BlueRight,Adrian,green,1,1,1,18.19230769,18.19047619,0.391,0.389,-5.447,-7.178,-99.2,-51.8,-12.2,-0.9,-1.332384638,-1.755802566,-1.653333333,-0.863333333
19B158.12.22,1,iDolphin,13-Mar,Y,BlueRight,Adrian,blue,1,1,1,19,24.91304348,0.423,0.525,-2.306,1.701,-53.5,78.3,-3.3,2.3,-0.56406813,0.416079745,-0.891666667,1.305
19B158.12.22,1,iDolphin,13-Mar,Y,BlueRight,Adrian,green,1,1,1,21.40909091,24.95238095,0.463,0.528,-1.708,-2.116,-44.4,21.7,-7.1,2.9,-0.417792007,-0.517592439,-0.74,0.361666667
19B171.04.22,1,iDolphin,13-Mar,Y,BlueRight,Adrian,blue,1,1,1,20.52380952,25.10526316,0.446,0.54,-3.407,-0.554,-69,45.3,-5.6,1.2,-0.833382522,-0.135513333,-1.15,0.755
19B171.04.22,1,iDolphin,13-Mar,Y,BlueRight,Adrian,green,1,1,1,21.43478261,24.5,0.468,0.532,-2.934,-2.944,-62,10.5,-8,1.6,-0.717682516,-0.720128605,-1.033333333,0.175
19B171.05.11,1,iDolphin,13-Mar,Y,BlueRight,Adrian,blue,1,1,1,9.53125,12.36363636,0.175,0.229,6.35,9.417,73.6,191.5,4.4,10.9,1.55326644,2.303481712,1.226666667,3.191666667
19B171.05.11,1,iDolphin,13-Mar,Y,BlueRight,Adrian,green,1,1,1,14.72413793,15.8,0.292,0.32,1.649,-0.232,5.2,50.1,-5.2,6.2,0.403360082,-0.056749266,0.086666667,0.835
19B152.09.22,2,iDolphin,13-Mar,Y,BlueRight,Adrian,blue,1,1,1,21.04,23.05,0.428,0.465,4.006,-5.009,39,-20.2,-10,8.6,0.979903246,-1.225245952,0.65,-0.336666667
19B152.09.22,2,iDolphin,13-Mar,Y,BlueRight,Adrian,green,1,1,1,20.625,21.48,0.45,0.47,1.831,-4.725,7,-16.1,-9.7,6.4,0.447878902,-1.155777032,0.116666667,-0.268333333
19B152.09.32,2,iDolphin,13-Mar,Y,BlueRight,Adrian,blue,1,1,1,11.03333333,9.514285714,0.203,0.177,-5.918,-9.773,-106.7,-90.6,-14.8,-1.4,-1.447595413,-2.390562442,-1.778333333,-1.51
19B152.09.32,2,iDolphin,13-Mar,Y,BlueRight,Adrian,green,1,1,1,16.39285714,19.25,0.341,0.408,-4.36,-9.092,-82.5,-79.9,-14.1,0.2,-1.066494791,-2.223983853,-1.375,-1.331666667
19B152.10.11,2,iDolphin,13-Mar,Y,BlueRight,Adrian,blue,1,1,1,8.073170732,12.31578947,0.15,0.248,4.091,7.675,40.7,165.9,2.7,8.7,1.000695001,1.877373158,0.678333333,2.765
19B152.10.11,2,iDolphin,13-Mar,Y,BlueRight,Adrian,green,1,1,1,15.53846154,17.125,0.314,0.352,0.727,0.979,-8.7,68.5,-4,5.3,0.177830674,0.239472117,-0.145,1.141666667
19B152.13.12,2,iDolphin,13-Mar,Y,BlueRight,Adrian,blue,1,1,1,18.45454545,19.40909091,0.388,0.406,16.735,-10.276,225.8,-97.9,-15.3,21.3,4.093528088,-2.513600658,3.763333333,-1.631666667
19B152.13.12,2,iDolphin,13-Mar,Y,BlueRight,Adrian,green,1,1,1,20,18.82142857,0.436,0.431,10.345,-8.629,132.6,-73.5,-13.6,14.9,2.530478664,-2.110729975,2.21,-1.225
19B158.10.32,2,iDolphin,13-Mar,Y,BlueRight,Adrian,blue,1,1,1,16.54166667,15.03225806,0.341,0.301,-5.416,-5.102,-98.9,-21.7,-10.1,-0.9,-1.324801763,-1.247994578,-1.648333333,-0.361666667
19B158.10.32,2,iDolphin,13-Mar,Y,BlueRight,Adrian,green,1,1,1,18.2962963,19.39130435,0.396,0.424,-3.915,-7.192,-76.9,-52.4,-12.2,0.6,-0.957643838,-1.75922709,-1.281666667,-0.873333333
19B158.12.22,2,iDolphin,13-Mar,Y,BlueRight,Adrian,blue,1,1,1,18.81481481,24.4,0.417,0.515,-3.703,1.388,-73.6,73.9,-3.6,0.9,-0.905786754,0.339517159,-1.226666667,1.231666667
19B158.12.22,2,iDolphin,13-Mar,Y,BlueRight,Adrian,green,1,1,1,20.91666667,24.23809524,0.456,0.521,-3.122,-2.523,-64.6,16.3,-7.5,1.4,-0.763668988,-0.61714826,-1.076666667,0.271666667
19B171.04.22,2,iDolphin,13-Mar,Y,BlueRight,Adrian,blue,1,1,1,20.52631579,25.17391304,0.442,0.545,-1.408,-1.377,-40.2,33,-6.4,3.2,-0.344409337,-0.336826461,-0.67,0.55
19B171.04.22,2,iDolphin,13-Mar,Y,BlueRight,Adrian,green,1,1,1,21.45833333,24.7,0.465,0.535,-0.916,-3.747,-32.4,-1.5,-8.8,3.6,-0.224061757,-0.916549545,-0.54,-0.025
19B171.05.11,2,iDolphin,13-Mar,Y,BlueRight,Adrian,blue,1,1,1,9.25,12.72727273,0.175,0.239,6.376,9.401,74.4,191.1,4.4,10.9,1.55962627,2.299567971,1.24,3.185
19B171.05.11,2,iDolphin,13-Mar,Y,BlueRight,Adrian,green,1,1,1,14.72413793,16.15384615,0.292,0.33,1.761,-0.167,6.3,51.2,-5.2,6.3,0.430756279,-0.040849687,0.105,0.853333333
19B152.09.22,3,iDolphin,13-Mar,Y,BlueRight,Adrian,blue,1,1,1,21.8,23.58333333,0.451,0.477,1.496,-4.805,-0.1,-17.9,-9.8,6.1,0.36593492,-1.175345742,-0.001666667,-0.298333333
19B152.09.22,3,iDolphin,13-Mar,Y,BlueRight,Adrian,green,1,1,1,20.86206897,20.85714286,0.446,0.461,-0.922,-4.667,-35.2,-15.4,-9.7,3.6,-0.22552941,-1.141589717,-0.586666667,-0.256666667
19B152.09.32,3,iDolphin,13-Mar,Y,BlueRight,Adrian,blue,1,1,1,10.58333333,8.979591837,0.193,0.166,-4.476,-8.613,-87.2,-74,-13.6,0.1,-1.094869421,-2.106816234,-1.453333333,-1.233333333
19B152.09.32,3,iDolphin,13-Mar,Y,BlueRight,Adrian,green,1,1,1,16.33333333,18.76190476,0.336,0.402,-2.918,-8.243,-63.9,-67.7,-13.3,1.6,-0.713768774,-2.016310971,-1.065,-1.128333333
19B152.10.11,3,iDolphin,13-Mar,Y,BlueRight,Adrian,blue,1,1,1,7.913043478,11.92307692,0.152,0.247,3.605,7.477,31.6,163,2.5,8.2,0.881815083,1.828940609,0.526666667,2.716666667
19B152.10.11,3,iDolphin,13-Mar,Y,BlueRight,Adrian,green,1,1,1,15.51851852,17.40909091,0.314,0.352,0.297,0.805,-16.9,65.1,-4.2,4.9,0.072648845,0.196910168,-0.281666667,1.085
19B152.13.12,3,iDolphin,13-Mar,Y,BlueRight,Adrian,blue,1,1,1,18.20833333,19.32142857,0.383,0.407,14.208,-10.406,187.3,-100,-15.4,18.8,3.475402136,-2.545399799,3.121666667,-1.666666667
19B152.13.12,3,iDolphin,13-Mar,Y,BlueRight,Adrian,green,1,1,1,20.36363636,19.19230769,0.442,0.427,7.972,-8.727,96,-75,-13.7,12.5,1.95002198,-2.134701638,1.6,-1.25
19B158.10.32,3,iDolphin,13-Mar,Y,BlueRight,Adrian,blue,1,1,1,16.13043478,15.6,0.33,0.321,-4.984,-5.623,-94.2,-29.5,-10.6,-0.4,-1.219130731,-1.375435799,-1.57,-0.491666667
19B158.10.32,3,iDolphin,13-Mar,Y,BlueRight,Adrian,green,1,1,1,18.23076923,19.95454545,0.394,0.435,-3.453,-7.5,-72.1,-57.1,-12.5,1.1,-0.844634531,-1.834566612,-1.201666667,-0.951666667
19B158.12.22,3,iDolphin,13-Mar,Y,BlueRight,Adrian,blue,1,1,1,18.70833333,24.29166667,0.414,0.517,-4.239,0.914,-84.3,66.4,-4.1,0.3,-1.036897116,0.223572539,-1.405,1.106666667
19B158.12.22,3,iDolphin,13-Mar,Y,BlueRight,Adrian,green,1,1,1,20.91304348,24.25,0.455,0.523,-3.44,-2.899,-72.3,10.9,-7.9,1.1,-0.841454616,-0.709121205,-1.205,0.181666667
19B171.04.22,3,iDolphin,13-Mar,Y,BlueRight,Adrian,blue,1,1,1,20.95,25.2,0.451,0.544,-4.072,-1.325,-81.9,33.7,-6.3,0.5,-0.996047433,-0.324106798,-1.365,0.561666667
19B171.04.22,3,iDolphin,13-Mar,Y,BlueRight,Adrian,green,1,1,1,21.58333333,24.65217391,0.467,0.543,-3.381,-3.623,-70.9,0.5,-8.6,1.2,-0.827022691,-0.886218043,-1.181666667,0.008333333
19B171.05.11,3,iDolphin,13-Mar,Y,BlueRight,Adrian,blue,1,1,1,9.375,12.47058824,0.177,0.229,3.931,9.452,36.1,191.9,4.4,8.5,0.96155758,2.31204302,0.601666667,3.198333333
19B171.05.11,3,iDolphin,13-Mar,Y,BlueRight,Adrian,green,1,1,1,14.89655172,15.7037037,0.297,0.319,-0.683,-0.388,-31.5,46.6,-5.4,3.9,-0.167067882,-0.094908255,-0.525,0.776666667
19B157.05.22,1,iDolphin,13-Mar,Y,RedRight,adrian,red,1,1,1,18.41666667,15.28,0.395,0.307,-0.093,1.57,-22.5,75.4,-3.4,4.5,-0.022748628,0.384035979,-0.375,1.256666667
19B157.05.22,1,iDolphin,13-Mar,Y,RedRight,adrian,green,1,1,1,10.63888889,10.84,0.179,0.18,-2.741,1.705,-61.2,78,-3.3,1.8,-0.670473,0.417058181,-1.02,1.3
19B157.07.21,1,iDolphin,13-Mar,Y,RedRight,adrian,red,1,1,1,17.48275862,14.92307692,0.377,0.298,1.932,4.199,6.4,114.2,-0.8,6.5,0.472584401,1.027112761,0.106666667,1.903333333
19B157.07.21,1,iDolphin,13-Mar,Y,RedRight,adrian,green,1,1,1,18.1875,16.38461538,0.355,0.332,-0.911,7.566,-35.2,164.1,2.6,3.7,-0.222838712,1.850710795,-0.586666667,2.735
19B157.07.22,1,iDolphin,13-Mar,Y,RedRight,adrian,red,1,1,1,18.28571429,15.64285714,0.388,0.318,1.568,-1.687,1.1,28.6,-6.7,6.1,0.383546761,-0.41265522,0.018333333,0.476666667
19B157.07.22,1,iDolphin,13-Mar,Y,RedRight,adrian,green,1,1,1,16.89473684,15.37037037,0.339,0.31,-3.683,0.945,-75.8,67.3,-4.1,0.9,-0.900894576,0.231155415,-1.263333333,1.121666667
19B157.07.31,1,iDolphin,13-Mar,Y,RedRight,adrian,red,1,1,1,17.77777778,14.03333333,0.38,0.271,-8.725,8.767,-149.1,182.5,3.8,-4.2,-2.134212421,2.144485991,-2.485,3.041666667
19B157.07.31,1,iDolphin,13-Mar,Y,RedRight,adrian,green,1,1,1,14.23333333,13.5,0.277,0.262,-16.071,14.904,-257.2,272.5,9.9,-11.5,-3.931107996,3.645649751,-4.286666667,4.541666667
19B157.10.21,1,iDolphin,13-Mar,Y,RedRight,adrian,red,1,1,1,17.64,14.08333333,0.372,0.278,-0.31,5.043,-26.9,127.8,0,4.3,-0.07582876,1.233562654,-0.448333333,2.13
19B157.10.21,1,iDolphin,13-Mar,Y,RedRight,adrian,green,1,1,1,14.35714286,14.15384615,0.291,0.278,-2.642,8.752,-59.5,182.2,3.7,1.9,-0.646256719,2.140816858,-0.991666667,3.036666667
19B157.11.22,1,iDolphin,13-Mar,Y,RedRight,adrian,red,1,1,1,18.36363636,17.28,0.399,0.359,0.293,-1.46,-16.7,32.3,-6.5,4.9,0.071670409,-0.357129,-0.278333333,0.538333333
19B157.11.22,1,iDolphin,13-Mar,Y,RedRight,adrian,green,1,1,1,18.42105263,17.10714286,0.372,0.358,-3.179,2.084,-67.3,83.6,-2.9,1.4,-0.777611695,0.509764954,-1.121666667,1.393333333
19B175.04.12,1,iDolphin,13-Mar,Y,RedRight,adrian,red,1,1,1,12.95,10.38461538,0.216,0.183,6.962,0.673,81.3,63.6,-4.3,11.5,1.702967056,0.164621793,1.355,1.06
19B175.04.12,1,iDolphin,13-Mar,Y,RedRight,adrian,green,1,1,1,7.17721519,8.209302326,0.025,0.121,10.511,-5.911,133.5,-33.6,-10.9,15.1,2.571083719,-1.445883151,2.225,-0.56
19B175.04.21,1,iDolphin,13-Mar,Y,RedRight,adrian,red,1,1,1,15.42857143,12.36,0.312,0.246,0.46,5.943,-13,140.7,0.9,5,0.112520096,1.453710635,-0.216666667,2.345
19B175.04.21,1,iDolphin,13-Mar,Y,RedRight,adrian,green,1,1,1,7.123287671,9.461538462,0.056,0.124,0.201,3.909,-17.1,111,-1.1,4.8,0.04916639,0.956176184,-0.285,1.85
19B157.05.22,2,iDolphin,13-Mar,Y,RedRight,adrian,red,1,1,1,17.65625,16.28571429,0.39,0.325,1.22,1.295,-3,72.8,-3.7,5.8,0.298422863,0.316768531,-0.05,1.213333333
19B157.05.22,2,iDolphin,13-Mar,Y,RedRight,adrian,green,1,1,1,10.76470588,10.95833333,0.183,0.182,-1.359,1.168,-41,71,-3.8,3.2,-0.332423501,0.2857032,-0.683333333,1.183333333
19B157.07.21,2,iDolphin,13-Mar,Y,RedRight,adrian,red,1,1,1,17.24137931,15.125,0.372,0.303,0.489,3.698,-14.1,107.4,-1.3,5.1,0.119613754,0.904563709,-0.235,1.79
19B157.07.21,2,iDolphin,13-Mar,Y,RedRight,adrian,green,1,1,1,18.23529412,16.65384615,0.357,0.341,-2.267,7.102,-54.4,158.3,2.1,2.3,-0.554528382,1.737212294,-0.906666667,2.638333333
19B157.07.22,2,iDolphin,13-Mar,Y,RedRight,adrian,red,1,1,1,18.66666667,15.39285714,0.397,0.311,0.758,-1.905,-10,26,-6.9,5.3,0.18541355,-0.465979961,-0.166666667,0.433333333
19B157.07.22,2,iDolphin,13-Mar,Y,RedRight,adrian,green,1,1,1,17.35294118,15.59259259,0.349,0.316,-4.398,0.68,-85,63.8,-4.3,0.2,-1.075789928,0.166334055,-1.416666667,1.063333333
19B157.07.31,2,iDolphin,13-Mar,Y,RedRight,adrian,red,1,1,1,17.85185185,14.9,0.381,0.297,-6.163,8.995,-112,185,4,-1.6,-1.507524584,2.200256799,-1.866666667,3.083333333
19B157.07.31,2,iDolphin,13-Mar,Y,RedRight,adrian,green,1,1,1,14.25,13.84,0.279,0.269,-13.652,15.081,-220.6,275.5,10.1,-9.1,-3.339399719,3.688945478,-3.676666667,4.591666667
19B157.10.21,2,iDolphin,13-Mar,Y,RedRight,adrian,red,1,1,1,17.52,14.04347826,0.371,0.278,-0.638,4.744,-30.3,122.7,-0.3,3.9,-0.156060481,1.160424601,-0.505,2.045
19B157.10.21,2,iDolphin,13-Mar,Y,RedRight,adrian,green,1,1,1,14.57142857,14.62962963,0.294,0.29,-3.062,8.715,-65.4,181.2,3.7,1.5,-0.748992455,2.131766332,-1.09,3.02
19B157.11.22,2,iDolphin,13-Mar,Y,RedRight,adrian,red,1,1,1,18.95652174,17.03703704,0.409,0.354,-0.082,-0.981,-22.3,38.5,-6,4.5,-0.02005793,-0.239961335,-0.371666667,0.641666667
19B157.11.22,2,iDolphin,13-Mar,Y,RedRight,adrian,green,1,1,1,18.45,16.92857143,0.376,0.353,-3.526,2.589,-72.7,92.1,-2.4,1,-0.86249098,0.633292447,-1.211666667,1.535
19B175.04.12,2,iDolphin,13-Mar,Y,RedRight,adrian,red,1,1,1,13.19444444,9.916666667,0.238,0.183,7.399,0.585,87.9,62.5,-4.4,12,1.80986112,0.143096209,1.465,1.041666667
19B175.04.12,2,iDolphin,13-Mar,Y,RedRight,adrian,green,1,1,1,9.035294118,5.404761905,0.093,0.162,11.47,-6.516,147,-41.8,-11.5,16,2.805663516,-1.59387151,2.45,-0.696666667
19B175.04.21,2,iDolphin,13-Mar,Y,RedRight,adrian,red,1,1,1,15.61538462,12.03703704,0.316,0.241,0.818,5.735,-8.6,137.7,0.7,5.4,0.200090084,1.402831991,-0.143333333,2.295
19B175.04.21,2,iDolphin,13-Mar,Y,RedRight,adrian,green,1,1,1,7.128571429,9.1875,0.068,0.116,0.495,3.427,-14.2,103.4,-1.6,5.1,0.121081408,0.8382747,-0.236666667,1.723333333
19B157.05.22,3,iDolphin,13-Mar,Y,RedRight,adrian,red,1,1,1,18.16666667,16.17391304,0.392,0.328,2.475,1.913,15.1,81.9,-3.1,7,0.605407033,0.467936832,0.251666667,1.365
19B157.05.22,3,iDolphin,13-Mar,Y,RedRight,adrian,green,1,1,1,10.72222222,10.9375,0.187,0.184,-0.406,1.7,-26.9,77.8,-3.3,4.2,-0.099311215,0.415835136,-0.448333333,1.296666667
19B157.07.21,3,iDolphin,13-Mar,Y,RedRight,adrian,red,1,1,1,17.75,14.85185185,0.382,0.296,2.265,4.121,12,113.7,-0.9,6.8,0.554039165,1.008033268,0.2,1.895
19B157.07.21,3,iDolphin,13-Mar,Y,RedRight,adrian,green,1,1,1,18.2,16.24,0.357,0.329,-0.738,7.431,-32.8,162.9,2.4,3.8,-0.180521372,1.817688603,-0.546666667,2.715
19B157.07.22,3,iDolphin,13-Mar,Y,RedRight,adrian,red,1,1,1,18.27272727,15.61538462,0.389,0.316,0.771,-2.035,-10.1,23.3,-7,5.3,0.188593465,-0.497779118,-0.168333333,0.388333333
19B157.07.22,3,iDolphin,13-Mar,Y,RedRight,adrian,green,1,1,1,16.66666667,15.34375,0.339,0.311,-4.532,0.517,-87.8,60.9,-4.5,0,-1.108567518,0.126462804,-1.463333333,1.015
19B157.07.31,3,iDolphin,13-Mar,Y,RedRight,adrian,red,1,1,1,17.77777778,14.4,0.38,0.282,-8.398,8.82,-144.2,183.2,3.8,-3.8,-2.054225338,2.157450257,-2.403333333,3.053333333
19B157.07.31,3,iDolphin,13-Mar,Y,RedRight,adrian,green,1,1,1,14.16666667,13.8,0.275,0.268,-15.832,14.787,-253.8,270.6,9.8,-11.3,-3.872646543,3.617030541,-4.23,4.51
19B157.10.21,3,iDolphin,13-Mar,Y,RedRight,adrian,red,1,1,1,17.52,14.20833333,0.369,0.281,-1.068,4.551,-37.4,121.1,-0.5,3.5,-0.26124231,1.113215087,-0.623333333,2.018333333
19B157.10.21,3,iDolphin,13-Mar,Y,RedRight,adrian,green,1,1,1,14.92307692,14.65384615,0.299,0.291,-3.334,8.589,-70.3,179.4,3.6,1.2,-0.815526073,2.100945622,-1.171666667,2.99
19B157.11.22,3,iDolphin,13-Mar,Y,RedRight,adrian,red,1,1,1,19.09090909,17,0.409,0.35,2.474,-1.521,14.1,31,-6.5,7,0.605162424,-0.372050143,0.235,0.516666667
19B157.11.22,3,iDolphin,13-Mar,Y,RedRight,adrian,green,1,1,1,18.5,17.14285714,0.377,0.354,-0.897,1.921,-34.3,82.4,-3.1,3.7,-0.219414187,0.469893703,-0.571666667,1.373333333
19B175.04.12,3,iDolphin,13-Mar,Y,RedRight,adrian,red,1,1,1,13.28571429,9.971428571,0.241,0.183,8.073,1.806,97.3,79.6,-3.2,12.6,1.974727472,0.44176368,1.621666667,1.326666667
19B175.04.12,3,iDolphin,13-Mar,Y,RedRight,adrian,green,1,1,1,7.302631579,7.943396226,0.016,0.133,11.907,-5.718,153.1,-30.2,-10.7,16.5,2.912557533,-1.398673641,2.551666667,-0.503333333
19B175.04.21,3,iDolphin,13-Mar,Y,RedRight,adrian,red,1,1,1,15.57142857,12.38461538,0.316,0.246,0.457,6.004,-15.3,141.4,1,5,0.111786269,1.468631775,-0.255,2.356666667
19B175.04.21,3,iDolphin,13-Mar,Y,RedRight,adrian,green,1,1,1,6.978723404,9.208333333,0.05,0.124,-0.011,3.908,-21.5,111.2,-1.1,4.6,-0.002690698,0.955931575,-0.358333333,1.853333333
19B167.09.11,1,iDolphin,13-Mar,N,RedRight,Adrian,red,1,1,1,19.85714286,17.37037037,0.41,0.369,5.613,18.037,61.9,318.1,13,10.2,1.37298971,4.412008394,1.031666667,5.301666667
19B167.09.12,1,iDolphin,13-Mar,N,RedRight,Adrian,red,2,1,1,16.29166667,12.8974359,0.337,0.231,6.556,-3.216,76.1,5.9,-8.2,11.1,1.603655864,-0.786662224,1.268333333,0.098333333
19B167.09.22,1,iDolphin,13-Mar,N,RedRight,Adrian,red,3,1,1,16.44827586,12.69767442,0.343,0.216,-11.831,6.019,-194.2,141.9,1,-7.3,-2.89396727,1.472300908,-3.236666667,2.365
19B167.09.21,1,iDolphin,13-Mar,N,RedRight,Adrian,red,4,1,1,18.68181818,17.13043478,0.395,0.354,-9.893,14.345,-166,264.3,9.3,-5.3,-2.419915496,3.508913521,-2.766666667,4.405
19B167.09.31,1,iDolphin,13-Mar,N,RedRight,Adrian,red,5,1,1,18.08695652,16.08,0.388,0.332,-19.207,17.196,-301.8,306.1,12.2,-14.6,-4.69820031,4.206292629,-5.03,5.101666667
19B167.09.32,1,iDolphin,13-Mar,N,RedRight,Adrian,red,6,1,1,16.65517241,11.66666667,0.348,0.184,-19.327,6.938,-304.1,154.5,1.9,-14.8,-4.727553324,1.697096444,-5.068333333,2.575
19B167.09.11,1,iDolphin,13-Mar,N,RedRight,Adrian,green,1,1,1,15.5,14.16666667,0.312,0.275,12.479,21.481,162.5,368.8,16.5,17,3.052473721,5.254439793,2.708333333,6.146666667
19B167.09.12,1,iDolphin,13-Mar,N,RedRight,Adrian,green,2,1,1,10.43103448,7.072463768,0.114,0.101,15.882,-9.652,213.4,-88.4,-14.7,20.4,3.884876973,-2.360964778,3.556666667,-1.473333333
19B167.09.22,1,iDolphin,13-Mar,N,RedRight,Adrian,green,3,1,1,10.69230769,7.944444444,0.135,0.099,-8.903,6.132,-151,143.8,1.1,-4.3,-2.177752789,1.499941709,-2.516666667,2.396666667
19B167.09.21,1,iDolphin,13-Mar,N,RedRight,Adrian,green,4,1,1,13.84375,12.17647059,0.266,0.218,-7.538,15.863,-130.7,285.8,10.9,-3,-1.843861748,3.88022941,-2.178333333,4.763333333
19B167.09.31,1,iDolphin,13-Mar,N,RedRight,Adrian,green,5,1,1,12.31818182,9.641509434,0.2,0.155,-19.044,19.974,-300.4,346.7,15,-14.5,-4.658329133,4.885814976,-5.006666667,5.778333333
19B167.09.32,1,iDolphin,13-Mar,N,RedRight,Adrian,green,6,1,1,11.06818182,7.674157303,0.146,0.072,-19.575,3.719,-307.9,107.3,-1.3,-15,-4.788216216,0.909700496,-5.131666667,1.788333333
19B167.09.11,2,iDolphin,13-Mar,N,RedRight,Adrian,red,1,1,1,20.4,17.88888889,0.42,0.382,15.628,-2.219,209.1,21.1,-7.2,20.2,3.822746389,-0.542787155,3.485,0.351666667
19B167.09.12,2,iDolphin,13-Mar,N,RedRight,Adrian,red,2,1,1,17.08,11.975,0.358,0.198,20.352,-22.597,278.7,-278.4,-27.6,24.9,4.978276951,-5.52742266,4.645,-4.64
19B167.09.22,2,iDolphin,13-Mar,N,RedRight,Adrian,red,3,1,1,16.40625,11.72340426,0.347,0.178,0.447,-13.47,-14.8,-144.2,-18.5,5,0.10934018,-3.294880939,-0.246666667,-2.403333333
19B167.09.21,2,iDolphin,13-Mar,N,RedRight,Adrian,red,4,1,1,19.2,17.47619048,0.402,0.355,3.519,-3.7,31.8,-1.4,-8.7,8.1,0.860778718,-0.905052927,0.53,-0.023333333
19B167.09.31,2,iDolphin,13-Mar,N,RedRight,Adrian,red,5,1,1,18.19047619,15.42307692,0.389,0.311,-2.389,-0.08,-56.2,52,-5.1,2.2,-0.584370668,-0.019568712,-0.936666667,0.866666667
19B167.09.32,2,iDolphin,13-Mar,N,RedRight,Adrian,red,6,1,1,15.9375,10.60377358,0.33,0.127,-11.332,-17.818,-186.7,-208.1,-22.8,-6.8,-2.771907509,-4.358439131,-3.111666667,-3.468333333
19B167.09.11,2,iDolphin,13-Mar,N,RedRight,Adrian,green,1,1,1,15.52173913,14.4516129,0.312,0.283,21.802,1.632,299.4,77.6,-3.4,26.4,5.332959065,0.399201731,4.99,1.293333333
19B167.09.12,2,iDolphin,13-Mar,N,RedRight,Adrian,green,2,1,1,10.64285714,7.558823529,0.137,0.129,29.588,-29.4,413.1,-378.5,-34.4,34.2,7.237477584,-7.191491312,6.885,-6.308333333
19B167.09.22,2,iDolphin,13-Mar,N,RedRight,Adrian,green,3,1,1,10.92857143,7.697674419,0.147,0.103,-5.481,-14.54,-101.4,-160,-19.5,-0.9,-1.340701339,-3.556612207,-1.69,-2.666666667
19B167.09.21,2,iDolphin,13-Mar,N,RedRight,Adrian,green,4,1,1,14.06666667,12.71428571,0.272,0.23,5.255,-1.885,56.3,25,-6.9,9.8,1.285419735,-0.461087783,0.938333333,0.416666667
19B167.09.31,2,iDolphin,13-Mar,N,RedRight,Adrian,green,5,1,1,12.75,9.339285714,0.22,0.157,-2.818,3.287,-62.5,101.4,-1.7,1.7,-0.689307885,0.804029456,-1.041666667,1.69
19B167.09.32,2,iDolphin,13-Mar,N,RedRight,Adrian,green,6,1,1,11.41304348,7.569892473,0.153,0.074,-11.215,-20.799,-185.1,-251.8,-25.8,-6.7,-2.743288286,-5.087616898,-3.085,-4.196666667
19B167.09.11,3,iDolphin,13-Mar,N,RedRight,Adrian,red,1,1,1,20.15789474,17.38461538,0.416,0.368,5.978,16.947,67.7,301.5,11.9,10.5,1.462271945,4.145385101,1.128333333,5.025
19B167.09.12,3,iDolphin,13-Mar,N,RedRight,Adrian,red,2,1,1,16.56521739,12.78947368,0.34,0.229,6.704,-3.502,77.7,2.1,-8.5,11.3,1.639857974,-0.856620367,1.295,0.035
19B167.09.22,3,iDolphin,13-Mar,N,RedRight,Adrian,red,3,1,1,16.57142857,12.85365854,0.346,0.224,-11.612,5.596,-191.9,135.4,0.6,-7,-2.840397957,1.368831359,-3.198333333,2.256666667
19B167.09.21,3,iDolphin,13-Mar,N,RedRight,Adrian,red,4,1,1,19.66666667,18.04545455,0.41,0.378,-9.187,13.486,-155.9,251.6,8.5,-4.6,-2.247221689,3.298794678,-2.598333333,4.193333333
19B167.09.31,3,iDolphin,13-Mar,N,RedRight,Adrian,red,5,1,1,18.45833333,16.88,0.395,0.35,-18.114,16.591,-287.1,297.2,11.6,-13.5,-4.430843249,4.058304455,-4.785,4.953333333
19B167.09.32,3,iDolphin,13-Mar,N,RedRight,Adrian,red,6,1,1,16.44827586,11.76086957,0.342,0.183,-19.436,6.442,-306.3,148.2,1.4,-14.9,-4.754215644,1.575770455,-5.105,2.47
19B167.09.11,3,iDolphin,13-Mar,N,RedRight,Adrian,green,1,1,1,16.45,14.6,0.333,0.288,13.056,20.527,170.7,354.4,15.5,17.6,3.193612943,5.021083419,2.845,5.906666667
19B167.09.12,3,iDolphin,13-Mar,N,RedRight,Adrian,green,2,1,1,10.43859649,7.169230769,0.129,0.102,16.657,-10.454,223.5,-100.3,-15.5,21.2,4.07444862,-2.55714102,3.725,-1.671666667
19B167.09.22,3,iDolphin,13-Mar,N,RedRight,Adrian,green,3,1,1,10.86538462,7.988636364,0.134,0.107,-7.966,4.049,-138.1,112.8,-1,-3.4,-1.948554327,0.990421428,-2.301666667,1.88
19B167.09.21,3,iDolphin,13-Mar,N,RedRight,Adrian,green,4,1,1,14.48148148,13.125,0.286,0.244,-6.805,14.912,-120.4,272.2,9.9,-2.2,-1.664563467,3.64760662,-2.006666667,4.536666667
19B167.09.31,3,iDolphin,13-Mar,N,RedRight,Adrian,green,5,1,1,12.36363636,9.924528302,0.202,0.162,-17.848,19.448,-283.1,339.3,14.4,-13.3,-4.365777387,4.757150945,-4.718333333,5.655
19B167.09.32,3,iDolphin,13-Mar,N,RedRight,Adrian,green,6,1,1,11,7.544444444,0.132,0.032,-19.245,2.993,-303.4,97,-2,-14.7,-4.707495431,0.732114441,-5.056666667,1.616666667
19B167.09.11,1,iDolphin,17-Mar,N,RedRight,adrian,red,1,1,1,19.94736842,17.38461538,0.406,0.367,16.074,-3.568,216.7,1.5,-8.6,20.6,3.931841822,-0.872764554,3.611666667,0.025
19B167.09.12,1,iDolphin,17-Mar,N,RedRight,adrian,red,2,1,1,15.75,10.48275862,0.324,0.122,20.684,-18.446,284.3,-217.7,-23.5,25.2,5.059486935,-4.512053268,4.738333333,-3.628333333
19B167.09.22,1,iDolphin,17-Mar,N,RedRight,adrian,red,3,1,1,16.32258065,11.68,0.342,0.167,-2.541,-10.759,-56.6,-103.8,-15.8,2,-0.62155122,-2.631746693,-0.943333333,-1.73
19B167.09.21,1,iDolphin,17-Mar,N,RedRight,adrian,red,4,1,1,18.52173913,15.26086957,0.393,0.306,2.581,-4.11,19,-6,-9.1,7.1,0.631335576,-1.00534257,0.316666667,-0.1
19B167.09.31,1,iDolphin,17-Mar,N,RedRight,adrian,red,5,1,1,16.83333333,13.75,0.357,0.258,-3.951,1.495,-77.6,76.1,-3.5,0.6,-0.966449758,0.365690311,-1.293333333,1.268333333
19B167.09.32,1,iDolphin,17-Mar,N,RedRight,adrian,red,6,1,1,15.9375,11.4893617,0.33,0.159,-13.359,-16.466,-215.4,-187.8,-21.5,-8.8,-3.267729376,-4.027728384,-3.59,-3.13
19B167.09.11,1,iDolphin,17-Mar,N,RedRight,adrian,green,1,1,1,14.5,13.76666667,0.286,0.265,22.563,0.253,312.2,58.4,-4.8,27.1,5.519105978,0.061886053,5.203333333,0.973333333
19B167.09.12,1,iDolphin,17-Mar,N,RedRight,adrian,green,2,1,1,9.936507937,6.727272727,0.08,0.133,32.154,-25.552,452.5,-320.3,-30.6,36.7,7.865141003,-6.25023985,7.541666667,-5.338333333
19B167.09.22,1,iDolphin,17-Mar,N,RedRight,adrian,green,3,1,1,11.60869565,7.988505747,0.168,0.124,-6.872,-9.447,-119.3,-85,-14.5,-2.3,-1.68095226,-2.310819976,-1.988333333,-1.416666667
19B167.09.21,1,iDolphin,17-Mar,N,RedRight,adrian,green,4,1,1,13.05263158,10.88636364,0.23,0.197,5.104,-2.573,55.5,16.1,-7.6,9.7,1.248483795,-0.629378705,0.925,0.268333333
19B167.09.31,1,iDolphin,17-Mar,N,RedRight,adrian,green,5,1,1,11.88888889,8.233333333,0.175,0.135,-3.626,4.918,-72.7,127,-0.1,0.9,-0.886951869,1.202986545,-1.211666667,2.116666667
19B167.09.32,1,iDolphin,17-Mar,N,RedRight,adrian,green,6,1,1,11.4047619,8.038961039,0.161,0.094,-19.212,-17.404,-300.8,-200.9,-22.4,-14.6,-4.699423353,-4.257171204,-5.013333333,-3.348333333
19B167.09.11,2,iDolphin,17-Mar,N,RedRight,adrian,red,1,1,1,19.68421053,17.7037037,0.404,0.376,15.928,-3.697,214.9,0.4,-8.7,20.5,3.896128968,-0.9043191,3.581666667,0.006666667
19B167.09.12,2,iDolphin,17-Mar,N,RedRight,adrian,red,2,1,1,16,10.56140351,0.332,0.126,21.046,-18.925,288.7,-223.1,-23.9,25.6,5.148035163,-4.629220726,4.811666667,-3.718333333
19B167.09.22,2,iDolphin,17-Mar,N,RedRight,adrian,red,3,1,1,16.46666667,11.67346939,0.346,0.168,-1.795,-11.1,-45.4,-108.8,-16.1,2.8,-0.439072982,-2.715158279,-0.756666667,-1.813333333
19B167.09.21,2,iDolphin,17-Mar,N,RedRight,adrian,red,4,1,1,18.2173913,15.22727273,0.384,0.305,2.462,-4.352,17.3,-9.5,-9.4,7,0.602227118,-1.06453792,0.288333333,-0.158333333
19B167.09.31,2,iDolphin,17-Mar,N,RedRight,adrian,red,5,1,1,16.96551724,13.42857143,0.361,0.247,-4.015,1.375,-78.2,74.3,-3.6,0.5,-0.982104726,0.336337243,-1.303333333,1.238333333
19B167.09.32,2,iDolphin,17-Mar,N,RedRight,adrian,red,6,1,1,16.14814815,11.23913043,0.335,0.152,-14.212,-16.349,-228.2,-185.3,-21.4,-9.6,-3.476380571,-3.999109181,-3.803333333,-3.088333333
19B167.09.11,2,iDolphin,17-Mar,N,RedRight,adrian,green,1,1,1,14.5862069,13.65517241,0.288,0.263,22.248,0.261,307.6,57.8,-4.7,26.8,5.442054369,0.063842924,5.126666667,0.963333333
19B167.09.12,2,iDolphin,17-Mar,N,RedRight,adrian,green,2,1,1,10.03225806,6.669724771,0.08,0.121,32.383,-26.084,456.1,-327.7,-31.1,36.9,7.921156147,-6.380371348,7.601666667,-5.461666667
19B167.09.22,2,iDolphin,17-Mar,N,RedRight,adrian,green,3,1,1,11.63636364,7.965116279,0.171,0.118,-6.779,-9.385,-118.4,-83.5,-14.4,-2.2,-1.658203637,-2.295654231,-1.973333333,-1.391666667
19B167.09.21,2,iDolphin,17-Mar,N,RedRight,adrian,green,4,1,1,12.95238095,10.68888889,0.227,0.189,4.776,-2.551,50.7,16.2,-7.6,9.3,1.168252085,-0.623997309,0.845,0.27
19B167.09.31,2,iDolphin,17-Mar,N,RedRight,adrian,green,5,1,1,11.8125,8.155555556,0.169,0.133,-3.712,5.027,-73.8,128.1,0,0.9,-0.907988234,1.229648912,-1.23,2.135
19B167.09.32,2,iDolphin,17-Mar,N,RedRight,adrian,green,6,1,1,11.25581395,7.925925926,0.154,0.089,-19.481,-16.641,-305.2,-190.4,-21.7,-14.9,-4.765223023,-4.070534883,-5.086666667,-3.173333333
19B167.09.11,3,iDolphin,17-Mar,N,RedRight,adrian,red,1,1,1,20.05263158,17.42307692,0.408,0.368,15.936,-3.65,214.9,0.9,-8.7,20.5,3.898085837,-0.892822483,3.581666667,0.015
19B167.09.12,3,iDolphin,17-Mar,N,RedRight,adrian,red,2,1,1,16,10.57894737,0.331,0.127,20.766,-19.226,285.2,-227.8,-24.2,25.3,5.079544821,-4.702847871,4.753333333,-3.796666667
19B167.09.22,3,iDolphin,17-Mar,N,RedRight,adrian,red,3,1,1,16.29032258,11.75510204,0.342,0.171,-1.97,-11.109,-48.5,-108.5,-16.1,2.6,-0.481879539,-2.717359758,-0.808333333,-1.808333333
19B167.09.21,3,iDolphin,17-Mar,N,RedRight,adrian,red,4,1,1,18.17391304,15.39130435,0.382,0.309,2.438,-4.359,16.4,-10,-9.4,7,0.596356504,-1.066250182,0.273333333,-0.166666667
19B167.09.31,3,iDolphin,17-Mar,N,RedRight,adrian,red,5,1,1,16.93333333,13.5,0.362,0.25,-4.112,1.229,-79.5,72.5,-3.8,0.5,-1.005831788,0.300624343,-1.325,1.208333333
19B167.09.32,3,iDolphin,17-Mar,N,RedRight,adrian,red,6,1,1,16.17241379,11.34042553,0.336,0.154,-14.178,-16.29,-227.6,-184.3,-21.3,-9.6,-3.468063876,-3.984677275,-3.793333333,-3.071666667
19B167.09.11,3,iDolphin,17-Mar,N,RedRight,adrian,green,1,1,1,14.66666667,13.48275862,0.291,0.258,22.211,0.294,306.3,57.7,-4.7,26.8,5.433003862,0.071915018,5.105,0.961666667
19B167.09.12,3,iDolphin,17-Mar,N,RedRight,adrian,green,2,1,1,10.04918033,6.654545455,0.083,0.122,32.267,-26.104,453.9,-328.6,-31.1,36.8,7.892781664,-6.385263509,7.565,-5.476666667
19B167.09.22,3,iDolphin,17-Mar,N,RedRight,adrian,green,3,1,1,11.70454545,7.953488372,0.171,0.123,-6.987,-8.996,-122.3,-78.7,-14,-2.4,-1.709082277,-2.200501407,-2.038333333,-1.311666667
19B167.09.21,3,iDolphin,17-Mar,N,RedRight,adrian,green,4,1,1,12.88372093,10.68181818,0.224,0.186,4.78,-2.51,50.3,17.5,-7.5,9.3,1.16923052,-0.613968345,0.838333333,0.291666667
19B167.09.31,3,iDolphin,17-Mar,N,RedRight,adrian,green,5,1,1,11.83333333,8.159090909,0.17,0.136,-3.732,4.907,-73.3,126.4,-0.1,0.8,-0.912880411,1.200295847,-1.221666667,2.106666667
19B167.09.32,3,iDolphin,17-Mar,N,RedRight,adrian,green,6,1,1,11.15,7.951807229,0.154,0.087,-19.736,-17.297,-309.3,-199.7,-22.3,-15.2,-4.827598173,-4.230998091,-5.155,-3.328333333
19B167.09.11,1,iDolphin,18-Mar,N,RedRight,adrian,red,1,1,1,20.22222222,18,0.413,0.385,15.568,-2.737,206.3,12.5,-7.7,20.1,3.808069873,-0.669494564,3.438333333,0.208333333
19B167.09.12,1,iDolphin,18-Mar,N,RedRight,adrian,red,2,1,1,16.60714286,11.02325581,0.349,0.158,20.785,-19.599,283.1,-233.6,-24.6,25.3,5.08419238,-4.794086818,4.718333333,-3.893333333
19B167.09.22,1,iDolphin,18-Mar,N,RedRight,adrian,red,3,1,1,16.2,11.36734694,0.338,0.152,-0.826,-11.321,-33.1,-112.9,-16.3,3.7,-0.202046955,-2.769216813,-0.551666667,-1.881666667
19B167.09.21,1,iDolphin,18-Mar,N,RedRight,adrian,red,4,1,1,18.45454545,16.72727273,0.39,0.339,2.655,-3.53,17.6,1.3,-8.5,7.2,0.649436635,-0.863469416,0.293333333,0.021666667
19B167.09.31,1,iDolphin,18-Mar,N,RedRight,adrian,red,5,1,1,17.55555556,14.37931034,0.376,0.282,-3.492,1.779,-72.3,78.7,-3.2,1.1,-0.854174278,0.435159239,-1.205,1.311666667
19B167.09.32,1,iDolphin,18-Mar,N,RedRight,adrian,red,6,1,1,15.6875,10.68518519,0.322,0.118,-13.585,-16.544,-221,-189,-21.6,-9,-3.323010937,-4.046807852,-3.683333333,-3.15
19B167.09.11,1,iDolphin,18-Mar,N,RedRight,adrian,green,1,1,1,15.48,14.37931034,0.312,0.282,21.743,1.029,297.6,68.6,-4,26.3,5.318527175,0.251702563,4.96,1.143333333
19B167.09.12,1,iDolphin,18-Mar,N,RedRight,adrian,green,2,1,1,10.51666667,7.176470588,0.119,0.13,30.877,-26.186,432.1,-331.2,-31.2,35.4,7.552777003,-6.40532137,7.201666667,-5.52
19B167.09.22,1,iDolphin,18-Mar,N,RedRight,adrian,green,3,1,1,11.51111111,7.736263736,0.156,0.114,-6.817,-9.735,-120.9,-89.1,-14.7,-2.3,-1.667498774,-2.381267308,-2.015,-1.485
19B167.09.21,1,iDolphin,18-Mar,N,RedRight,adrian,green,4,1,1,13.62857143,11.94285714,0.256,0.212,4.572,-1.738,45.9,28.3,-6.7,9.1,1.118351873,-0.425130274,0.765,0.471666667
19B167.09.31,1,iDolphin,18-Mar,N,RedRight,adrian,green,5,1,1,12.14634146,8.788235294,0.2,0.148,-3.604,5.198,-73.8,129,0.2,1,-0.881570474,1.271477029,-1.23,2.15
19B167.09.32,1,iDolphin,18-Mar,N,RedRight,adrian,green,6,1,1,11.24444444,7.56043956,0.143,0.066,-18.605,-18.525,-294.2,-218.6,-23.5,-14,-4.550946016,-4.531377338,-4.903333333,-3.643333333
19B167.09.11,2,iDolphin,18-Mar,N,RedRight,adrian,red,1,1,1,20.26315789,18.25,0.418,0.392,15.437,-2.704,205.3,13.3,-7.7,20,3.776026146,-0.661422471,3.421666667,0.221666667
19B167.09.12,2,iDolphin,18-Mar,N,RedRight,adrian,red,2,1,1,16.74074074,11.21428571,0.35,0.167,20.943,-19.878,285.9,-237.8,-24.9,25.5,5.122840502,-4.862332568,4.765,-3.963333333
19B167.09.22,2,iDolphin,18-Mar,N,RedRight,adrian,red,3,1,1,16.25806452,11.41666667,0.34,0.155,-0.7,-11.64,-32.4,-117.8,-16.6,3.9,-0.171226233,-2.847247001,-0.54,-1.963333333
19B167.09.21,2,iDolphin,18-Mar,N,RedRight,adrian,red,4,1,1,18.81818182,17.23809524,0.397,0.351,2.607,-3.684,17.7,-0.3,-8.7,7.2,0.637695408,-0.901139185,0.295,-0.005
19B167.09.31,2,iDolphin,18-Mar,N,RedRight,adrian,red,5,1,1,17.88461538,14.65517241,0.385,0.29,-3.464,1.339,-71.4,72.8,-3.7,1.1,-0.847325229,0.327531323,-1.19,1.213333333
19B167.09.32,2,iDolphin,18-Mar,N,RedRight,adrian,red,6,1,1,15.9375,10.53571429,0.33,0.111,-13.539,-16.628,-220,-190.7,-21.6,-9,-3.311758938,-4.067354972,-3.666666667,-3.178333333
19B167.09.11,2,iDolphin,18-Mar,N,RedRight,adrian,green,1,1,1,16,14.79310345,0.324,0.294,21.735,1.158,297.5,70.3,-3.9,26.3,5.316570308,0.283257111,4.958333333,1.171666667
19B167.09.12,2,iDolphin,18-Mar,N,RedRight,adrian,green,2,1,1,10.62068966,7.179104478,0.126,0.129,30.496,-26.589,426.1,-337.5,-31.6,35.1,7.459581454,-6.503898411,7.101666667,-5.625
19B167.09.22,2,iDolphin,18-Mar,N,RedRight,adrian,green,3,1,1,11.45652174,7.714285714,0.153,0.112,3.431,-10.235,28.8,-96.9,-15.2,8,0.839253136,-2.503571698,0.48,-1.615
19B167.09.21,2,iDolphin,18-Mar,N,RedRight,adrian,green,4,1,1,13.84848485,12.36363636,0.265,0.224,4.428,-1.871,43.6,25,-6.9,9,1.083128195,-0.457663258,0.726666667,0.416666667
19B167.09.31,2,iDolphin,18-Mar,N,RedRight,adrian,green,5,1,1,12.42857143,8.925,0.205,0.151,-3.628,4.613,-74.8,121.4,-0.4,0.9,-0.887441087,1.128380838,-1.246666667,2.023333333
19B167.09.32,2,iDolphin,18-Mar,N,RedRight,adrian,green,6,1,1,11.04651163,7.472527473,0.139,0.07,-19.631,-19.027,-310.1,-226,-24,-15.1,-4.801914288,-4.654170789,-5.168333333,-3.766666667
19B167.09.11,3,iDolphin,18-Mar,N,RedRight,adrian,red,1,1,1,20.42105263,18.5,0.423,0.397,15.474,-2.667,205.8,13.1,-7.7,20,3.785076664,-0.652371941,3.43,0.218333333
19B167.09.12,3,iDolphin,18-Mar,N,RedRight,adrian,red,2,1,1,16.81481481,11.63414634,0.353,0.185,21.41,-20.761,292,-251.9,-25.8,26,5.237072601,-5.07832178,4.866666667,-4.198333333
19B167.09.22,3,iDolphin,18-Mar,N,RedRight,adrian,red,3,1,1,16.25,11.44897959,0.342,0.155,-0.093,-12.059,-22.6,-123.2,-17.1,4.5,-0.022748628,-2.94973806,-0.376666667,-2.053333333
19B167.09.21,3,iDolphin,18-Mar,N,RedRight,adrian,red,4,1,1,18.95,17.35,0.396,0.352,2.419,-3.774,13.7,-2.7,-8.8,7,0.591708935,-0.923153985,0.228333333,-0.045
19B167.09.31,3,iDolphin,18-Mar,N,RedRight,adrian,red,5,1,1,18.17391304,15.33333333,0.389,0.309,-3.359,1.04,-70.2,68.8,-4,1.2,-0.821641296,0.254393261,-1.17,1.146666667
19B167.09.32,3,iDolphin,18-Mar,N,RedRight,adrian,red,6,1,1,16.10344828,10.61818182,0.335,0.114,-12.741,-16.647,-208.2,-190.7,-21.7,-8.2,-3.116561203,-4.072002535,-3.47,-3.178333333
19B167.09.11,3,iDolphin,18-Mar,N,RedRight,adrian,green,1,1,1,16.29166667,15.03333333,0.333,0.301,21.866,1.048,300.4,68.7,-4,26.4,5.348613998,0.256350132,5.006666667,1.145
19B167.09.12,3,iDolphin,18-Mar,N,RedRight,adrian,green,2,1,1,10.75,7.454545455,0.138,0.125,30.696,-26.962,429.6,-341.8,-32,35.3,7.508503003,-6.595137201,7.16,-5.696666667
19B167.09.22,3,iDolphin,18-Mar,N,RedRight,adrian,green,3,1,1,11.20454545,7.677777778,0.147,0.111,-6.723,-11.098,-120.5,-109.3,-16.1,-2.2,-1.644505542,-2.714669062,-2.008333333,-1.821666667
19B167.09.21,3,iDolphin,18-Mar,N,RedRight,adrian,green,4,1,1,14,12.72222222,0.27,0.229,4.042,-1.856,38.2,26.5,-6.9,8.6,0.988709166,-0.453994125,0.636666667,0.441666667
19B167.09.31,3,iDolphin,18-Mar,N,RedRight,adrian,green,5,1,1,12.60465116,9.230769231,0.212,0.154,-3.602,4.478,-74.2,119,-0.5,1,-0.881081256,1.095358639,-1.236666667,1.983333333
19B167.09.32,3,iDolphin,18-Mar,N,RedRight,adrian,green,6,1,1,11.11363636,7.428571429,0.141,0.074,-18.696,-19.172,-295.8,-228,-24.2,-14.1,-4.573205387,-4.689639015,-4.93,-3.8
