WaferID,SampleID,Wafer_orientation,WGColor,Trial,Operator,LEDcolor,Samplelocation,Samplenumber,Exitnumber,Cameranumber,MTF30_x,MTF30_y,MTF_x_15lp,MTF_y_15lp,MTF_x_7p5lp,MTF_y_7p5lp,CRA_dx_pixel,CRA_dy_pixel,raytilt_x_arcsec,raytilt_y_arcsec,rel_cross_pos_x_pixel,rel_cross_pos_y_pixel,CRA_x_arcmin,CRA_y_arcmin,CRA_x_raytilt_arcmin,CRA_y_raytilt_arcmin,Diff_CRA_x_arcmin,Diff_CRA_y_arcmin,Diff_CRA_x_raytilt_arcmin,Diff_CRA_y_raytilt_arcmin,Diff_rel_cross_pos_x_arcmin,Diff_rel_cross_pos_y_arcmin,Rel_CRA_x_arcmin,Rel_CRA_y_arcmin,Rel_CRA_x_raytilt_arcmin,Rel_CRA_y_raytilt_arcmin,Rel_rel_cross_pos_x_arcmin,Rel_rel_cross_pos_y_arcmin
19B167.04,19B167.04.11,clockwise90deg,RedRight,1,Adrian,red,11,1,1,1,19.3182,15.8684,0.418,0.333,0.7625,0.6985,11.747,-2.571,152.4,10.9,14,-7.3,-2.8734,0.62889,-2.54,-0.18167,-3.3186,0.19275,-3.0583,-0.63167,-3.3267,0.19569,-2.8898,0.61666,-2.55,-0.17833,-2.8864,0.63598
19B167.04,19B167.04.12,clockwise90deg,RedRight,1,Adrian,red,12,2,1,1,17.3095,11.9184,0.383,0.184,0.564,0.6065,11.385,-14.694,148.2,-166.5,13.6,-19.4,-2.7849,3.5943,-2.47,2.775,-3.2232,3.1012,-2.98,2.2567,-3.2288,3.1065,-2.8013,3.5821,-2.48,2.7783,-2.7885,3.5957
19B167.04,19B167.04.22,clockwise90deg,RedRight,1,Adrian,red,22,3,1,1,19.6538,17.7778,0.43,0.378,0.7715,0.7055,-7.118,-7.175,-124,-56.5,-4.9,-11.9,1.7411,1.7551,2.0667,0.94167,1.1758,1.3074,1.425,0.47667,1.1741,1.3209,1.7247,1.7428,2.0567,0.945,1.7367,1.7612
19B167.04,19B167.04.21,clockwise90deg,RedRight,1,Adrian,red,21,4,1,1,19.4231,17.4286,0.44,0.376,0.808,0.774,-3.735,-1.255,-73.8,30.3,-1.5,-6,0.91361,0.30698,1.23,-0.505,0.38428,-0.085369,0.63333,-0.90833,0.39137,-0.073383,0.89723,0.29475,1.22,-0.50167,0.90505,0.31799
19B167.04,19B167.04.31,clockwise90deg,RedRight,1,Adrian,red,31,5,1,1,18.1481,18.2692,0.414,0.412,0.78,0.8295,-4.974,1.431,-92.3,70.6,-2.7,-3.3,1.2167,-0.35004,1.5383,-1.1767,0.66436,-0.74483,0.91167,-1.5767,0.66044,-0.73383,1.2003,-0.36227,1.5283,-1.1733,1.1986,-0.34245
19B167.04,19B167.04.32,clockwise90deg,RedRight,1,Adrian,red,32,6,1,1,19.1111,16.7273,0.428,0.363,0.793,0.817,-4.795,-18.387,-90.5,-221.1,-2.6,-23.1,1.1729,4.4976,1.5083,3.685,0.62644,4.0563,0.88333,3.2267,0.63598,4.0605,1.1565,4.4854,1.4983,3.6883,1.1741,4.5008
19B167.04,19B167.04.11,clockwise90deg,RedRight,1,Adrian,green,11,1,1,1,16.0769,8.9231,0.331,0.073,0.573,0.395,18.305,3.027,249,93.5,20.5,-1.7,-4.4776,-0.74043,-4.15,-1.5583,-4.7241,-0.92291,-4.4783,-1.75,-4.7209,-0.90505,-4.4756,-0.7485,-4.14,-1.5583,-4.4763,-0.73383
19B167.04,19B167.04.12,clockwise90deg,RedRight,1,Adrian,green,12,2,1,1,5.3391,7.3836,0.076,0.051,0.1135,0.2915,12.162,-14.407,160.1,-162.2,14.4,-19.1,-2.9749,3.5241,-2.6683,2.7033,-3.2995,3.2198,-3.065,2.3983,-3.3022,3.2288,-2.973,3.516,-2.6583,2.7033,-2.9842,3.5224
19B167.04,19B167.04.22,clockwise90deg,RedRight,1,Adrian,green,22,3,1,1,14.963,14.0952,0.299,0.281,0.5945,0.4935,-9.518,-6.36,-159.5,-44.4,-7.3,-11.1,2.3282,1.5557,2.6583,0.74,1.9476,1.2314,2.1967,0.40333,1.9569,1.2475,2.3301,1.5476,2.6683,0.74,2.3238,1.5655
19B167.04,19B167.04.21,clockwise90deg,RedRight,1,Adrian,green,21,4,1,1,15.8621,12.0909,0.325,0.213,0.6165,0.53,-4.94,1.971,-91.8,78.1,-2.7,-2.7,1.2084,-0.48212,1.53,-1.3017,0.85173,-0.65629,1.1183,-1.4783,0.85613,-0.66044,1.2103,-0.4902,1.54,-1.3017,1.1986,-0.48922
19B167.04,19B167.04.31,clockwise90deg,RedRight,1,Adrian,green,31,5,1,1,12.075,9.2679,0.196,0.113,0.538,0.4275,-5.989,5.057,-107.1,123.1,-3.8,0.4,1.465,-1.237,1.785,-2.0517,1.1051,-1.4143,1.3567,-2.23,1.1252,-1.4187,1.4669,-1.2451,1.795,-2.0517,1.4677,-1.2475
19B167.04,19B167.04.32,clockwise90deg,RedRight,1,Adrian,green,32,6,1,1,13.5946,10.2679,0.252,0.148,0.595,0.4865,-4.074,-22.012,-79.4,-274.5,-1.8,-26.7,0.99654,5.3843,1.3233,4.575,0.61959,5.0808,0.87833,4.2433,0.61152,5.0879,0.99849,5.3763,1.3333,4.575,0.97844,5.3814
19B301.06,19B301.06.11,clockwise90deg,RedRight,1,Adrian,red,11,1,1,1,15.7188,15.0323,0.323,0.301,0.7385,0.6385,-5.72,-0.845,-103,36.7,-3.5,-5.5,1.3992,0.20669,1.7167,-0.61167,0.9618,-0.20327,1.2083,-1.0317,0.95397,-0.22015,1.3828,0.19446,1.7067,-0.60833,1.3943,0.19569
19B301.06,19B301.06.12,clockwise90deg,RedRight,1,Adrian,red,12,2,1,1,18.25,16.1333,0.365,0.336,0.7565,0.669,-2.768,-5.08,-60.1,-26,-0.5,-9.8,0.67708,1.2426,1.0017,0.43333,0.22749,0.79963,0.46833,-0.028333,0.22015,0.80721,0.66069,1.2304,0.99167,0.43667,0.66044,1.2475
19B301.06,19B301.06.22,clockwise90deg,RedRight,1,Adrian,red,22,3,1,1,17.1739,15.6,0.36,0.318,0.7435,0.643,-8.525,0.074,-144.8,50.6,-6.3,-4.6,2.0853,-0.018101,2.4133,-0.84333,1.6125,-0.46182,1.8683,-1.3083,1.6144,-0.46476,2.0689,-0.030332,2.4033,-0.84,2.0792,-0.024461
19B301.06,19B301.06.21,clockwise90deg,RedRight,1,Adrian,red,21,4,1,1,15,15.1,0.3,0.303,0.7145,0.6305,-7.273,0.996,-125.6,63.1,-5,-3.7,1.779,-0.24363,2.0933,-1.0517,1.2989,-0.67121,1.5383,-1.51,1.2964,-0.66044,1.7627,-0.25586,2.0833,-1.0483,1.7612,-0.24461
19B301.06,19B301.06.31,clockwise90deg,RedRight,1,Adrian,red,31,5,1,1,14.6111,16.1034,0.286,0.335,0.688,0.73,5.359,-6.711,59.9,-49.4,7.6,-11.4,-1.3109,1.6416,-0.99833,0.82333,-1.8106,1.2314,-1.5667,0.38667,-1.8101,1.223,-1.3272,1.6293,-1.0083,0.82667,-1.3209,1.6389
19B301.06,19B301.06.32,clockwise90deg,RedRight,1,Adrian,red,32,6,1,1,12.9592,18.1481,0.233,0.374,0.6665,0.698,4.137,-9.086,41.9,-84.1,6.4,-13.8,-1.0119,2.2225,-0.69833,1.4017,-1.4716,1.7908,-1.235,0.96,-1.4677,1.7856,-1.0283,2.2103,-0.70833,1.405,-1.0274,2.2259
19B301.06,19B301.06.11,clockwise90deg,RedRight,1,Adrian,green,11,1,1,1,12.6486,11.0952,0.225,0.161,0.538,0.4965,-1.37,-7.554,-39.5,-62.9,0.9,-12.3,0.33511,1.8478,0.65833,1.0483,0.19104,1.8138,0.43,0.99333,0.17123,1.8346,0.33707,1.8397,0.66833,1.0483,0.31799,1.859
19B301.06,19B301.06.12,clockwise90deg,RedRight,1,Adrian,green,12,2,1,1,12.4444,10.4231,0.225,0.149,0.5245,0.469,0.755,-10.235,-8.7,-101.3,3,-14.9,-0.18468,2.5036,0.145,1.6883,-0.34025,2.3859,-0.105,1.555,-0.34245,2.3727,-0.18272,2.4955,0.155,1.6883,-0.19569,2.495
19B301.06,19B301.06.22,clockwise90deg,RedRight,1,Adrian,green,22,3,1,1,13.9375,10.9231,0.269,0.151,0.5655,0.497,-4.294,-4.222,-82.2,-13.5,-2.1,-8.9,1.0504,1.0327,1.37,0.225,0.86885,0.84243,1.1067,0.0066667,0.88059,0.83167,1.0523,1.0247,1.38,0.225,1.0518,1.0274
19B301.06,19B301.06.21,clockwise90deg,RedRight,1,Adrian,green,21,4,1,1,12.0541,11,0.206,0.175,0.5035,0.484,-4.142,-5.67,-79.7,-34.1,-1.9,-10.4,1.0132,1.3869,1.3283,0.56833,0.82629,1.3598,1.06,0.525,0.83167,1.3698,1.0151,1.3789,1.3383,0.56833,1.0029,1.3943
19B301.06,19B301.06.31,clockwise90deg,RedRight,1,Adrian,green,31,5,1,1,11.0588,11.8205,0.199,0.199,0.4685,0.516,1.21,-7.442,-0.7,-60.6,3.4,-12.1,-0.29598,1.8204,0.011667,1.01,-0.50536,1.7945,-0.26667,0.96667,-0.48922,1.7856,-0.29402,1.8123,0.021667,1.01,-0.29353,1.8101
19B301.06,19B301.06.32,clockwise90deg,RedRight,1,Adrian,green,32,6,1,1,12.3889,11.5,0.223,0.199,0.531,0.5085,-0.144,-8.997,-21.7,-82.7,2.1,-13.7,0.035224,2.2007,0.36167,1.3783,-0.15166,2.0241,0.10167,1.19,-0.14677,2.0303,0.037181,2.1927,0.37167,1.3783,0.024461,2.2015
19B251.13,19B251.13.11,clockwise90deg,BlueRight,1,Adrian,blue,11,1,1,1,16.6207,19.9167,0.35,0.433,0.654,0.6895,14.435,-1.388,192.4,28.7,16.7,-6.1,-3.5309,0.33952,-3.2067,-0.47833,-3.6782,0.20254,-3.4433,-0.615,-3.6936,0.19569,-3.5309,0.34637,-3.2133,-0.46833,-3.5468,0.36691
19B251.13,19B251.13.12,clockwise90deg,BlueRight,1,Adrian,blue,12,2,1,1,17.963,20.7333,0.384,0.446,0.663,0.6985,12.576,-13.153,164.2,-143.5,14.8,-17.9,-3.0762,3.2173,-2.7367,2.3917,-3.2347,3.0422,-2.9867,2.2167,-3.2288,3.0576,-3.0762,3.2242,-2.7433,2.4017,-3.0821,3.2533
19B251.13,19B251.13.22,clockwise90deg,BlueRight,1,Adrian,blue,22,3,1,1,18.0417,20,0.392,0.416,0.699,0.713,-6.942,-13.601,-121.9,-150.4,-4.7,-18.3,1.6981,3.3269,2.0317,2.5067,1.4985,3.1393,1.7433,2.3033,1.4921,3.131,1.6981,3.3338,2.025,2.5167,1.6878,3.3511
19B251.13,19B251.13.21,clockwise90deg,BlueRight,1,Adrian,blue,21,4,1,1,16.3871,20.9474,0.345,0.449,0.656,0.6965,-3.041,0.986,-63.7,63,-0.8,-3.7,0.74386,-0.24118,1.0617,-1.05,0.58144,-0.36887,0.81,-1.1833,0.58706,-0.36691,0.74386,-0.23434,1.055,-1.04,0.73383,-0.22015
19B251.13,19B251.13.31,clockwise90deg,BlueRight,1,Adrian,blue,31,5,1,1,7.0875,5.784,0.044,0.068,0.267,0.135,-13.335,0.373,-215.2,54.3,-11.1,-4.3,3.2619,-0.091239,3.5867,-0.905,3.0021,-0.20767,3.2467,-1.0267,3.0087,-0.22015,3.2619,-0.08439,3.58,-0.895,3.2533,-0.073383
19B251.13,19B251.13.32,clockwise90deg,BlueRight,1,Adrian,blue,32,6,1,1,17.2,13.1795,0.361,0.231,0.6665,0.602,-7.188,-19.374,-125,-235.5,-5,-24.1,1.7582,4.739,2.0833,3.925,1.5442,4.5808,1.7733,3.745,1.5655,4.5986,1.7582,4.7459,2.0767,3.935,1.7612,4.7699
19B251.13,19B251.13.11,clockwise90deg,BlueRight,1,Adrian,green,11,1,1,1,21.1304,22.7727,0.473,0.495,0.7455,0.7505,9.069,-9.138,113.2,-84.9,11.3,-13.8,-2.2184,2.2352,-1.8867,1.415,-2.4461,2.0303,-2.1883,1.19,-2.4461,2.0303,-2.2164,2.2272,-1.8767,1.415,-2.2259,2.2259
19B251.13,19B251.13.12,clockwise90deg,BlueRight,1,Adrian,green,12,2,1,1,22.25,23.5,0.489,0.516,0.739,0.7655,8.053,-14.566,98,-164,10.3,-19.3,-1.9698,3.563,-1.6333,2.7333,-2.202,3.2085,-1.9567,2.3617,-2.2015,3.2288,-1.9679,3.5549,-1.6233,2.7333,-1.9813,3.5713
19B251.13,19B251.13.22,clockwise90deg,BlueRight,1,Adrian,green,22,3,1,1,22.9565,25.3889,0.5,0.54,0.76,0.777,-5.495,-16.844,-99.4,-199.2,-3.3,-21.5,1.3441,4.1202,1.6567,3.32,0.99238,3.8183,1.2133,3.0033,1.0029,3.8159,1.3461,4.1121,1.6667,3.32,1.3453,4.1094
19B251.13,19B251.13.21,clockwise90deg,BlueRight,1,Adrian,green,21,4,1,1,21.4615,25.6111,0.475,0.552,0.752,0.7675,-2.557,-5.609,-56.5,-33.7,-0.3,-10.3,0.62546,1.372,0.94167,0.56167,0.3515,1.189,0.58833,0.36,0.34245,1.1986,0.62742,1.3639,0.95167,0.56167,0.61152,1.3698
19B251.13,19B251.13.31,clockwise90deg,BlueRight,1,Adrian,green,31,5,1,1,15.8095,18.3571,0.317,0.345,0.6155,0.561,-9.335,-5.966,-156.2,-38.4,-7.1,-10.7,2.2834,1.4593,2.6033,0.64,1.9136,1.258,2.15,0.42333,1.9079,1.272,2.2854,1.4513,2.6133,0.64,2.2749,1.4677
19B251.13,19B251.13.32,clockwise90deg,BlueRight,1,Adrian,green,32,6,1,1,19.4,15.6667,0.428,0.322,0.73,0.6685,-6.551,-19.15,-116.2,-232,-4.3,-23.8,1.6024,4.6843,1.9367,3.8667,1.2443,4.3663,1.485,3.545,1.2475,4.354,1.6044,4.6762,1.9467,3.8667,1.59,4.672
19B302.18,19B302.18.11,clockwise90deg,BlueRight,1,Adrian,blue,11,1,1,1,17.8929,22.0476,0.384,0.466,0.6805,0.7195,-0.583,-9.52,-27.1,-90.8,1.6,-14.2,0.14261,2.3287,0.45167,1.5133,-0.063109,2.19,0.13167,1.3467,-0.048922,2.177,0.14261,2.3355,0.445,1.5233,0.14677,2.3482
19B302.18,19B302.18.12,clockwise90deg,BlueRight,1,Adrian,blue,12,2,1,1,17.2759,21.9444,0.363,0.47,0.6555,0.7235,0.397,-9.359,-13.8,-88.8,2.6,-14.1,-0.09711,2.2893,0.23,1.48,-0.34001,2.1193,-0.096667,1.2983,-0.34245,2.1281,-0.09711,2.2961,0.22333,1.49,-0.097844,2.3238
19B302.18,19B302.18.22,clockwise90deg,BlueRight,1,Adrian,blue,22,3,1,1,17.7419,21.6818,0.383,0.46,0.6685,0.708,-2.707,-8.935,-59.1,-82,-0.5,-13.6,0.66216,2.1856,0.985,1.3667,0.38868,2.0136,0.61667,1.1717,0.39137,2.0058,0.66216,2.1924,0.97833,1.3767,0.66044,2.2015
19B302.18,19B302.18.21,clockwise90deg,BlueRight,1,Adrian,blue,21,4,1,1,17.3667,20.6923,0.364,0.44,0.639,0.686,-0.964,-9.448,-32.8,-90.2,1.3,-14.1,0.2358,2.3111,0.54667,1.5033,0.040605,2.1513,0.26167,1.3283,0.024461,2.1281,0.2358,2.3179,0.54,1.5133,0.22015,2.3238
19B302.18,19B302.18.31,clockwise90deg,BlueRight,1,Adrian,blue,31,5,1,1,20.1304,22.7895,0.434,0.49,0.702,0.7375,-0.667,-8.562,-29.8,-76.4,1.6,-13.3,0.16315,2.0943,0.49667,1.2733,-0.1272,1.9583,0.11833,1.105,-0.14677,1.9569,0.16315,2.1012,0.49,1.2833,0.14677,2.1281
19B302.18,19B302.18.32,clockwise90deg,BlueRight,1,Adrian,blue,32,6,1,1,7.6471,7.0392,0.103,0.094,0.3075,0.2765,0.818,-7.577,-8.2,-62.5,3,-12.3,-0.20009,1.8534,0.13667,1.0417,-0.49362,1.6822,-0.25167,0.86167,-0.48922,1.6878,-0.20009,1.8603,0.13,1.0517,-0.19569,1.8835
19B302.18,19B302.18.11,clockwise90deg,BlueRight,1,Adrian,green,11,1,1,1,21.875,25.6667,0.484,0.552,0.745,0.7775,-0.062,-13.157,-20.7,-144.1,2.2,-17.9,0.015166,3.2183,0.345,2.4017,-0.25464,3.0251,-0.005,2.1817,-0.26907,3.0331,0.017123,3.2102,0.355,2.4017,0,3.2288
19B302.18,19B302.18.12,clockwise90deg,BlueRight,1,Adrian,green,12,2,1,1,21.6667,25.35,0.473,0.546,0.7285,0.7815,0.274,-10.901,-16.1,-111.3,2.5,-15.6,-0.067023,2.6665,0.26833,1.855,-0.36863,2.4197,-0.11667,1.5867,-0.36691,2.4216,-0.065066,2.6584,0.27833,1.855,-0.073383,2.6662
19B302.18,19B302.18.22,clockwise90deg,BlueRight,1,Adrian,green,22,3,1,1,21.05,24.9565,0.465,0.547,0.728,0.7595,-1.772,-11.9,-46.4,-126.4,0.5,-16.6,0.43345,2.9108,0.77333,2.1067,0.11374,2.6472,0.36833,1.8283,0.097844,2.6418,0.4354,2.9028,0.78333,2.1067,0.41584,2.9108
19B302.18,19B302.18.21,clockwise90deg,BlueRight,1,Adrian,green,21,4,1,1,21.95,25.55,0.48,0.537,0.7485,0.7625,-0.238,-11.717,-22.9,-123.3,2,-16.4,0.058217,2.8661,0.38167,2.055,-0.19593,2.6173,0.03,1.795,-0.19569,2.6173,0.060174,2.858,0.39167,2.055,0.048922,2.8619
19B302.18,19B302.18.31,clockwise90deg,BlueRight,1,Adrian,green,31,5,1,1,20.8636,25.2857,0.459,0.55,0.741,0.775,-1.662,-10.048,-43.3,-99.4,0.6,-14.7,0.40654,2.4578,0.72167,1.6567,0.041339,2.2382,0.27,1.4233,0.024461,2.2259,0.4085,2.4498,0.73167,1.6567,0.39137,2.4461
19B302.18,19B302.18.32,clockwise90deg,BlueRight,1,Adrian,green,32,6,1,1,12.4839,12,0.238,0.223,0.477,0.481,0.482,-8.308,-12.6,-73.5,2.7,-13,-0.1179,2.0322,0.21,1.225,-0.50512,1.7876,-0.26167,0.955,-0.51368,1.7856,-0.11594,2.0241,0.22,1.225,-0.1223,2.0303
19B167.04,19B167.04.11,clockwise90deg,RedRight,2,Adrian,red,11,1,1,1,19.3462,15.75,0.432,0.33,0.7745,0.705,11.166,-2.016,143.3,18.8,13.4,-6.7,-2.7313,0.49313,-2.3883,-0.31333,-3.1829,0.06849,-2.9433,-0.75,-3.1799,0.073383,-2.7477,0.4809,-2.3983,-0.31,-2.7396,0.48922
19B167.04,19B167.04.12,clockwise90deg,RedRight,2,Adrian,red,12,2,1,1,16.6053,12.0213,0.358,0.182,0.58,0.6185,11.145,-14.165,143.1,-159.3,13.4,-18.9,-2.7262,3.4649,-2.385,2.655,-3.1777,2.9862,-2.9383,2.1633,-3.1799,2.9842,-2.7426,3.4527,-2.395,2.6583,-2.7396,3.4734
19B167.04,19B167.04.22,clockwise90deg,RedRight,2,Adrian,red,22,3,1,1,19.6667,17.3846,0.438,0.367,0.7815,0.7095,-7.618,-7.564,-132.4,-63.8,-5.4,-12.3,1.8634,1.8502,2.2067,1.0633,1.2986,1.4099,1.5517,0.61667,1.2964,1.4187,1.847,1.838,2.1967,1.0667,1.859,1.859
19B167.04,19B167.04.21,clockwise90deg,RedRight,2,Adrian,red,21,4,1,1,19.125,16.9032,0.431,0.363,0.792,0.771,-4.212,-1.603,-81.9,24.3,-2,-6.3,1.0303,0.39211,1.365,-0.405,0.50634,0.0048922,0.745,-0.80333,0.51368,0,1.0139,0.37988,1.355,-0.40167,1.0274,0.39137
19B167.04,19B167.04.31,clockwise90deg,RedRight,2,Adrian,red,31,5,1,1,19.1852,18.0417,0.439,0.398,0.784,0.8155,-4.213,1.258,-81.4,66.9,-2,-3.4,1.0305,-0.30772,1.3567,-1.115,0.47797,-0.69347,0.69333,-1.52,0.48922,-0.70937,1.0141,-0.31995,1.3467,-1.1117,1.0274,-0.31799
19B167.04,19B167.04.32,clockwise90deg,RedRight,2,Adrian,red,32,6,1,1,20.0435,17.1071,0.454,0.373,0.805,0.814,-5.062,-19.033,-94.7,-231.3,-2.8,-23.7,1.2382,4.6556,1.5783,3.855,0.6964,4.2224,0.955,3.4267,0.6849,4.2073,1.2218,4.6434,1.5683,3.8583,1.223,4.6476
19B167.04,19B167.04.11,clockwise90deg,RedRight,2,Adrian,green,11,1,1,1,16.4615,8.9394,0.339,0.051,0.585,0.3975,15.656,3.637,209.6,102.2,17.9,-1.1,-3.8296,-0.88964,-3.4933,-1.7033,-4.0903,-1.0658,-3.8467,-1.8917,-4.085,-1.0518,-3.8276,-0.89771,-3.4833,-1.7033,-3.8404,-0.88059
19B167.04,19B167.04.12,clockwise90deg,RedRight,2,Adrian,green,12,2,1,1,5.2672,7.2535,0.071,0.052,0.105,0.2825,13.009,-14.394,171.5,-162.4,15.2,-19.1,-3.1821,3.5209,-2.8583,2.7067,-3.4996,3.2494,-3.2667,2.4317,-3.4979,3.2533,-3.1802,3.5128,-2.8483,2.7067,-3.1799,3.5224
19B167.04,19B167.04.22,clockwise90deg,RedRight,2,Adrian,green,22,3,1,1,15.2083,14.1739,0.305,0.281,0.59,0.4925,-9.76,-6.766,-163.2,-50,-7.5,-11.5,2.3874,1.655,2.72,0.83333,1.975,1.3904,2.215,0.56667,1.9569,1.3943,2.3893,1.647,2.73,0.83333,2.3727,1.6633
19B167.04,19B167.04.21,clockwise90deg,RedRight,2,Adrian,green,21,4,1,1,16.1538,11.8611,0.332,0.205,0.6235,0.521,-5.463,1.752,-101.1,74.8,-3.2,-2.9,1.3363,-0.42855,1.685,-1.2467,0.98235,-0.59929,1.235,-1.435,0.97844,-0.61152,1.3383,-0.43663,1.695,-1.2467,1.3209,-0.4403
19B167.04,19B167.04.31,clockwise90deg,RedRight,2,Adrian,green,31,5,1,1,12.5952,9.7255,0.212,0.137,0.5495,0.441,-5.105,4.494,-95.3,114.5,-2.9,-0.2,1.2487,-1.0993,1.5883,-1.9083,0.88769,-1.2703,1.1367,-2.095,0.90505,-1.272,1.2507,-1.1073,1.5983,-1.9083,1.2475,-1.1007
19B167.04,19B167.04.32,clockwise90deg,RedRight,2,Adrian,green,32,6,1,1,13.8889,10.2128,0.263,0.161,0.6065,0.4765,-5.238,-22.958,-96.7,-288.5,-3,-27.7,1.2813,5.6157,1.6117,4.8083,0.90359,5.3342,1.1417,4.5117,0.90505,5.3569,1.2832,5.6077,1.6217,4.8083,1.272,5.626
19B301.06,19B301.06.11,clockwise90deg,RedRight,2,Adrian,red,11,1,1,1,16.2857,14.9355,0.334,0.298,0.729,0.6525,-5.192,-0.949,-95.1,35,-3,-5.6,1.27,0.23213,1.585,-0.58333,0.83852,-0.16095,1.06,-0.98333,0.85613,-0.17123,1.2536,0.2199,1.575,-0.58,1.272,0.22015
19B301.06,19B301.06.12,clockwise90deg,RedRight,2,Adrian,red,12,2,1,1,17.2105,16.1471,0.356,0.34,0.7385,0.6725,-3.021,-5.154,-64.4,-27.2,-0.8,-9.9,0.73896,1.2607,1.0733,0.45333,0.29622,0.82922,0.52333,-0.0066667,0.29353,0.83167,0.72257,1.2485,1.0633,0.45667,0.73383,1.272
19B301.06,19B301.06.22,clockwise90deg,RedRight,2,Adrian,red,22,3,1,1,17.44,16.2414,0.373,0.338,0.751,0.676,-8.306,-0.097,-142,47.1,-6.1,-4.8,2.0317,0.023727,2.3667,-0.785,1.5562,-0.41535,1.8,-1.2533,1.5655,-0.41584,2.0153,0.011497,2.3567,-0.78167,2.0303,0.024461
19B301.06,19B301.06.21,clockwise90deg,RedRight,2,Adrian,red,21,4,1,1,15.25,15.1212,0.307,0.304,0.71,0.653,-6.881,0.531,-121.2,55.8,-4.6,-4.2,1.6832,-0.12989,2.02,-0.93,1.1783,-0.54572,1.4083,-1.3583,1.1741,-0.53814,1.6668,-0.14212,2.01,-0.92667,1.6633,-0.1223
19B301.06,19B301.06.31,clockwise90deg,RedRight,2,Adrian,red,31,5,1,1,14.7222,16.4333,0.29,0.345,0.706,0.734,5.455,-6.684,60.2,-50.2,7.7,-11.4,-1.3343,1.635,-1.0033,0.83667,-1.8519,1.2279,-1.6217,0.405,-1.859,1.223,-1.3507,1.6227,-1.0133,0.84,-1.3453,1.6389
19B301.06,19B301.06.32,clockwise90deg,RedRight,2,Adrian,red,32,6,1,1,12.537,17.45,0.204,0.35,0.6765,0.6725,3.697,-9.088,34.9,-85.9,5.9,-13.8,-0.90432,2.223,-0.58167,1.4317,-1.3551,1.7822,-1.1367,0.96667,-1.3453,1.7856,-0.92071,2.2108,-0.59167,1.435,-0.90505,2.2259
19B301.06,19B301.06.11,clockwise90deg,RedRight,2,Adrian,green,11,1,1,1,12.5789,11.1905,0.224,0.164,0.5405,0.5015,-1.42,-7.562,-41,-62.3,0.8,-12.3,0.34734,1.8497,0.68333,1.0383,0.17734,1.8297,0.41833,1.0017,0.17123,1.8346,0.3493,1.8417,0.69333,1.0383,0.34245,1.859
19B301.06,19B301.06.12,clockwise90deg,RedRight,2,Adrian,green,12,2,1,1,12.3333,10.3725,0.222,0.145,0.5225,0.464,1.174,-10.336,-3.1,-103.4,3.4,-15,-0.28717,2.5283,0.051667,1.7233,-0.44445,2.4314,-0.20667,1.6217,-0.4403,2.4216,-0.28521,2.5202,0.061667,1.7233,-0.29353,2.5195
19B301.06,19B301.06.22,clockwise90deg,RedRight,2,Adrian,green,22,3,1,1,14,11.1707,0.271,0.163,0.5685,0.505,-4.303,-4.423,-84.1,-16.7,-2.1,-9.1,1.0526,1.0819,1.4017,0.27833,0.87643,0.89551,1.13,0.076667,0.88059,0.88059,1.0545,1.0738,1.4117,0.27833,1.0518,1.0763
19B301.06,19B301.06.21,clockwise90deg,RedRight,2,Adrian,green,21,4,1,1,12,11.0556,0.205,0.176,0.505,0.4875,-3.863,-5.773,-76.2,-36.9,-1.6,-10.5,0.94492,1.4121,1.27,0.615,0.76122,1.395,0.985,0.57833,0.75829,1.3943,0.94688,1.4041,1.28,0.615,0.92951,1.4187
19B301.06,19B301.06.31,clockwise90deg,RedRight,2,Adrian,green,31,5,1,1,11.359,11.881,0.205,0.199,0.4895,0.5215,1.196,-7.084,-2.6,-55.6,3.4,-11.8,-0.29255,1.7328,0.043333,0.92667,-0.50218,1.7108,-0.25,0.88,-0.48922,1.7123,-0.2906,1.7247,0.053333,0.92667,-0.29353,1.7367
19B301.06,19B301.06.32,clockwise90deg,RedRight,2,Adrian,green,32,6,1,1,12.2432,11.2368,0.22,0.185,0.531,0.505,-0.511,-8.768,-27,-80.6,1.7,-13.5,0.125,2.1447,0.45,1.3433,-0.065066,1.9696,0.165,1.15,-0.048922,1.9813,0.12695,2.1367,0.46,1.3433,0.1223,2.1526
19B251.13,19B251.13.11,clockwise90deg,BlueRight,2,Adrian,blue,11,1,1,1,16.8929,20.4211,0.355,0.44,0.656,0.6985,13.636,2.285,180,81.8,15.9,-2.4,-3.3355,-0.55893,-3,-1.3633,-3.4906,-0.69347,-3.2667,-1.5083,-3.4979,-0.6849,-3.3355,-0.55208,-3.0067,-1.3533,-3.3511,-0.53814
19B251.13,19B251.13.12,clockwise90deg,BlueRight,2,Adrian,blue,12,2,1,1,17.5714,20.7333,0.38,0.436,0.6705,0.6995,11.694,-14.023,151.5,-158.2,13.9,-18.7,-2.8605,3.4301,-2.525,2.6367,-3.0449,3.2435,-2.7967,2.4217,-3.0331,3.2288,-2.8605,3.437,-2.5317,2.6467,-2.8619,3.449
19B251.13,19B251.13.22,clockwise90deg,BlueRight,2,Adrian,blue,22,3,1,1,17.7692,20.1818,0.379,0.434,0.671,0.7085,-6.76,-13.391,-119,-148.9,-4.5,-18.1,1.6536,3.2756,1.9833,2.4817,1.4351,3.1139,1.6633,2.3033,1.4187,3.1065,1.6536,3.2824,1.9767,2.4917,1.6389,3.3022
19B251.13,19B251.13.21,clockwise90deg,BlueRight,2,Adrian,blue,21,4,1,1,16.3871,21.3,0.345,0.458,0.6505,0.7025,-1.54,1.797,-42.8,74.8,0.7,-2.9,0.3767,-0.43956,0.71333,-1.2467,0.1749,-0.57777,0.39333,-1.3933,0.17123,-0.58706,0.3767,-0.43271,0.70667,-1.2367,0.36691,-0.41584
19B251.13,19B251.13.31,clockwise90deg,BlueRight,2,Adrian,blue,31,5,1,1,7.0625,5.784,0.044,0.063,0.265,0.135,-12.796,-0.072,-208.1,46.3,-10.6,-4.8,3.13,0.017612,3.4683,-0.77167,2.8492,-0.091973,3.0917,-0.89167,2.8619,-0.073383,3.13,0.024461,3.4617,-0.76167,3.131,0.048922
19B251.13,19B251.13.32,clockwise90deg,BlueRight,2,Adrian,blue,32,6,1,1,16.8462,13.2439,0.351,0.231,0.656,0.5995,-7.135,-19.761,-125.2,-242.3,-4.9,-24.5,1.7453,4.8337,2.0867,4.0383,1.4831,4.6803,1.73,3.87,1.4921,4.6965,1.7453,4.8406,2.08,4.0483,1.7367,4.8677
19B251.13,19B251.13.11,clockwise90deg,BlueRight,2,Adrian,green,11,1,1,1,21.2,22.913,0.469,0.498,0.7465,0.7505,8.239,-5.614,100.6,-35,10.5,-10.3,-2.0153,1.3732,-1.6767,0.58333,-2.2482,1.1744,-2,0.37,-2.2504,1.1741,-2.0134,1.3652,-1.6667,0.58333,-2.0303,1.3698
19B251.13,19B251.13.12,clockwise90deg,BlueRight,2,Adrian,green,12,2,1,1,22.087,23.2917,0.482,0.514,0.7385,0.7625,7.111,-15.449,83.4,-178.9,9.3,-20.1,-1.7394,3.779,-1.39,2.9817,-1.9767,3.4218,-1.725,2.615,-1.9569,3.4001,-1.7375,3.7709,-1.38,2.9817,-1.7367,3.767
19B251.13,19B251.13.22,clockwise90deg,BlueRight,2,Adrian,green,22,3,1,1,22.8182,25.5,0.493,0.542,0.752,0.772,-5.29,-16.941,-97.9,-200.8,-3.1,-21.6,1.294,4.1439,1.6317,3.3467,0.93856,3.8418,1.1733,3.0383,0.95397,3.8404,1.2959,4.1358,1.6417,3.3467,1.2964,4.1339
19B251.13,19B251.13.21,clockwise90deg,BlueRight,2,Adrian,green,21,4,1,1,21.4,25.381,0.474,0.552,0.7505,0.7685,-1.117,-5.003,-36.4,-25.6,1.1,-9.7,0.27323,1.2238,0.60667,0.42667,-0.027641,1.043,0.20667,0.23167,-0.024461,1.0518,0.27519,1.2157,0.61667,0.42667,0.26907,1.223
19B251.13,19B251.13.31,clockwise90deg,BlueRight,2,Adrian,green,31,5,1,1,15.4286,18.9286,0.309,0.352,0.6045,0.5665,-7.899,-6.577,-136.1,-48.4,-5.7,-11.3,1.9322,1.6088,2.2683,0.80667,1.5533,1.4107,1.7817,0.595,1.5655,1.4187,1.9341,1.6007,2.2783,0.80667,1.9324,1.6144
19B251.13,19B251.13.32,clockwise90deg,BlueRight,2,Adrian,green,32,6,1,1,19.3333,16.2593,0.426,0.34,0.7325,0.6685,-6.131,-19.575,-110.5,-239.2,-3.9,-24.3,1.4997,4.7882,1.8417,3.9867,1.134,4.4905,1.3717,3.6767,1.1252,4.5008,1.5017,4.7801,1.8517,3.9867,1.4921,4.7943
19B302.18,19B302.18.11,clockwise90deg,BlueRight,2,Adrian,blue,11,1,1,1,18.0769,22.05,0.389,0.467,0.6845,0.7215,-0.459,-9.704,-26.5,-94.2,1.8,-14.4,0.11228,2.3737,0.44167,1.57,-0.11766,2.2365,0.10833,1.405,-0.1223,2.2259,0.11228,2.3805,0.435,1.58,0.097844,2.3972
19B302.18,19B302.18.12,clockwise90deg,BlueRight,2,Adrian,blue,12,2,1,1,16.963,22.625,0.353,0.481,0.644,0.7315,0.495,-9.321,-13.4,-88.3,2.7,-14,-0.12108,2.28,0.22333,1.4717,-0.35419,2.123,-0.11833,1.3017,-0.34245,2.1281,-0.12108,2.2868,0.21667,1.4817,-0.1223,2.2993
19B302.18,19B302.18.22,clockwise90deg,BlueRight,2,Adrian,blue,22,3,1,1,17.9231,21.8095,0.382,0.469,0.673,0.7135,-2.587,-8.673,-58.3,-79.7,-0.4,-13.4,0.6328,2.1215,0.97167,1.3283,0.35126,1.9547,0.58333,1.1517,0.36691,1.9569,0.6328,2.1283,0.965,1.3383,0.63598,2.1526
19B302.18,19B302.18.21,clockwise90deg,BlueRight,2,Adrian,blue,21,4,1,1,17.0357,21,0.359,0.433,0.6435,0.6785,-1.28,-9.147,-39,-85.4,1,-13.8,0.3131,2.2374,0.65,1.4233,0.071915,2.1098,0.3,1.2733,0.048922,2.1036,0.3131,2.2443,0.64333,1.4333,0.29353,2.2504
19B302.18,19B302.18.31,clockwise90deg,BlueRight,2,Adrian,blue,31,5,1,1,20.4783,22.8421,0.434,0.49,0.705,0.738,-0.611,-7.679,-28.7,-64.3,1.6,-12.4,0.14946,1.8784,0.47833,1.0717,-0.18664,1.7411,0.035,0.91,-0.17123,1.7367,0.14946,1.8852,0.47167,1.0817,0.14677,1.9079
19B302.18,19B302.18.32,clockwise90deg,BlueRight,2,Adrian,blue,32,6,1,1,7.5192,6.8451,0.098,0.081,0.301,0.264,1.361,-7.517,-1.1,-62.6,3.6,-12.2,-0.33291,1.8387,0.018333,1.0433,-0.6399,1.6773,-0.38833,0.875,-0.63598,1.6633,-0.33291,1.8456,0.011667,1.0533,-0.34245,1.859
19B302.18,19B302.18.11,clockwise90deg,BlueRight,2,Adrian,green,11,1,1,1,22.1739,25.8571,0.49,0.552,0.7515,0.7765,0.049,-13.132,-19.4,-144.3,2.3,-17.8,-0.011986,3.2122,0.32333,2.405,-0.28472,3.0175,-0.061667,2.205,-0.29353,3.0087,-0.010029,3.2041,0.33333,2.405,-0.024461,3.2044
19B302.18,19B302.18.12,clockwise90deg,BlueRight,2,Adrian,green,12,2,1,1,21.2381,25.4545,0.467,0.549,0.724,0.785,0.429,-10.887,-14.5,-112.2,2.7,-15.6,-0.10494,2.6631,0.24167,1.87,-0.40776,2.4321,-0.16833,1.6267,-0.41584,2.4461,-0.10298,2.655,0.25167,1.87,-0.1223,2.6662
19B302.18,19B302.18.22,clockwise90deg,BlueRight,2,Adrian,green,22,3,1,1,21.2857,24.9091,0.471,0.544,0.7325,0.7615,-1.606,-11.65,-43.7,-122.3,0.6,-16.3,0.39284,2.8497,0.72833,2.0383,0.054548,2.5699,0.28333,1.725,0.048922,2.5684,0.3948,2.8416,0.73833,2.0383,0.39137,2.8375
19B302.18,19B302.18.21,clockwise90deg,BlueRight,2,Adrian,green,21,4,1,1,22.2,25.4762,0.483,0.544,0.745,0.768,-0.495,-11.452,-27.3,-120.2,1.7,-16.1,0.12108,2.8013,0.455,2.0033,-0.16878,2.6021,0.065,1.785,-0.17123,2.5929,0.12304,2.7932,0.465,2.0033,0.1223,2.7885
19B302.18,19B302.18.31,clockwise90deg,BlueRight,2,Adrian,green,31,5,1,1,21.3636,25.3,0.478,0.55,0.763,0.777,-1.772,-9.151,-46.9,-86.2,0.5,-13.8,0.43345,2.2384,0.78167,1.4367,0.062131,2.0173,0.29,1.2017,0.048922,2.0058,0.4354,2.2303,0.79167,1.4367,0.41584,2.2259
19B302.18,19B302.18.32,clockwise90deg,BlueRight,2,Adrian,green,32,6,1,1,12.4,11.5938,0.234,0.209,0.4665,0.473,0.754,-8.24,-10,-73.1,3,-12.9,-0.18444,2.0156,0.16667,1.2183,-0.57116,1.7729,-0.32833,0.95333,-0.5626,1.7612,-0.18248,2.0075,0.17667,1.2183,-0.19569,2.0058
19B167.04,19B167.04.11,clockwise90deg,RedRight,3,Adrian,red,11,1,1,1,19.3077,16.1111,0.429,0.344,0.771,0.706,11.768,-2.087,152.3,17.7,14,-6.8,-2.8786,0.5105,-2.5383,-0.295,-3.3167,0.089038,-3.1017,-0.725,-3.3267,0.097844,-2.8949,0.49827,-2.5483,-0.29167,-2.8864,0.51368
19B167.04,19B167.04.12,clockwise90deg,RedRight,3,Adrian,red,12,2,1,1,16.9744,12.3404,0.371,0.197,0.576,0.6235,11.409,-14.069,146,-158.5,13.6,-18.8,-2.7907,3.4414,-2.4333,2.6417,-3.2643,2.9815,-3.0233,2.1783,-3.2533,2.9842,-2.8071,3.4292,-2.4433,2.645,-2.7885,3.449
19B167.04,19B167.04.22,clockwise90deg,RedRight,3,Adrian,red,22,3,1,1,20.2,18.3103,0.445,0.399,0.7825,0.722,-7.439,-7.085,-129.9,-55.3,-5.2,-11.8,1.8196,1.7331,2.165,0.92167,1.2392,1.2977,1.4667,0.475,1.2475,1.2964,1.8033,1.7208,2.155,0.925,1.8101,1.7367
19B167.04,19B167.04.21,clockwise90deg,RedRight,3,Adrian,red,21,4,1,1,19.28,17.7931,0.435,0.387,0.7905,0.7805,-3.978,-1.441,-79.1,26.6,-1.7,-6.1,0.97305,0.35248,1.3183,-0.44333,0.43638,-0.03449,0.66833,-0.83,0.41584,-0.048922,0.95667,0.34025,1.3083,-0.44,0.95397,0.34245
19B167.04,19B167.04.31,clockwise90deg,RedRight,3,Adrian,red,31,5,1,1,19.3333,19.1852,0.435,0.431,0.786,0.813,-4.057,0.828,-80.7,60.3,-1.8,-3.9,0.99238,-0.20254,1.345,-1.005,0.4288,-0.59293,0.66167,-1.4,0.41584,-0.58706,0.97599,-0.21477,1.335,-1.0017,0.97844,-0.19569
19B167.04,19B167.04.32,clockwise90deg,RedRight,3,Adrian,red,32,6,1,1,19.8889,17.1852,0.452,0.368,0.807,0.7575,-5.772,-18.907,-105.1,-229.2,-3.5,-23.6,1.4119,4.6248,1.7517,3.82,0.84317,4.1906,1.0667,3.385,0.83167,4.1828,1.3955,4.6126,1.7417,3.8233,1.3943,4.6231
19B167.04,19B167.04.11,clockwise90deg,RedRight,3,Adrian,green,11,1,1,1,16.3846,8.9077,0.337,0.057,0.5815,0.394,16.517,3.405,222,98.1,18.7,-1.3,-4.0402,-0.83289,-3.7,-1.635,-4.3469,-1.0051,-4.12,-1.8183,-4.3296,-1.0029,-4.0382,-0.84097,-3.69,-1.635,-4.036,-0.83167
19B167.04,19B167.04.12,clockwise90deg,RedRight,3,Adrian,green,12,2,1,1,5.2807,7.3803,0.077,0.053,0.111,0.2915,12.728,-14.254,165.2,-161.3,15,-19,-3.1134,3.4867,-2.7533,2.6883,-3.4876,3.223,-3.2433,2.4133,-3.4979,3.2288,-3.1114,3.4786,-2.7433,2.6883,-3.131,3.4979
19B167.04,19B167.04.22,clockwise90deg,RedRight,3,Adrian,green,22,3,1,1,15.3913,14.64,0.309,0.291,0.5925,0.509,-9.657,-6.304,-162.8,-44.5,-7.4,-11,2.3622,1.542,2.7133,0.74167,1.9701,1.2629,2.2,0.44833,1.9569,1.272,2.3641,1.5339,2.7233,0.74167,2.3482,1.541
19B167.04,19B167.04.21,clockwise90deg,RedRight,3,Adrian,green,21,4,1,1,16.1034,12.3438,0.334,0.221,0.613,0.5345,-5.175,1.702,-96.5,73.5,-2.9,-3,1.2659,-0.41632,1.6083,-1.225,0.90285,-0.5878,1.1267,-1.4,0.88059,-0.58706,1.2678,-0.4244,1.6183,-1.225,1.2475,-0.41584
19B167.04,19B167.04.31,clockwise90deg,RedRight,3,Adrian,green,31,5,1,1,12.7692,9.9808,0.221,0.145,0.546,0.459,-4.379,4.346,-85.5,112.1,-2.1,-0.4,1.0711,-1.0631,1.425,-1.8683,0.70619,-1.2348,0.95,-2.0533,0.6849,-1.223,1.0731,-1.0711,1.435,-1.8683,1.0518,-1.0518
19B167.04,19B167.04.32,clockwise90deg,RedRight,3,Adrian,green,32,6,1,1,13.8605,10.5273,0.26,0.155,0.6015,0.5,-5.764,-22.503,-106.4,-281.9,-3.5,-27.2,1.4099,5.5044,1.7733,4.6983,1.02,5.2256,1.2683,4.425,1.0029,5.2346,1.4119,5.4964,1.7833,4.6983,1.3943,5.5037
19B301.06,19B301.06.11,clockwise90deg,RedRight,3,Adrian,red,11,1,1,1,16.375,15.3784,0.351,0.314,0.756,0.6655,-5.778,-0.873,-105.6,35,-3.5,-5.6,1.4134,0.21354,1.76,-0.58333,0.9618,-0.19764,1.19,-1.0167,0.95397,-0.19569,1.397,0.20131,1.75,-0.58,1.3943,0.22015
19B301.06,19B301.06.12,clockwise90deg,RedRight,3,Adrian,red,12,2,1,1,17.7857,16.5667,0.351,0.349,0.734,0.6775,-2.926,-4.991,-63.8,-24.7,-0.7,-9.7,0.71573,1.2208,1.0633,0.41167,0.22944,0.77517,0.46,-0.053333,0.22015,0.78275,0.69934,1.2086,1.0533,0.415,0.70937,1.223
19B301.06,19B301.06.22,clockwise90deg,RedRight,3,Adrian,red,22,3,1,1,17.3913,15.9,0.366,0.327,0.7435,0.6495,-8.52,0.272,-146.8,51.3,-6.3,-4.4,2.0841,-0.066534,2.4467,-0.855,1.5709,-0.53251,1.8183,-1.34,1.5655,-0.53814,2.0677,-0.078764,2.4367,-0.85167,2.0792,-0.073383
19B301.06,19B301.06.21,clockwise90deg,RedRight,3,Adrian,red,21,4,1,1,15.4815,15.5938,0.313,0.319,0.7185,0.66,-7.096,1.203,-125.1,65.3,-4.9,-3.5,1.7357,-0.29426,2.085,-1.0883,1.2008,-0.71108,1.4317,-1.52,1.1986,-0.70937,1.7194,-0.30649,2.075,-1.085,1.7367,-0.29353
19B301.06,19B301.06.31,clockwise90deg,RedRight,3,Adrian,red,31,5,1,1,14.8333,16.2759,0.294,0.34,0.706,0.7285,5.633,-6.538,60.3,-48.3,7.9,-11.2,-1.3779,1.5993,-1.005,0.805,-1.9141,1.2062,-1.675,0.39833,-1.9324,1.1986,-1.3943,1.587,-1.015,0.80833,-1.3943,1.59
19B301.06,19B301.06.32,clockwise90deg,RedRight,3,Adrian,red,32,6,1,1,13.1892,18.4667,0.24,0.393,0.67,0.713,3.637,-8.906,32.8,-83,5.9,-13.6,-0.88964,2.1785,-0.54667,1.3833,-1.3679,1.7536,-1.1467,0.92667,-1.3698,1.7612,-0.90603,2.1663,-0.55667,1.3867,-0.90505,2.177
19B301.06,19B301.06.11,clockwise90deg,RedRight,3,Adrian,green,11,1,1,1,12.6216,11.3953,0.227,0.172,0.5375,0.507,-1.78,-7.357,-47.2,-60,0.5,-12.1,0.4354,1.7996,0.78667,1,0.24339,1.7739,0.47833,0.96667,0.22015,1.7856,0.43736,1.7915,0.79667,1,0.41584,1.8101
19B301.06,19B301.06.12,clockwise90deg,RedRight,3,Adrian,green,12,2,1,1,12.4054,10.5,0.224,0.154,0.528,0.469,0.415,-10.08,-15.4,-99.9,2.6,-14.8,-0.10151,2.4657,0.25667,1.665,-0.26834,2.3556,-0.028333,1.5433,-0.26907,2.3727,-0.099556,2.4576,0.26667,1.665,-0.097844,2.4705
19B301.06,19B301.06.22,clockwise90deg,RedRight,3,Adrian,green,22,3,1,1,13.9697,11.0732,0.271,0.157,0.5685,0.5025,-4.782,-4.016,-91.3,-11.5,-2.6,-8.7,1.1697,0.98235,1.5217,0.19167,0.97819,0.79914,1.2133,-0.016667,0.97844,0.80721,1.1717,0.97428,1.5317,0.19167,1.1741,0.97844
19B301.06,19B301.06.21,clockwise90deg,RedRight,3,Adrian,green,21,4,1,1,11.9756,11.4571,0.2,0.182,0.5055,0.497,-4.125,-5.387,-82.5,-31.2,-1.9,-10.1,1.009,1.3177,1.375,0.52,0.80745,1.3016,1.065,0.48167,0.80721,1.2964,1.011,1.3096,1.385,0.52,1.0029,1.3209
19B301.06,19B301.06.31,clockwise90deg,RedRight,3,Adrian,green,31,5,1,1,11.2286,12.027,0.199,0.205,0.474,0.5215,1.771,-7.207,5.2,-58.5,4,-11.9,-0.4332,1.7629,-0.086667,0.975,-0.64944,1.7514,-0.42,0.94833,-0.66044,1.7612,-0.43125,1.7548,-0.076667,0.975,-0.4403,1.7612
19B301.06,19B301.06.32,clockwise90deg,RedRight,3,Adrian,green,32,6,1,1,12.3333,11.7838,0.225,0.207,0.5325,0.5135,-0.595,-9.011,-30.5,-84.9,1.6,-13.7,0.14554,2.2042,0.50833,1.415,-0.058217,2.0356,0.18167,1.24,-0.048922,2.0303,0.1475,2.1961,0.51833,1.415,0.14677,2.2015
19B251.13,19B251.13.11,clockwise90deg,BlueRight,3,Adrian,blue,11,1,1,1,16.8621,20.3684,0.355,0.442,0.66,0.7,14.308,1.344,188,67.8,16.5,-3.4,-3.4999,-0.32875,-3.1333,-1.13,-3.6745,-0.45913,-3.4417,-1.275,-3.6691,-0.4403,-3.4999,-0.32191,-3.14,-1.12,-3.4979,-0.29353
19B251.13,19B251.13.12,clockwise90deg,BlueRight,3,Adrian,blue,12,2,1,1,17.5,20.2667,0.378,0.434,0.6565,0.697,11.053,-13.864,139.4,-155.9,13.3,-18.6,-2.7037,3.3913,-2.3233,2.5983,-2.8844,3.2164,-2.635,2.415,-2.8864,3.2288,-2.7037,3.3981,-2.33,2.6083,-2.7152,3.4245
19B251.13,19B251.13.22,clockwise90deg,BlueRight,3,Adrian,blue,22,3,1,1,18.0435,19.8462,0.385,0.43,0.68,0.7045,-7.163,-14.092,-127,-159.6,-4.9,-18.8,1.7521,3.447,2.1167,2.66,1.4787,3.2897,1.7067,2.5,1.4677,3.3022,1.7521,3.4539,2.11,2.67,1.7367,3.4734
19B251.13,19B251.13.21,clockwise90deg,BlueRight,3,Adrian,blue,21,4,1,1,16.2121,21.1818,0.339,0.449,0.647,0.696,-2.256,1.026,-55.1,62.7,0,-3.7,0.55184,-0.25097,0.91833,-1.045,0.34955,-0.3992,0.58,-1.19,0.34245,-0.39137,0.55184,-0.24412,0.91167,-1.035,0.53814,-0.22015
19B251.13,19B251.13.31,clockwise90deg,BlueRight,3,Adrian,blue,31,5,1,1,7.0625,5.768,0.044,0.065,0.265,0.134,-13.345,0.479,-218,55.6,-11.1,-4.2,3.2643,-0.11717,3.6333,-0.92667,2.9365,-0.2336,3.165,-1.0583,2.9353,-0.24461,3.2643,-0.11032,3.6267,-0.91667,3.2533,-0.097844
19B251.13,19B251.13.32,clockwise90deg,BlueRight,3,Adrian,blue,32,6,1,1,16.4815,13.1463,0.344,0.227,0.6535,0.6015,-7.013,-19.891,-125.2,-243.8,-4.8,-24.6,1.7154,4.8655,2.0867,4.0633,1.4138,4.6803,1.6583,3.8583,1.4187,4.672,1.7154,4.8724,2.08,4.0733,1.7123,4.8922
19B251.13,19B251.13.11,clockwise90deg,BlueRight,3,Adrian,green,11,1,1,1,21.4615,23.0435,0.477,0.499,0.7525,0.7545,8.919,-6.375,108.6,-45.1,11.2,-11.1,-2.1817,1.5594,-1.81,0.75167,-2.4441,1.3402,-2.2017,0.53,-2.4461,1.3453,-2.1797,1.5513,-1.8,0.75167,-2.2015,1.5655
19B251.13,19B251.13.12,clockwise90deg,BlueRight,3,Adrian,green,12,2,1,1,22,23.4286,0.479,0.515,0.7325,0.764,6.681,-15.18,75.9,-175.2,8.9,-19.9,-1.6342,3.7132,-1.265,2.92,-1.9265,3.4372,-1.695,2.6267,-1.9324,3.449,-1.6323,3.7051,-1.255,2.92,-1.6389,3.7181
19B251.13,19B251.13.22,clockwise90deg,BlueRight,3,Adrian,green,22,3,1,1,22.7273,25.5,0.493,0.541,0.7505,0.7675,-5.85,-17.291,-107.6,-205.3,-3.6,-22,1.431,4.2295,1.7933,3.4217,1.0653,3.9022,1.3,3.0717,1.0518,3.9137,1.4329,4.2215,1.8033,3.4217,1.4187,4.2317
19B251.13,19B251.13.21,clockwise90deg,BlueRight,3,Adrian,green,21,4,1,1,21.3333,25.5,0.472,0.557,0.749,0.7715,-1.774,-5.299,-47.8,-30.3,0.5,-10,0.43394,1.2962,0.79667,0.505,0.070447,1.0777,0.3,0.275,0.048922,1.0763,0.43589,1.2881,0.80667,0.505,0.41584,1.2964
19B251.13,19B251.13.31,clockwise90deg,BlueRight,3,Adrian,green,31,5,1,1,15.8095,18.3636,0.317,0.334,0.6065,0.559,-9.125,-5.88,-155.8,-38.1,-6.9,-10.6,2.2321,1.4383,2.5967,0.635,1.847,1.247,2.0883,0.43667,1.859,1.2475,2.234,1.4302,2.6067,0.635,2.2259,1.4432
19B251.13,19B251.13.32,clockwise90deg,BlueRight,3,Adrian,green,32,6,1,1,19.12,16.6429,0.416,0.35,0.719,0.68,-5.634,-19.893,-104.6,-243.7,-3.4,-24.6,1.3781,4.866,1.7433,4.0617,1.0049,4.5722,1.24,3.7533,1.0029,4.5742,1.3801,4.8579,1.7533,4.0617,1.3698,4.8677
19B301.06,19B301.06.11,clockwise90deg,RedRight,1,Alex,red,11,1,1,1,15.7813,15.1563,0.325,0.305,0.7445,0.661,-5.348,-1.285,-94.2,32.4,-3.1,-5.9,1.3082,0.31432,1.57,-0.54,0.88817,-0.14774,1.1567,-0.96333,0.88059,-0.14677,1.3016,0.29084,1.5617,-0.56333,1.2964,0.29353
19B301.06,19B301.06.12,clockwise90deg,RedRight,1,Alex,red,12,2,1,1,17,15.8667,0.347,0.326,0.735,0.639,-2.314,-4.679,-49.7,-17.4,-0.1,-9.3,0.56603,1.1445,0.82833,0.29,0.13747,0.66118,0.4,-0.17667,0.14677,0.66044,0.55942,1.121,0.82,0.26667,0.5626,1.1252
19B301.06,19B301.06.22,clockwise90deg,RedRight,1,Alex,red,22,3,1,1,17.4783,15.9677,0.367,0.33,0.737,0.6595,-7.81,-0.08,-130.2,50.2,-5.6,-4.7,1.9104,0.019569,2.17,-0.83667,1.4796,-0.48677,1.7333,-1.3117,1.4921,-0.48922,1.9038,-0.0039137,2.1617,-0.86,1.9079,0
19B301.06,19B301.06.21,clockwise90deg,RedRight,1,Alex,red,21,4,1,1,15.5517,15.3636,0.316,0.312,0.7205,0.6585,-6.564,0.978,-112.4,65.5,-4.3,-3.6,1.6056,-0.23923,1.8733,-1.0917,1.1614,-0.7079,1.43,-1.545,1.1497,-0.70937,1.599,-0.26271,1.865,-1.115,1.59,-0.26907
19B301.06,19B301.06.31,clockwise90deg,RedRight,1,Alex,red,31,5,1,1,13.0714,14.9655,0.23,0.299,0.664,0.697,5.272,-6.619,61.9,-45.6,7.5,-11.2,-1.2896,1.6191,-1.0317,0.76,-1.7304,1.1602,-1.4567,0.33833,-1.7367,1.1497,-1.2962,1.5956,-1.04,0.73667,-1.2964,1.59
19B301.06,19B301.06.32,clockwise90deg,RedRight,1,Alex,red,32,6,1,1,12.4314,17.9259,0.201,0.374,0.6595,0.6695,4.416,-9.428,50,-87.2,6.6,-14,-1.0802,2.3062,-0.83333,1.4533,-1.5156,1.8179,-1.2767,0.99667,-1.5166,1.8101,-1.0868,2.2827,-0.84167,1.43,-1.0763,2.2749
19B301.06,19B301.06.11,clockwise90deg,RedRight,1,Alex,green,11,1,1,1,12.6389,11.4186,0.228,0.17,0.535,0.509,-1.676,-7.54,-40.9,-59.3,0.6,-12.2,0.40996,1.8444,0.68167,0.98833,0.31139,1.7083,0.58333,0.88167,0.29353,1.7123,0.3948,1.8341,0.665,0.98333,0.39137,1.8346
19B301.06,19B301.06.12,clockwise90deg,RedRight,1,Alex,green,12,2,1,1,12.1081,9.9273,0.215,0.126,0.522,0.4485,1.175,-10.2,1.2,-99.1,3.4,-14.8,-0.28742,2.495,-0.02,1.6517,-0.42635,2.2766,-0.15833,1.4683,-0.41584,2.2749,-0.30258,2.4847,-0.036667,1.6467,-0.29353,2.4705
19B301.06,19B301.06.22,clockwise90deg,RedRight,1,Alex,green,22,3,1,1,13.8182,10.9615,0.265,0.151,0.566,0.4995,-3.783,-4.62,-71.4,-16.4,-1.6,-9.2,0.92536,1.1301,1.19,0.27333,0.7556,0.87423,1.0317,0.045,0.75829,0.85613,0.91019,1.1198,1.1733,0.26833,0.92951,1.1007
19B301.06,19B301.06.21,clockwise90deg,RedRight,1,Alex,green,21,4,1,1,12.0263,11.375,0.203,0.183,0.508,0.4925,-3.539,-5.574,-68,-30.6,-1.3,-10.2,0.86567,1.3634,1.1333,0.51,0.74043,1.2654,1.015,0.43833,0.73383,1.272,0.85051,1.3532,1.1167,0.505,0.85613,1.3453
19B301.06,19B301.06.31,clockwise90deg,RedRight,1,Alex,green,31,5,1,1,10.9318,11.1538,0.185,0.174,0.465,0.4955,1.477,-7.06,6.1,-52.7,3.7,-11.7,-0.36129,1.7269,-0.10167,0.87833,-0.51979,1.6374,-0.24833,0.825,-0.51368,1.6389,-0.37645,1.7167,-0.11833,0.87333,-0.36691,1.7123
19B301.06,19B301.06.32,clockwise90deg,RedRight,1,Alex,green,32,6,1,1,12.1316,11.1351,0.214,0.191,0.522,0.505,-0.365,-9.188,-21.2,-84.3,1.9,-13.8,0.089282,2.2475,0.35333,1.405,-0.080721,2.0148,0.19167,1.2,-0.097844,2.0058,0.074116,2.2372,0.33667,1.4,0.073383,2.2259
19B301.06,19B301.06.11,clockwise90deg,RedRight,2,Alex,red,11,1,1,1,16.32,15.7059,0.34,0.324,0.742,0.675,-5.168,-1.168,-91.5,34.5,-2.9,-5.8,1.2641,0.2857,1.525,-0.575,0.84292,-0.17318,1.105,-1.0017,0.83167,-0.17123,1.2575,0.26222,1.5167,-0.59833,1.2475,0.26907
19B301.06,19B301.06.12,clockwise90deg,RedRight,2,Alex,red,12,2,1,1,16.2857,16.1667,0.331,0.334,0.7205,0.6705,-3.044,-5.064,-60,-23,-0.8,-9.7,0.74459,1.2387,1,0.38333,0.31677,0.76269,0.57667,-0.066667,0.31799,0.75829,0.73799,1.2152,0.99167,0.36,0.73383,1.223
19B301.06,19B301.06.22,clockwise90deg,RedRight,2,Alex,red,22,3,1,1,17.76,16.0333,0.379,0.333,0.765,0.6665,-8.296,-0.208,-137.1,48.1,-6.1,-4.8,2.0293,0.050879,2.285,-0.80167,1.589,-0.4469,1.845,-1.2667,1.59,-0.4403,2.0227,0.027396,2.2767,-0.825,2.0303,0.024461
19B301.06,19B301.06.21,clockwise90deg,RedRight,2,Alex,red,21,4,1,1,15.4815,15.5625,0.313,0.318,0.7215,0.662,-6.529,0.874,-111.1,63.7,-4.3,-3.7,1.5971,-0.21379,1.8517,-1.0617,1.1541,-0.68148,1.4117,-1.4967,1.1497,-0.6849,1.5904,-0.23727,1.8433,-1.085,1.59,-0.24461
19B301.06,19B301.06.31,clockwise90deg,RedRight,2,Alex,red,31,5,1,1,14.7188,15.76,0.291,0.319,0.7035,0.7195,5.825,-7.112,69.8,-54.2,8.1,-11.7,-1.4248,1.7397,-1.1633,0.90333,-1.8686,1.3028,-1.5917,0.50333,-1.8835,1.2964,-1.4315,1.7162,-1.1717,0.88,-1.4432,1.7123
19B301.06,19B301.06.32,clockwise90deg,RedRight,2,Alex,red,32,6,1,1,12.3333,17.7692,0.2,0.364,0.657,0.6515,4.229,-9.471,46.5,-88.3,6.5,-14.1,-1.0345,2.3167,-0.775,1.4717,-1.4669,1.8368,-1.1983,1.0167,-1.4677,1.8346,-1.0411,2.2932,-0.78333,1.4483,-1.0518,2.2993
19B301.06,19B301.06.11,clockwise90deg,RedRight,2,Alex,green,11,1,1,1,12.6757,11.4146,0.228,0.176,0.5385,0.5095,-1.877,-7.683,-43.1,-61.7,0.4,-12.3,0.45913,1.8793,0.71833,1.0283,0.36006,1.7646,0.635,0.94667,0.34245,1.7612,0.44397,1.8691,0.70167,1.0233,0.4403,1.859
19B301.06,19B301.06.12,clockwise90deg,RedRight,2,Alex,green,12,2,1,1,12.25,10.1538,0.219,0.135,0.5205,0.4575,1.269,-10.204,3,-98.7,3.5,-14.8,-0.31041,2.496,-0.05,1.645,-0.44837,2.3035,-0.185,1.4733,-0.4403,2.2993,-0.32557,2.4857,-0.066667,1.64,-0.31799,2.4705
19B301.06,19B301.06.22,clockwise90deg,RedRight,2,Alex,green,22,3,1,1,13.8182,11.0732,0.265,0.157,0.568,0.5025,-4.245,-4.582,-77.5,-15.5,-2,-9.2,1.0384,1.1208,1.2917,0.25833,0.86958,0.87301,1.1367,0.031667,0.85613,0.88059,1.0232,1.1105,1.275,0.25333,1.0274,1.1007
19B301.06,19B301.06.21,clockwise90deg,RedRight,2,Alex,green,21,4,1,1,12.0541,11.4324,0.207,0.186,0.508,0.4965,-3.526,-5.495,-67.9,-29.8,-1.3,-10.1,0.86249,1.3441,1.1317,0.49667,0.73847,1.2497,1.0167,0.42333,0.73383,1.2475,0.84733,1.3339,1.115,0.49167,0.85613,1.3209
19B301.06,19B301.06.31,clockwise90deg,RedRight,2,Alex,green,31,5,1,1,11.1714,11.9512,0.198,0.201,0.476,0.521,1.758,-7.515,9.9,-59.1,4,-12.1,-0.43002,1.8382,-0.165,0.985,-0.58486,1.747,-0.31667,0.925,-0.58706,1.7367,-0.44519,1.828,-0.18167,0.98,-0.4403,1.8101
19B301.06,19B301.06.32,clockwise90deg,RedRight,2,Alex,green,32,6,1,1,12.2432,11.3947,0.219,0.192,0.5305,0.507,-0.179,-9.23,-18.6,-84.2,2.1,-13.8,0.043785,2.2577,0.31,1.4033,-0.12646,2.0317,0.15667,1.195,-0.14677,2.0303,0.028619,2.2475,0.29333,1.3983,0.024461,2.2259
19B301.06,19B301.06.11,clockwise90deg,RedRight,3,Alex,red,11,1,1,1,16.24,15.6061,0.337,0.32,0.7445,0.671,-5.304,-1.005,-93.8,36.3,-3.1,-5.6,1.2974,0.24583,1.5633,-0.605,0.88499,-0.20865,1.1433,-1.0267,0.88059,-0.22015,1.2908,0.22235,1.555,-0.62833,1.2964,0.22015
19B301.06,19B301.06.12,clockwise90deg,RedRight,3,Alex,red,12,2,1,1,17.7333,16.2414,0.354,0.338,0.738,0.649,-2.302,-4.768,-49.3,-17.9,-0.1,-9.4,0.56309,1.1663,0.82167,0.29833,0.14359,0.692,0.395,-0.145,0.14677,0.6849,0.55649,1.1428,0.81333,0.275,0.5626,1.1497
19B301.06,19B301.06.22,clockwise90deg,RedRight,3,Alex,red,22,3,1,1,16.8929,15.8333,0.358,0.325,0.741,0.6515,-7.976,-0.229,-133.1,47.8,-5.7,-4.8,1.951,0.056015,2.2183,-0.79667,1.5149,-0.43834,1.7733,-1.265,1.4921,-0.4403,1.9444,0.032533,2.21,-0.82,1.9324,0.024461
19B301.06,19B301.06.21,clockwise90deg,RedRight,3,Alex,red,21,4,1,1,14.8485,15.5143,0.295,0.318,0.7065,0.659,-6.636,0.696,-112.8,61.8,-4.4,-3.9,1.6232,-0.17025,1.88,-1.03,1.1854,-0.63843,1.4383,-1.4783,1.1741,-0.63598,1.6166,-0.19373,1.8717,-1.0533,1.6144,-0.19569
19B301.06,19B301.06.31,clockwise90deg,RedRight,3,Alex,red,31,5,1,1,14.9355,16.4286,0.298,0.338,0.7195,0.7405,6.297,-7.093,76.6,-52.9,8.5,-11.7,-1.5403,1.735,-1.2767,0.88167,-1.9755,1.284,-1.71,0.465,-1.9813,1.272,-1.5469,1.7115,-1.285,0.85833,-1.541,1.7123
19B301.06,19B301.06.32,clockwise90deg,RedRight,3,Alex,red,32,6,1,1,12.8958,18.3103,0.23,0.383,0.664,0.6885,4.341,-9.312,48.5,-85,6.6,-13.9,-1.0618,2.2778,-0.80833,1.4167,-1.4889,1.7942,-1.235,0.97,-1.4921,1.7856,-1.0685,2.2543,-0.81667,1.3933,-1.0763,2.2504
19B301.06,19B301.06.11,clockwise90deg,RedRight,3,Alex,green,11,1,1,1,12.7,11.359,0.227,0.178,0.542,0.5055,-1.443,-7.944,-37.2,-64.9,0.8,-12.6,0.35297,1.9432,0.62,1.0817,0.25782,1.8211,0.53,0.98333,0.24461,1.8346,0.3378,1.9329,0.60333,1.0767,0.34245,1.9324
19B301.06,19B301.06.12,clockwise90deg,RedRight,3,Alex,green,12,2,1,1,12.2778,10.0769,0.219,0.13,0.524,0.454,1.072,-10.154,0.4,-98.2,3.3,-14.8,-0.26222,2.4838,-0.0066667,1.6367,-0.39211,2.2744,-0.13833,1.4617,-0.39137,2.2749,-0.27739,2.4735,-0.023333,1.6317,-0.26907,2.4705
19B301.06,19B301.06.22,clockwise90deg,RedRight,3,Alex,green,22,3,1,1,13.7742,10.9231,0.264,0.151,0.5625,0.504,-4.296,-4.52,-79.2,-14.6,-2.1,-9.1,1.0508,1.1056,1.32,0.24333,0.89087,0.89258,1.1517,0.073333,0.90505,0.88059,1.0357,1.0954,1.3033,0.23833,1.0518,1.0763
19B301.06,19B301.06.21,clockwise90deg,RedRight,3,Alex,green,21,4,1,1,12,11.0556,0.204,0.176,0.5055,0.4895,-3.567,-5.637,-68.3,-31.2,-1.3,-10.2,0.87252,1.3789,1.1383,0.52,0.76073,1.2751,1.025,0.43333,0.75829,1.272,0.85735,1.3686,1.1217,0.515,0.85613,1.3453
19B301.06,19B301.06.31,clockwise90deg,RedRight,3,Alex,green,31,5,1,1,11.6441,11.6383,0.18,0.194,0.5165,0.505,1.206,-8.08,2.6,-66.9,3.4,-12.7,-0.295,1.9764,-0.043333,1.115,-0.44837,1.871,-0.19,1.0383,-0.4403,1.8835,-0.31016,1.9662,-0.06,1.11,-0.29353,1.9569
19B301.06,19B301.06.32,clockwise90deg,RedRight,3,Alex,green,32,6,1,1,12.3784,11.6842,0.224,0.203,0.5355,0.516,-0.137,-9.246,-17.9,-84.5,2.1,-13.9,0.033511,2.2617,0.29833,1.4083,-0.13405,2.0552,0.12,1.235,-0.14677,2.0547,0.018346,2.2514,0.28167,1.4033,0.024461,2.2504
19B167.04,19B167.04.11,clockwise90deg,RedRight,1,Alex,red,11,1,1,1,19.1667,15.775,0.42,0.331,0.763,0.7005,11.541,-2.483,153.6,14.7,13.8,-7.1,-2.823,0.60736,-2.56,-0.245,-3.2396,0.15043,-2.98,-0.68833,-3.2533,0.14677,-2.8296,0.58388,-2.5683,-0.26833,-2.8375,0.58706
19B167.04,19B167.04.12,clockwise90deg,RedRight,1,Alex,red,12,2,1,1,16.8684,12.2083,0.367,0.188,0.573,0.6225,12.044,-14.793,161,-166.4,14.3,-19.4,-2.9461,3.6185,-2.6833,2.7733,-3.3827,3.0963,-3.1367,2.275,-3.4001,3.1065,-2.9527,3.595,-2.6917,2.75,-2.9598,3.5957
19B167.04,19B167.04.22,clockwise90deg,RedRight,1,Alex,red,22,3,1,1,19.2308,17.08,0.419,0.355,0.7685,0.6895,-7.099,-7.415,-119.6,-58.4,-4.9,-12,1.7365,1.8138,1.9933,0.97333,1.2067,1.3378,1.4633,0.525,1.223,1.3209,1.7299,1.7903,1.985,0.95,1.7367,1.7856
19B167.04,19B167.04.21,clockwise90deg,RedRight,1,Alex,red,21,4,1,1,19.08,17.6538,0.432,0.381,0.804,0.7715,-4.075,-1.315,-75.3,30.9,-1.8,-5.9,0.99678,0.32166,1.255,-0.515,0.5648,-0.102,0.81167,-0.92333,0.5626,-0.097844,0.99018,0.29818,1.2467,-0.53833,0.97844,0.29353
19B167.04,19B167.04.31,clockwise90deg,RedRight,1,Alex,red,31,5,1,1,18.1379,17.3214,0.414,0.377,0.7795,0.789,-4.035,1.232,-74.5,69.1,-1.8,-3.4,0.987,-0.30136,1.2417,-1.1517,0.46133,-0.72209,0.72,-1.5533,0.46476,-0.70937,0.98039,-0.32484,1.2333,-1.175,0.97844,-0.31799
19B167.04,19B167.04.32,clockwise90deg,RedRight,1,Alex,red,32,6,1,1,19.3462,17.4,0.436,0.382,0.792,0.809,-5.19,-18.543,-92.1,-221.3,-3,-23.2,1.2695,4.5358,1.535,3.6883,0.81406,4.0493,1.0733,3.2167,0.83167,4.0605,1.2629,4.5123,1.5267,3.665,1.272,4.5253
19B167.04,19B167.04.11,clockwise90deg,RedRight,1,Alex,green,11,1,1,1,16.2,8.8281,0.331,0.06,0.576,0.3875,16.4,3.354,225.3,100.5,18.6,-1.3,-4.0116,-0.82042,-3.755,-1.675,-4.206,-1.0494,-3.96,-1.8867,-4.2073,-1.0274,-4.0267,-0.83069,-3.7717,-1.68,-4.0116,-0.83167
19B167.04,19B167.04.12,clockwise90deg,RedRight,1,Alex,green,12,2,1,1,5.3333,7.2778,0.077,0.049,0.109,0.284,13.106,-14.436,176.5,-160.9,15.3,-19,-3.2058,3.5312,-2.9417,2.6817,-3.4324,3.142,-3.175,2.3167,-3.4245,3.131,-3.221,3.5209,-2.9583,2.6767,-3.2044,3.4979
19B167.04,19B167.04.22,clockwise90deg,RedRight,1,Alex,green,22,3,1,1,14.8519,13.5714,0.296,0.27,0.5875,0.476,-9.181,-6.455,-150.4,-43.6,-7,-11.1,2.2458,1.579,2.5067,0.72667,1.9119,1.2086,2.1683,0.38333,1.9324,1.223,2.2306,1.5687,2.49,0.72167,2.2504,1.5655
19B167.04,19B167.04.21,clockwise90deg,RedRight,1,Alex,green,21,4,1,1,16.2692,12.4857,0.336,0.224,0.627,0.5375,-5.035,1.968,-89.7,79.8,-2.8,-2.6,1.2316,-0.48139,1.495,-1.33,0.96351,-0.68246,1.225,-1.51,0.95397,-0.6849,1.2164,-0.49166,1.4783,-1.335,1.223,-0.51368
19B167.04,19B167.04.31,clockwise90deg,RedRight,1,Alex,green,31,5,1,1,12.3333,8.92,0.202,0.11,0.547,0.409,-4.441,4.85,-81,122.2,-2.2,0.2,1.0863,-1.1864,1.35,-2.0367,0.76832,-1.3904,1.035,-2.225,0.75829,-1.3698,1.0711,-1.1966,1.3333,-2.0417,1.0763,-1.1986
19B167.04,19B167.04.32,clockwise90deg,RedRight,1,Alex,green,32,6,1,1,13.3488,10,0.238,0.16,0.6055,0.483,-6.131,-22.429,-105.4,-277.8,-3.9,-27,1.4997,5.4863,1.7567,4.63,1.169,5.1238,1.4083,4.2967,1.1741,5.1123,1.4845,5.4761,1.74,4.625,1.4921,5.4548
19B167.04,19B167.04.11,clockwise90deg,RedRight,2,Alex,red,11,1,1,1,20.0417,15.95,0.442,0.338,0.791,0.7035,11.971,-3.003,160,7.9,14.2,-7.6,-2.9282,0.73456,-2.6667,-0.13167,-3.3536,0.25439,-3.0883,-0.575,-3.3511,0.24461,-2.9348,0.71108,-2.675,-0.155,-2.9353,0.70937
19B167.04,19B167.04.12,clockwise90deg,RedRight,2,Alex,red,12,2,1,1,16.725,11.6939,0.365,0.165,0.573,0.592,12.074,-15.561,160.7,-178,14.3,-20.2,-2.9534,3.8064,-2.6783,2.9667,-3.3661,3.2457,-3.0883,2.4317,-3.3756,3.2533,-2.96,3.7829,-2.6867,2.9433,-2.9598,3.7914
19B167.04,19B167.04.22,clockwise90deg,RedRight,2,Alex,red,22,3,1,1,19.3929,16.8889,0.426,0.352,0.772,0.6915,-6.648,-7.625,-113.3,-60.7,-4.4,-12.2,1.6262,1.8651,1.8883,1.0117,1.0814,1.3615,1.3317,0.54,1.0763,1.3453,1.6196,1.8417,1.88,0.98833,1.6144,1.8346
19B167.04,19B167.04.21,clockwise90deg,RedRight,2,Alex,red,21,4,1,1,19.2692,17.6538,0.435,0.378,0.796,0.7645,-3.423,-1.467,-65.2,29.2,-1.2,-6.1,0.8373,0.35884,1.0867,-0.48667,0.40214,-0.079498,0.645,-0.90167,0.41584,-0.073383,0.83069,0.33536,1.0783,-0.51,0.83167,0.34245
19B167.04,19B167.04.31,clockwise90deg,RedRight,2,Alex,red,31,5,1,1,17.7714,17.0938,0.405,0.377,0.772,0.7885,-4.019,1.309,-74.5,70.9,-1.8,-3.3,0.98308,-0.32019,1.2417,-1.1817,0.47919,-0.74581,0.73333,-1.5817,0.48922,-0.75829,0.97648,-0.34368,1.2333,-1.205,0.97844,-0.34245
19B167.04,19B167.04.32,clockwise90deg,RedRight,2,Alex,red,32,6,1,1,18.8519,16.5455,0.421,0.358,0.7915,0.825,-5.166,-18.406,-90.7,-219.2,-2.9,-23,1.2636,4.5023,1.5117,3.6533,0.79987,3.9979,1.0383,3.1733,0.78275,3.9871,1.257,4.4788,1.5033,3.63,1.2475,4.4763
19B167.04,19B167.04.11,clockwise90deg,RedRight,2,Alex,green,11,1,1,1,16.16,9,0.332,0.075,0.5725,0.3965,18.516,2.733,255.6,91.7,20.7,-1.9,-4.5292,-0.66852,-4.26,-1.5283,-4.7229,-0.90041,-4.4617,-1.7367,-4.7209,-0.90505,-4.5443,-0.67879,-4.2767,-1.5333,-4.5253,-0.6849
19B167.04,19B167.04.12,clockwise90deg,RedRight,2,Alex,green,12,2,1,1,5.3913,7.3425,0.078,0.049,0.1205,0.2885,13.021,-14.941,175.6,-168,15.3,-19.6,-3.1851,3.6547,-2.9267,2.8,-3.4047,3.2538,-3.1517,2.4217,-3.4245,3.2533,-3.2002,3.6444,-2.9433,2.795,-3.2044,3.6447
19B167.04,19B167.04.22,clockwise90deg,RedRight,2,Alex,green,22,3,1,1,14.9231,13.9545,0.298,0.278,0.59,0.4835,-9.274,-6.51,-151.8,-44.9,-7,-11.1,2.2685,1.5924,2.53,0.74833,1.9329,1.2027,2.185,0.39333,1.9324,1.1986,2.2533,1.5821,2.5133,0.74333,2.2504,1.5655
19B167.04,19B167.04.21,clockwise90deg,RedRight,2,Alex,green,21,4,1,1,16.1538,12.3333,0.332,0.222,0.6275,0.5335,-4.942,1.867,-88.1,78.6,-2.7,-2.7,1.2089,-0.45668,1.4683,-1.31,0.93392,-0.66656,1.1967,-1.4883,0.92951,-0.6849,1.1937,-0.46696,1.4517,-1.315,1.1986,-0.48922
19B167.04,19B167.04.31,clockwise90deg,RedRight,2,Alex,green,31,5,1,1,12.2195,8.7468,0.198,0.094,0.542,0.401,-4.766,5.753,-84.9,136.1,-2.5,1.1,1.1658,-1.4072,1.415,-2.2683,0.85222,-1.622,1.09,-2.45,0.83167,-1.6144,1.1506,-1.4175,1.3983,-2.2733,1.1497,-1.4187
19B167.04,19B167.04.32,clockwise90deg,RedRight,2,Alex,green,32,6,1,1,13.5385,9.9839,0.251,0.136,0.6065,0.484,-4.787,-22.022,-86.6,-272.2,-2.6,-26.6,1.1709,5.3868,1.4433,4.5367,0.85515,5.0015,1.12,4.185,0.85613,4.99,1.1558,5.3765,1.4267,4.5317,1.1741,5.3569
19B167.04,19B167.04.11,clockwise90deg,RedRight,3,Alex,red,11,1,1,1,19.2083,15.814,0.42,0.335,0.7585,0.699,11.905,-2.516,158.6,14.1,14.1,-7.1,-2.9121,0.61544,-2.6433,-0.235,-3.3274,0.15435,-3.075,-0.67333,-3.3267,0.14677,-2.9187,0.59195,-2.6517,-0.25833,-2.9108,0.58706
19B167.04,19B167.04.12,clockwise90deg,RedRight,3,Alex,red,12,2,1,1,16.675,12.0444,0.364,0.184,0.567,0.6155,11.681,-15.237,156.2,-172.7,13.9,-19.8,-2.8573,3.7271,-2.6033,2.8783,-3.2648,3.1948,-3.03,2.3767,-3.2533,3.1799,-2.8639,3.7036,-2.6117,2.855,-2.8619,3.6936
19B167.04,19B167.04.22,clockwise90deg,RedRight,3,Alex,red,22,3,1,1,19.5385,17.7037,0.427,0.374,0.7715,0.7035,-7.028,-7.424,-119.6,-57.7,-4.8,-12,1.7191,1.816,1.9933,0.96167,1.2042,1.3378,1.4883,0.51667,1.1986,1.3209,1.7125,1.7925,1.985,0.93833,1.7123,1.7856
19B167.04,19B167.04.21,clockwise90deg,RedRight,3,Alex,red,21,4,1,1,19.32,17.5556,0.434,0.378,0.796,0.778,-3.93,-1.262,-72.9,32,-1.7,-5.9,0.96131,0.3087,1.215,-0.53333,0.52175,-0.12548,0.77833,-0.93833,0.51368,-0.1223,0.95471,0.28521,1.2067,-0.55667,0.95397,0.29353
19B167.04,19B167.04.31,clockwise90deg,RedRight,3,Alex,red,31,5,1,1,19.6,19.1111,0.442,0.432,0.788,0.7925,-3.507,0.881,-66.1,64.5,-1.3,-3.7,0.85784,-0.2155,1.1017,-1.075,0.363,-0.63598,0.60667,-1.4633,0.36691,-0.63598,0.85124,-0.23898,1.0933,-1.0983,0.85613,-0.24461
19B167.04,19B167.04.32,clockwise90deg,RedRight,3,Alex,red,32,6,1,1,20.1364,18.3846,0.453,0.413,0.8105,0.829,-4.827,-18.619,-85.8,-222.2,-2.6,-23.2,1.1807,4.5544,1.43,3.7033,0.73236,4.0666,0.99,3.2367,0.73383,4.0605,1.1741,4.5309,1.4217,3.68,1.1741,4.5253
19B167.04,19B167.04.11,clockwise90deg,RedRight,3,Alex,green,11,1,1,1,16.2222,8.7727,0.335,0.057,0.5805,0.3855,16.856,3.221,232.4,98,19.1,-1.4,-4.1231,-0.78789,-3.8733,-1.6333,-4.3173,-1.0198,-4.08,-1.8267,-4.3296,-1.0274,-4.1383,-0.79816,-3.89,-1.6383,-4.1339,-0.80721
19B167.04,19B167.04.12,clockwise90deg,RedRight,3,Alex,green,12,2,1,1,5.3043,7.2817,0.076,0.056,0.1105,0.2845,12.757,-20.371,171,-248,15,-25,-3.1205,4.9829,-2.85,4.1333,-3.3414,4.5869,-3.0683,3.7617,-3.3511,4.5986,-3.1356,4.9727,-2.8667,4.1283,-3.131,4.9656
19B167.04,19B167.04.22,clockwise90deg,RedRight,3,Alex,green,22,3,1,1,15.16,14.0435,0.304,0.278,0.593,0.49,-9.269,-6.44,-151.7,-43.2,-7,-11.1,2.2673,1.5753,2.5283,0.72,1.9128,1.2226,2.1717,0.405,1.9079,1.223,2.2521,1.565,2.5117,0.715,2.2504,1.5655
19B167.04,19B167.04.21,clockwise90deg,RedRight,3,Alex,green,21,4,1,1,15.4688,12.0909,0.315,0.21,0.5985,0.5335,-5.213,1.807,-92.6,77.2,-3,-2.8,1.2751,-0.44201,1.5433,-1.2867,0.98773,-0.64577,1.2583,-1.4567,1.0029,-0.63598,1.26,-0.45228,1.5267,-1.2917,1.272,-0.46476
19B167.04,19B167.04.31,clockwise90deg,RedRight,3,Alex,green,31,5,1,1,12.825,10.1224,0.226,0.153,0.552,0.463,-3.944,4.412,-72.6,115.3,-1.7,-0.2,0.96474,-1.0792,1.21,-1.9217,0.64528,-1.2842,0.87667,-2.095,0.63598,-1.272,0.94957,-1.0895,1.1933,-1.9267,0.95397,-1.1007
19B167.04,19B167.04.32,clockwise90deg,RedRight,3,Alex,green,32,6,1,1,14.0909,10.6981,0.27,0.173,0.6025,0.501,-4.242,-22.18,-77.6,-275.2,-2,-26.8,1.0376,5.4254,1.2933,4.5867,0.7145,5.046,0.96833,4.235,0.70937,5.0389,1.0225,5.4151,1.2767,4.5817,1.0274,5.4059
19B302.18,19B302.18.11,clockwise90deg,BlueRight,1,Alex,blue,11,1,1,1,18,21.6667,0.388,0.464,0.679,0.722,-0.357,-10.125,-20.5,-98,1.9,-14.7,0.087325,2.4767,0.34167,1.6333,-0.075584,2.2846,0.15833,1.4733,-0.073383,2.2749,0.095887,2.4842,0.34,1.6567,0.097844,2.4705
19B302.18,19B302.18.12,clockwise90deg,BlueRight,1,Alex,blue,12,2,1,1,16.5172,23,0.344,0.507,0.6345,0.742,0.804,-9.163,-3.9,-83,3,-13.8,-0.19667,2.2414,0.065,1.3833,-0.36496,2.0219,-0.105,1.1867,-0.36691,2.0303,-0.1881,2.2489,0.063333,1.4067,-0.17123,2.2504
19B302.18,19B302.18.22,clockwise90deg,BlueRight,1,Alex,blue,22,3,1,1,17.5862,21.8095,0.375,0.473,0.6635,0.7145,-2.435,-8.562,-51.2,-74.6,-0.2,-13.2,0.59562,2.0943,0.85333,1.2433,0.41192,1.8632,0.655,1.0467,0.41584,1.859,0.60418,2.1019,0.85167,1.2667,0.61152,2.1036
19B302.18,19B302.18.21,clockwise90deg,BlueRight,1,Alex,blue,21,4,1,1,17.1034,21,0.359,0.438,0.644,0.6775,-1.017,-9.116,-30.3,-82.3,1.2,-13.7,0.24877,2.2299,0.505,1.3717,0.082922,2.0601,0.335,1.2333,0.097844,2.0547,0.25733,2.2374,0.50333,1.395,0.26907,2.2259
19B302.18,19B302.18.31,clockwise90deg,BlueRight,1,Alex,blue,31,5,1,1,20.625,22.7,0.433,0.485,0.696,0.7335,-0.097,-8.26,-17.2,-70.3,2.1,-12.9,0.023727,2.0205,0.28667,1.1717,-0.18174,1.8135,0.081667,1.0033,-0.17123,1.8101,0.032288,2.0281,0.285,1.195,0.048922,2.0303
19B302.18,19B302.18.32,clockwise90deg,BlueRight,1,Alex,blue,32,6,1,1,7.4615,6.9718,0.096,0.093,0.298,0.2725,1.404,-7.663,5.6,-62.2,3.6,-12.3,-0.34343,1.8744,-0.093333,1.0367,-0.54548,1.6381,-0.30333,0.83833,-0.53814,1.6389,-0.33487,1.882,-0.095,1.06,-0.31799,1.8835
19B302.18,19B302.18.11,clockwise90deg,BlueRight,1,Alex,green,11,1,1,1,22.1667,25.9,0.49,0.553,0.756,0.781,0.067,-13.54,-15.4,-147.4,2.3,-18.2,-0.016389,3.312,0.25667,2.4567,-0.23091,3.0583,0.033333,2.2267,-0.22015,3.0821,-0.031555,3.3017,0.24,2.4517,-0.024461,3.3022
19B302.18,19B302.18.12,clockwise90deg,BlueRight,1,Alex,green,12,2,1,1,21.1,25.4545,0.468,0.548,0.725,0.7845,1.003,-10.875,-1.6,-109.3,3.2,-15.5,-0.24534,2.6601,0.026667,1.8217,-0.44299,2.3098,-0.18,1.5117,-0.4403,2.3238,-0.26051,2.6498,0.01,1.8167,-0.24461,2.6418
19B302.18,19B302.18.22,clockwise90deg,BlueRight,1,Alex,green,22,3,1,1,20.8095,24.85,0.462,0.548,0.7265,0.7605,-1.53,-11.621,-38.4,-119.3,0.7,-16.2,0.37425,2.8426,0.64,1.9883,0.15582,2.4319,0.41833,1.6017,0.14677,2.4216,0.35909,2.8323,0.62333,1.9833,0.36691,2.813
19B302.18,19B302.18.21,clockwise90deg,BlueRight,1,Alex,green,21,4,1,1,21.7273,25.35,0.478,0.542,0.741,0.7635,-0.206,-11.646,-18.8,-119.9,2,-16.3,0.050389,2.8487,0.31333,1.9983,-0.15386,2.609,0.105,1.7967,-0.14677,2.6173,0.035224,2.8384,0.29667,1.9933,0.048922,2.8375
19B302.18,19B302.18.31,clockwise90deg,BlueRight,1,Alex,green,31,5,1,1,21.0909,24.9048,0.471,0.545,0.7455,0.777,-1.289,-9.415,-34.3,-86.4,0.9,-14,0.3153,2.303,0.57167,1.44,0.053814,2.0603,0.30667,1.2333,0.073383,2.0547,0.30014,2.2927,0.555,1.435,0.31799,2.2749
19B302.18,19B302.18.32,clockwise90deg,BlueRight,1,Alex,green,32,6,1,1,12.3333,12,0.236,0.226,0.4665,0.4805,0.962,-8.549,-1.8,-74,3.2,-13.2,-0.23531,2.0912,0.03,1.2333,-0.47821,1.7181,-0.21833,0.88667,-0.48922,1.7367,-0.25048,2.0809,0.013333,1.2283,-0.24461,2.0792
19B302.18,19B302.18.11,clockwise90deg,BlueRight,2,Alex,blue,11,1,1,1,18.1923,21.75,0.392,0.465,0.684,0.7225,-0.344,-10.097,-21,-96.4,1.9,-14.7,0.084145,2.4698,0.35,1.6067,-0.092951,2.28,0.16833,1.45,-0.097844,2.2749,0.092707,2.4774,0.34833,1.63,0.097844,2.4705
19B302.18,19B302.18.12,clockwise90deg,BlueRight,2,Alex,blue,12,2,1,1,17.3478,22.0714,0.35,0.461,0.659,0.732,0.916,-9.109,-2.4,-82.7,3.1,-13.7,-0.22406,2.2281,0.04,1.3783,-0.39162,2.0158,-0.14167,1.1983,-0.39137,2.0058,-0.2155,2.2357,0.038333,1.4017,-0.19569,2.2259
19B302.18,19B302.18.22,clockwise90deg,BlueRight,2,Alex,blue,22,3,1,1,18.0385,21.2632,0.38,0.464,0.648,0.7095,-2.443,-8.64,-51.8,-75.3,-0.2,-13.3,0.59758,2.1134,0.86333,1.255,0.40214,1.8869,0.665,1.065,0.39137,1.9079,0.60614,2.121,0.86167,1.2783,0.61152,2.1281
19B302.18,19B302.18.21,clockwise90deg,BlueRight,2,Alex,blue,21,4,1,1,17.1429,20.9375,0.36,0.431,0.6475,0.6735,-0.966,-9.285,-29.7,-84.5,1.3,-13.9,0.23629,2.2712,0.495,1.4083,0.063109,2.0987,0.30167,1.2683,0.048922,2.1036,0.24485,2.2788,0.49333,1.4317,0.24461,2.2749
19B302.18,19B302.18.31,clockwise90deg,BlueRight,2,Alex,blue,31,5,1,1,20.0769,23.4706,0.44,0.501,0.705,0.7485,-0.043,-8.144,-16.7,-68.6,2.2,-12.8,0.010518,1.9921,0.27833,1.1433,-0.19593,1.7896,0.068333,0.96333,-0.19569,1.8101,0.019079,1.9997,0.27667,1.1667,0.024461,2.0058
19B302.18,19B302.18.32,clockwise90deg,BlueRight,2,Alex,blue,32,6,1,1,7.6471,6.9722,0.103,0.082,0.3075,0.272,1.694,-7.583,9.1,-59.7,3.9,-12.2,-0.41437,1.8549,-0.15167,0.995,-0.59954,1.6377,-0.34333,0.795,-0.58706,1.6389,-0.40581,1.8625,-0.15333,1.0183,-0.39137,1.859
19B302.18,19B302.18.11,clockwise90deg,BlueRight,2,Alex,green,11,1,1,1,22.375,25.8,0.497,0.551,0.7635,0.7795,0.141,-13.57,-13.6,-147.8,2.4,-18.2,-0.03449,3.3193,0.22667,2.4633,-0.24339,3.0782,0.0066667,2.2467,-0.24461,3.0821,-0.049656,3.3091,0.21,2.4583,-0.048922,3.3022
19B302.18,19B302.18.12,clockwise90deg,BlueRight,2,Alex,green,12,2,1,1,21.7083,25.45,0.475,0.554,0.727,0.7885,0.88,-10.605,-3.2,-104.8,3.1,-15.2,-0.21526,2.5941,0.053333,1.7467,-0.40801,2.2746,-0.15167,1.4567,-0.41584,2.2749,-0.23042,2.5838,0.036667,1.7417,-0.22015,2.5684
19B302.18,19B302.18.22,clockwise90deg,BlueRight,2,Alex,green,22,3,1,1,21.5714,25.1053,0.474,0.549,0.7315,0.7605,-1.506,-11.596,-37.7,-119.1,0.7,-16.2,0.36838,2.8365,0.62833,1.985,0.1294,2.475,0.37667,1.6517,0.14677,2.4705,0.35322,2.8262,0.61167,1.98,0.36691,2.813
19B302.18,19B302.18.21,clockwise90deg,BlueRight,2,Alex,green,21,4,1,1,22.381,25.3158,0.49,0.534,0.749,0.76,-0.216,-11.578,-18.9,-119.2,2,-16.2,0.052836,2.8321,0.315,1.9867,-0.16584,2.596,0.096667,1.7867,-0.17123,2.5929,0.03767,2.8218,0.29833,1.9817,0.048922,2.813
19B302.18,19B302.18.31,clockwise90deg,BlueRight,2,Alex,green,31,5,1,1,21.7273,25.5556,0.486,0.557,0.765,0.7845,-1.252,-9.403,-33.6,-87.2,1,-14,0.30625,2.3001,0.56,1.4533,0.031065,2.0625,0.27833,1.2467,0.024461,2.0547,0.29108,2.2898,0.54333,1.4483,0.29353,2.2749
19B302.18,19B302.18.32,clockwise90deg,BlueRight,2,Alex,green,32,6,1,1,12.7,11.2857,0.243,0.19,0.4855,0.465,1.22,-8.378,1.7,-72,3.4,-13,-0.29842,2.0493,-0.028333,1.2,-0.5489,1.6934,-0.27,0.88,-0.53814,1.6878,-0.31359,2.0391,-0.045,1.195,-0.29353,2.0303
19B302.18,19B302.18.11,clockwise90deg,BlueRight,3,Alex,blue,11,1,1,1,18.2593,21.7368,0.4,0.465,0.6935,0.72,-0.269,-10.125,-19.5,-97.1,2,-14.7,0.0658,2.4767,0.325,1.6183,-0.10445,2.2795,0.14167,1.45,-0.1223,2.2749,0.074361,2.4842,0.32333,1.6417,0.073383,2.4705
19B302.18,19B302.18.12,clockwise90deg,BlueRight,3,Alex,blue,12,2,1,1,17.4074,22.5556,0.364,0.483,0.6475,0.736,0.889,-8.975,-3.3,-80.9,3.1,-13.6,-0.21746,2.1954,0.055,1.3483,-0.3811,1.9928,-0.12333,1.17,-0.36691,2.0058,-0.2089,2.2029,0.053333,1.3717,-0.19569,2.2015
19B302.18,19B302.18.22,clockwise90deg,BlueRight,3,Alex,blue,22,3,1,1,17.9231,21.5,0.384,0.469,0.68,0.72,-2.476,-8.842,-52.7,-78.3,-0.2,-13.5,0.60565,2.1628,0.87833,1.305,0.42195,1.9385,0.68,1.1033,0.41584,1.9569,0.61421,2.1704,0.87667,1.3283,0.61152,2.177
19B302.18,19B302.18.21,clockwise90deg,BlueRight,3,Alex,blue,21,4,1,1,17.3846,21.0588,0.365,0.433,0.645,0.6755,-0.969,-9.168,-29.9,-83.1,1.3,-13.8,0.23703,2.2426,0.49833,1.385,0.070203,2.0674,0.31833,1.24,0.048922,2.0792,0.24559,2.2502,0.49667,1.4083,0.24461,2.2504
19B302.18,19B302.18.31,clockwise90deg,BlueRight,3,Alex,blue,31,5,1,1,20.4762,22.95,0.443,0.503,0.7055,0.745,-0.074,-8.013,-17.3,-66.5,2.2,-12.6,0.018101,1.9601,0.28833,1.1083,-0.17416,1.7688,0.076667,0.945,-0.19569,1.7612,0.026662,1.9676,0.28667,1.1317,0.024461,1.9569
19B302.18,19B302.18.32,clockwise90deg,BlueRight,3,Alex,blue,32,6,1,1,7.6667,6.9437,0.1,0.084,0.3085,0.271,1.906,-7.792,12.4,-63.3,4.1,-12.4,-0.46622,1.906,-0.20667,1.055,-0.65751,1.6739,-0.40667,0.85167,-0.66044,1.6633,-0.45766,1.9136,-0.20833,1.0783,-0.4403,1.9079
19B302.18,19B302.18.11,clockwise90deg,BlueRight,3,Alex,green,11,1,1,1,22.3913,26,0.495,0.556,0.755,0.78,0.177,-13.531,-12.8,-147.7,2.4,-18.1,-0.043296,3.3098,0.21333,2.4617,-0.26858,3.0488,-0.035,2.2283,-0.26907,3.0331,-0.058462,3.2995,0.19667,2.4567,-0.048922,3.2778
19B302.18,19B302.18.12,clockwise90deg,BlueRight,3,Alex,green,12,2,1,1,21.8571,25.7,0.476,0.554,0.73,0.791,0.903,-10.583,-1.9,-103.6,3.1,-15.2,-0.22088,2.5887,0.031667,1.7267,-0.40923,2.2673,-0.15667,1.4217,-0.39137,2.2749,-0.23605,2.5784,0.015,1.7217,-0.22015,2.5684
19B302.18,19B302.18.22,clockwise90deg,BlueRight,3,Alex,green,22,3,1,1,22,25.3158,0.48,0.553,0.7385,0.7665,-1.589,-11.71,-39.5,-120.6,0.6,-16.3,0.38868,2.8644,0.65833,2.01,0.16364,2.4742,0.41833,1.66,0.17123,2.4705,0.37352,2.8541,0.64167,2.005,0.39137,2.8375
19B302.18,19B302.18.21,clockwise90deg,BlueRight,3,Alex,green,21,4,1,1,22.75,25.381,0.498,0.542,0.754,0.763,-0.141,-11.503,-18.1,-117.5,2.1,-16.1,0.03449,2.8137,0.30167,1.9583,-0.17123,2.575,0.091667,1.745,-0.17123,2.5684,0.019324,2.8035,0.285,1.9533,0.024461,2.7885
19B302.18,19B302.18.31,clockwise90deg,BlueRight,3,Alex,green,31,5,1,1,22.3333,25.4286,0.499,0.552,0.7735,0.7815,-1.321,-9.503,-35.3,-88.3,0.9,-14.1,0.32313,2.3245,0.58833,1.4717,0.071915,2.053,0.32167,1.2283,0.073383,2.0547,0.30796,2.3142,0.57167,1.4667,0.31799,2.2993
19B302.18,19B302.18.32,clockwise90deg,BlueRight,3,Alex,green,32,6,1,1,12.5161,11.4242,0.239,0.198,0.4815,0.4695,1.239,-8.317,2.6,-70.8,3.5,-12.9,-0.30307,2.0344,-0.043333,1.18,-0.54303,1.6856,-0.30167,0.86,-0.5626,1.6878,-0.31824,2.0241,-0.06,1.175,-0.31799,2.0058
19B251.13,19B251.13.11,clockwise90deg,BlueRight,1,Alex,blue,11,1,1,1,16.4286,20.45,0.343,0.433,0.6515,0.694,14.005,2.169,189.7,83.1,16.2,-2.4,-3.4257,-0.53056,-3.1617,-1.385,-3.5503,-0.6805,-3.2967,-1.5167,-3.5468,-0.6849,-3.4172,-0.52297,-3.1633,-1.3617,-3.4001,-0.53814
19B251.13,19B251.13.12,clockwise90deg,BlueRight,1,Alex,blue,12,2,1,1,17.2963,20.375,0.367,0.431,0.65,0.6965,11.849,-13.946,157.8,-153.3,14.1,-18.6,-2.8984,3.4113,-2.63,2.555,-3.0427,3.2105,-2.79,2.3833,-3.0576,3.2288,-2.8898,3.4189,-2.6317,2.5783,-2.8864,3.4245
19B251.13,19B251.13.22,clockwise90deg,BlueRight,1,Alex,blue,22,3,1,1,17.36,20,0.369,0.429,0.66,0.706,-6.51,-13.655,-111,-149.5,-4.3,-18.3,1.5924,3.3401,1.85,2.4917,1.4224,3.1354,1.6633,2.32,1.4187,3.1555,1.601,3.3477,1.8483,2.515,1.6144,3.3511
19B251.13,19B251.13.21,clockwise90deg,BlueRight,1,Alex,blue,21,4,1,1,16.0333,21.4737,0.336,0.461,0.627,0.709,-2.015,1.729,-45.6,76.5,0.2,-2.9,0.49289,-0.42293,0.76,-1.275,0.3471,-0.57385,0.595,-1.3833,0.34245,-0.5626,0.50145,-0.41535,0.75833,-1.2517,0.51368,-0.41584
19B251.13,19B251.13.31,clockwise90deg,BlueRight,1,Alex,blue,31,5,1,1,6.8942,5.7724,0.037,0.057,0.2495,0.137,-13.352,0.4,-211.3,57.2,-11.1,-4.2,3.266,-0.097844,3.5217,-0.95333,3.0948,-0.24779,3.3383,-1.0817,3.0821,-0.24461,3.2746,-0.090261,3.52,-0.93,3.2778,-0.097844
19B251.13,19B251.13.32,clockwise90deg,BlueRight,1,Alex,blue,32,6,1,1,16.6923,14.0278,0.348,0.265,0.6575,0.6175,-7.488,-20.076,-126,-244,-5.3,-24.7,1.8316,4.9108,2.1,4.0667,1.6472,4.6948,1.8983,3.8617,1.6633,4.6965,1.8402,4.9183,2.0983,4.09,1.859,4.9166
19B251.13,19B251.13.11,clockwise90deg,BlueRight,1,Alex,green,11,1,1,1,21.16,22.375,0.475,0.488,0.749,0.7475,8.583,-6.002,110.1,-37,10.8,-10.6,-2.0995,1.4681,-1.835,0.61667,-2.292,1.2438,-2.0317,0.41833,-2.2993,1.2475,-2.1146,1.4579,-1.8517,0.61167,-2.1036,1.4432
19B251.13,19B251.13.12,clockwise90deg,BlueRight,1,Alex,green,12,2,1,1,21.85,23.0435,0.472,0.508,0.7305,0.762,7.272,-15.35,91.1,-174,9.5,-20,-1.7788,3.7547,-1.5183,2.9,-1.9674,3.3668,-1.7267,2.5333,-1.9569,3.3756,-1.794,3.7445,-1.535,2.895,-1.7856,3.7425
19B251.13,19B251.13.22,clockwise90deg,BlueRight,1,Alex,green,22,3,1,1,22.3182,24.3889,0.484,0.524,0.746,0.7645,-4.978,-17.013,-88.7,-198.9,-2.7,-21.6,1.2177,4.1615,1.4783,3.315,0.97036,3.7973,1.2333,2.9783,0.95397,3.7914,1.2025,4.1513,1.4617,3.31,1.1986,4.1339
19B251.13,19B251.13.21,clockwise90deg,BlueRight,1,Alex,green,21,4,1,1,21.125,24.5217,0.469,0.543,0.7435,0.765,-1.385,-5.302,-36.1,-27.3,0.8,-9.9,0.33878,1.2969,0.60167,0.455,0.10958,1.0511,0.375,0.235,0.1223,1.0518,0.32362,1.2866,0.585,0.45,0.34245,1.272
19B251.13,19B251.13.31,clockwise90deg,BlueRight,1,Alex,green,31,5,1,1,16,18,0.321,0.336,0.612,0.5585,-8.66,-6.067,-143.1,-37.9,-6.4,-10.7,2.1183,1.484,2.385,0.63167,1.8253,1.2363,2.0883,0.41833,1.8101,1.2475,2.1031,1.4738,2.3683,0.62667,2.1036,1.4677
19B251.13,19B251.13.32,clockwise90deg,BlueRight,1,Alex,green,32,6,1,1,19.2,19.5238,0.421,0.414,0.721,0.7055,-5.8,-20.01,-100.9,-242,-3.6,-24.6,1.4187,4.8946,1.6817,4.0333,1.1286,4.5475,1.3783,3.7133,1.1252,4.5497,1.4036,4.8843,1.665,4.0283,1.4187,4.8677
19B251.13,19B251.13.11,clockwise90deg,BlueRight,2,Alex,blue,11,1,1,1,16.6207,20.9474,0.348,0.445,0.654,0.702,14.056,2.315,189.5,85.4,16.3,-2.3,-3.4382,-0.56627,-3.1583,-1.4233,-3.5605,-0.72453,-3.2817,-1.5483,-3.5713,-0.73383,-3.4297,-0.55869,-3.16,-1.4,-3.4245,-0.5626
19B251.13,19B251.13.12,clockwise90deg,BlueRight,2,Alex,blue,12,2,1,1,17.68,21.1765,0.376,0.446,0.6545,0.702,11.806,-13.953,157.1,-153.7,14,-18.6,-2.8879,3.413,-2.6183,2.5617,-3.0273,3.1985,-2.765,2.3767,-3.0087,3.2044,-2.8793,3.4206,-2.62,2.585,-2.8619,3.4245
19B251.13,19B251.13.22,clockwise90deg,BlueRight,2,Alex,blue,22,3,1,1,17.4231,20.2273,0.372,0.431,0.6615,0.707,-6.481,-13.66,-110.8,-149.4,-4.3,-18.3,1.5853,3.3414,1.8467,2.49,1.416,3.1288,1.655,2.3117,1.4187,3.131,1.5939,3.3489,1.845,2.5133,1.6144,3.3511
19B251.13,19B251.13.21,clockwise90deg,BlueRight,2,Alex,blue,21,4,1,1,16.2424,20.5,0.341,0.447,0.6335,0.702,-2.279,1.371,-49.6,71.2,0,-3.2,0.55746,-0.33536,0.82667,-1.1867,0.40336,-0.48995,0.66667,-1.3183,0.39137,-0.48922,0.56603,-0.32778,0.825,-1.1633,0.5626,-0.34245
19B251.13,19B251.13.31,clockwise90deg,BlueRight,2,Alex,blue,31,5,1,1,6.8942,5.8049,0.039,0.056,0.2495,0.141,-13.894,0.302,-219.7,55.6,-11.7,-4.3,3.3986,-0.073872,3.6617,-0.92667,3.2173,-0.24118,3.465,-1.0633,3.2288,-0.24461,3.4072,-0.066289,3.66,-0.90333,3.4245,-0.073383
19B251.13,19B251.13.32,clockwise90deg,BlueRight,2,Alex,blue,32,6,1,1,16.6154,14.0278,0.346,0.265,0.6555,0.616,-7.347,-20.005,-123.2,-242.5,-5.1,-24.6,1.7971,4.8934,2.0533,4.0417,1.6022,4.6737,1.8417,3.8517,1.59,4.672,1.8057,4.901,2.0517,4.065,1.8101,4.8922
19B251.13,19B251.13.11,clockwise90deg,BlueRight,2,Alex,green,11,1,1,1,21.2,22.3913,0.471,0.485,0.7495,0.748,8.585,-5.892,109.7,-35.6,10.8,-10.5,-2.1,1.4412,-1.8283,0.59333,-2.278,1.2189,-2.015,0.38333,-2.2749,1.223,-2.1151,1.431,-1.845,0.58833,-2.1036,1.4187
19B251.13,19B251.13.12,clockwise90deg,BlueRight,2,Alex,green,12,2,1,1,22.1818,23.2174,0.483,0.512,0.7375,0.7645,7.207,-15.362,89.8,-174.4,9.4,-20,-1.7629,3.7577,-1.4967,2.9067,-1.9503,3.3722,-1.68,2.5483,-1.9324,3.3756,-1.7781,3.7474,-1.5133,2.9017,-1.7612,3.7425
19B251.13,19B251.13.22,clockwise90deg,BlueRight,2,Alex,green,22,3,1,1,22.55,24.5789,0.487,0.527,0.7485,0.7675,-5.069,-17.047,-90.4,-198.6,-2.8,-21.7,1.2399,4.1698,1.5067,3.31,1.0019,3.7851,1.26,2.9483,1.0029,3.7914,1.2248,4.1596,1.49,3.305,1.223,4.1583
19B251.13,19B251.13.21,clockwise90deg,BlueRight,2,Alex,green,21,4,1,1,21.125,24.4091,0.464,0.543,0.7405,0.7645,-1.339,-5.289,-35.4,-25.7,0.9,-9.9,0.32753,1.2937,0.59,0.42833,0.11692,1.0655,0.36,0.235,0.1223,1.0763,0.31237,1.2835,0.57333,0.42333,0.31799,1.272
19B251.13,19B251.13.31,clockwise90deg,BlueRight,2,Alex,green,31,5,1,1,15.8,18.2,0.316,0.341,0.609,0.564,-8.526,-6.132,-140.7,-38.7,-6.3,-10.7,2.0855,1.4999,2.345,0.645,1.825,1.2791,2.075,0.43667,1.8346,1.272,2.0704,1.4897,2.3283,0.64,2.0792,1.4677
19B251.13,19B251.13.32,clockwise90deg,BlueRight,2,Alex,green,32,6,1,1,19.28,19.4286,0.418,0.41,0.7235,0.7045,-5.858,-20.1,-103,-244.1,-3.6,-24.7,1.4329,4.9166,1.7167,4.0683,1.1372,4.5483,1.4167,3.7317,1.1252,4.5497,1.4178,4.9064,1.7,4.0633,1.4187,4.8922
19B251.13,19B251.13.11,clockwise90deg,BlueRight,3,Alex,blue,11,1,1,1,16.6071,20.75,0.347,0.444,0.6535,0.701,14.088,2.284,191.3,84.4,16.3,-2.3,-3.446,-0.55869,-3.1883,-1.4067,-3.5686,-0.7079,-3.3183,-1.535,-3.5713,-0.70937,-3.4375,-0.5511,-3.19,-1.3833,-3.4245,-0.5626
19B251.13,19B251.13.12,clockwise90deg,BlueRight,3,Alex,blue,12,2,1,1,17.3077,20.6875,0.369,0.439,0.65,0.698,11.862,-13.962,157.5,-154.6,14.1,-18.6,-2.9016,3.4152,-2.625,2.5767,-3.0505,3.2115,-2.7967,2.3933,-3.0576,3.2288,-2.893,3.4228,-2.6267,2.6,-2.8864,3.4245
19B251.13,19B251.13.22,clockwise90deg,BlueRight,3,Alex,blue,22,3,1,1,17.52,20.1818,0.373,0.436,0.6615,0.7115,-6.509,-13.58,-111.8,-148.5,-4.3,-18.2,1.5922,3.3218,1.8633,2.475,1.4251,3.1195,1.6867,2.295,1.4187,3.131,1.6007,3.3294,1.8617,2.4983,1.6144,3.3267
19B251.13,19B251.13.21,clockwise90deg,BlueRight,3,Alex,blue,21,4,1,1,16.24,20.8,0.329,0.456,0.627,0.7055,-2.214,0.958,-48.7,65.5,0,-3.7,0.54156,-0.23434,0.81167,-1.0917,0.39089,-0.38648,0.66167,-1.2067,0.39137,-0.36691,0.55013,-0.22675,0.81,-1.0683,0.5626,-0.22015
19B251.13,19B251.13.31,clockwise90deg,BlueRight,3,Alex,blue,31,5,1,1,6.8762,5.7805,0.04,0.055,0.248,0.138,-13.248,0.292,-210.6,55.5,-11,-4.3,3.2406,-0.071426,3.51,-0.925,3.0603,-0.22577,3.3283,-1.0517,3.0576,-0.22015,3.2491,-0.063843,3.5083,-0.90167,3.2533,-0.073383
19B251.13,19B251.13.32,clockwise90deg,BlueRight,3,Alex,blue,32,6,1,1,16.7778,13.7949,0.353,0.257,0.666,0.6135,-7.264,-20.136,-122.6,-245,-5,-24.7,1.7768,4.9254,2.0433,4.0833,1.5997,4.7276,1.8467,3.8967,1.59,4.7209,1.7854,4.933,2.0417,4.1067,1.7856,4.9166
19B251.13,19B251.13.11,clockwise90deg,BlueRight,3,Alex,green,11,1,1,1,21.0833,22.625,0.471,0.488,0.7465,0.7515,8.523,-5.79,108.9,-33.6,10.8,-10.4,-2.0848,1.4163,-1.815,0.56,-2.2639,1.1947,-2.0067,0.36667,-2.2749,1.1986,-2.1,1.406,-1.8317,0.555,-2.1036,1.3943
19B251.13,19B251.13.12,clockwise90deg,BlueRight,3,Alex,green,12,2,1,1,21.9048,23.125,0.474,0.508,0.733,0.763,7.24,-15.197,90.4,-171.3,9.5,-19.8,-1.771,3.7173,-1.5067,2.855,-1.9596,3.3269,-1.69,2.4933,-1.9569,3.3267,-1.7861,3.707,-1.5233,2.85,-1.7856,3.6936
19B251.13,19B251.13.22,clockwise90deg,BlueRight,3,Alex,green,22,3,1,1,22.3636,24.5,0.482,0.526,0.7455,0.7635,-4.889,-17.017,-87.7,-198.6,-2.7,-21.6,1.1959,4.1625,1.4617,3.31,0.95202,3.8257,1.21,3.015,0.95397,3.8159,1.1807,4.1522,1.445,3.305,1.1986,4.1339
19B251.13,19B251.13.21,clockwise90deg,BlueRight,3,Alex,green,21,4,1,1,20.8462,24.5238,0.458,0.544,0.736,0.7655,-1.398,-5.275,-37.1,-26.3,0.8,-9.9,0.34196,1.2903,0.61833,0.43833,0.11521,1.0609,0.385,0.23,0.1223,1.0763,0.3268,1.28,0.60167,0.43333,0.34245,1.272
19B251.13,19B251.13.31,clockwise90deg,BlueRight,3,Alex,green,31,5,1,1,15.6667,17.8333,0.314,0.337,0.6055,0.5605,-8.533,-6.148,-141.1,-38.4,-6.3,-10.8,2.0872,1.5039,2.3517,0.64,1.8182,1.2937,2.0633,0.46667,1.8101,1.2964,2.0721,1.4936,2.335,0.635,2.0792,1.4921
19B251.13,19B251.13.32,clockwise90deg,BlueRight,3,Alex,green,32,6,1,1,19,18.8947,0.409,0.398,0.7075,0.6935,-5.781,-20.035,-101,-242.3,-3.6,-24.6,1.4141,4.9007,1.6833,4.0383,1.123,4.5446,1.375,3.7183,1.1252,4.5253,1.3989,4.8905,1.6667,4.0333,1.4187,4.8677
19B251.13,19B251.13.11,counterclockwise90deg,BlueRight,1,James,blue,11,1,1,1,16.875,19.8148,0.352,0.441,0.6685,0.6985,-12.235,-3.107,-172,-109.2,-10.1,-7.7,2.9928,0.76,2.8667,1.82,2.7257,0.40703,2.58,1.435,2.7396,0.39137,2.9977,0.77419,2.875,1.845,3.0087,0.75829
19B251.13,19B251.13.12,counterclockwise90deg,BlueRight,1,James,blue,12,2,1,1,18.48,20.6,0.41,0.436,0.6795,0.6985,-9.62,16.609,-134.1,180.3,-7.4,12,2.3531,-4.0627,2.235,-3.005,2.0956,-4.2325,1.95,-3.2183,2.0792,-4.2317,2.358,-4.0485,2.2433,-2.98,2.3482,-4.0605
19B251.13,19B251.13.22,counterclockwise90deg,BlueRight,1,James,blue,22,3,1,1,18,17.6667,0.388,0.384,0.69,0.691,6.781,16.336,107,176.7,9,11.7,-1.6587,-3.9959,-1.7833,-2.945,-1.8064,-4.1676,-1.9633,-3.155,-1.8101,-4.1583,-1.6538,-3.9817,-1.775,-2.92,-1.6633,-3.9871
19B251.13,19B251.13.21,counterclockwise90deg,BlueRight,1,James,blue,21,4,1,1,16.1724,19.7083,0.338,0.425,0.6435,0.6915,1.9,-1.505,34.7,-85.6,4.1,-6.1,-0.46476,0.36814,-0.57833,1.4267,-0.63182,0.136,-0.77333,1.145,-0.63598,0.1223,-0.45986,0.38232,-0.57,1.4517,-0.46476,0.36691
19B251.13,19B251.13.31,counterclockwise90deg,BlueRight,1,James,blue,31,5,1,1,7.3553,5.9431,0.047,0.084,0.289,0.155,14.126,-0.62,214.9,-71.7,16.3,-5.3,-3.4553,0.15166,-3.5817,1.195,-3.6165,-0.13405,-3.7733,0.865,-3.6202,-0.1223,-3.4505,0.16584,-3.5733,1.22,-3.449,0.17123
19B251.13,19B251.13.32,counterclockwise90deg,BlueRight,1,James,blue,32,6,1,1,17,16.0741,0.361,0.331,0.6685,0.6385,8.809,20.654,137.1,239.9,11,16,-2.1548,-5.0521,-2.285,-3.9983,-2.2866,-5.2192,-2.435,-4.2083,-2.2993,-5.2102,-2.1499,-5.038,-2.2767,-3.9733,-2.1526,-5.0389
19B251.13,19B251.13.11,counterclockwise90deg,BlueRight,1,James,green,11,1,1,1,19.8,21.68,0.438,0.48,0.7105,0.7495,-6.643,5.308,-90.5,14.4,-4.5,0.7,1.6249,-1.2984,1.5083,-0.24,1.4026,-1.5626,1.2667,-0.54,1.4187,-1.5655,1.6176,-1.2986,1.5083,-0.24,1.6144,-1.2964
19B251.13,19B251.13.12,counterclockwise90deg,BlueRight,1,James,green,12,2,1,1,21.5833,22.7273,0.478,0.501,0.7495,0.757,-4.927,18.013,-64.9,200.5,-2.8,13.4,1.2052,-4.4061,1.0817,-3.3417,0.99507,-4.6033,0.85167,-3.58,1.0029,-4.5986,1.1978,-4.4064,1.0817,-3.3417,1.1986,-4.403
19B251.13,19B251.13.22,counterclockwise90deg,BlueRight,1,James,green,22,3,1,1,23.2857,24.6,0.513,0.528,0.772,0.7735,6.792,18.862,107,213.6,9,14.2,-1.6614,-4.6138,-1.7833,-3.56,-1.8091,-4.7779,-1.9633,-3.765,-1.8101,-4.7699,-1.6687,-4.6141,-1.7833,-3.56,-1.6878,-4.5986
19B251.13,19B251.13.21,counterclockwise90deg,BlueRight,1,James,green,21,4,1,1,21.04,24.8182,0.475,0.529,0.7415,0.7745,1.777,5.08,33.8,10.6,3.9,0.4,-0.43467,-1.2426,-0.56333,-0.17667,-0.59807,-1.4544,-0.74167,-0.43667,-0.58706,-1.4432,-0.44201,-1.2429,-0.56333,-0.17667,-0.4403,-1.223
19B251.13,19B251.13.31,counterclockwise90deg,BlueRight,1,James,green,31,5,1,1,15.9565,20,0.322,0.361,0.611,0.579,8.023,6.891,125.2,38.2,10.2,2.3,-1.9625,-1.6856,-2.0867,-0.63667,-2.098,-1.9119,-2.24,-0.89833,-2.1036,-1.9324,-1.9698,-1.6858,-2.0867,-0.63667,-1.9813,-1.6878
19B251.13,19B251.13.32,counterclockwise90deg,BlueRight,1,James,green,32,6,1,1,20.3043,21.2174,0.45,0.461,0.7365,0.7215,5.217,22.054,83.5,260.1,7.4,17.4,-1.2761,-5.3946,-1.3917,-4.335,-1.4045,-5.5585,-1.5433,-4.5317,-1.4187,-5.5526,-1.2835,-5.3948,-1.3917,-4.335,-1.2964,-5.3814
19B251.13,19B251.13.11,counterclockwise90deg,BlueRight,2,James,blue,11,1,1,1,16.8148,20.2222,0.353,0.445,0.659,0.704,-12.347,-3.106,-173.7,-109.4,-10.2,-7.7,3.0202,0.75976,2.895,1.8233,2.7313,0.4584,2.5683,1.4667,2.7396,0.4403,3.0251,0.77394,2.9033,1.8483,3.0331,0.75829
19B251.13,19B251.13.12,counterclockwise90deg,BlueRight,2,James,blue,12,2,1,1,18.5833,20.7368,0.399,0.441,0.696,0.7045,-9.486,16.017,-132,172.2,-7.3,11.4,2.3204,-3.9179,2.2,-2.87,2.063,-4.0877,1.915,-3.0817,2.0547,-4.085,2.3253,-3.9037,2.2083,-2.845,2.3238,-3.9137
19B251.13,19B251.13.22,counterclockwise90deg,BlueRight,2,James,blue,22,3,1,1,18.1667,19,0.39,0.411,0.688,0.7005,7.425,15.619,116,165.6,9.6,11,-1.8162,-3.8205,-1.9333,-2.76,-1.9615,-3.9849,-2.105,-2.9717,-1.9569,-3.9871,-1.8113,-3.8064,-1.925,-2.735,-1.8101,-3.8159
19B251.13,19B251.13.21,counterclockwise90deg,BlueRight,2,James,blue,21,4,1,1,16,19.56,0.335,0.421,0.6375,0.6985,2.52,-1.071,44.2,-79.6,4.7,-5.7,-0.61641,0.26198,-0.73667,1.3267,-0.78544,0.030087,-0.925,1.0517,-0.78275,0.024461,-0.61152,0.27616,-0.72833,1.3517,-0.61152,0.26907
19B251.13,19B251.13.31,counterclockwise90deg,BlueRight,2,James,blue,31,5,1,1,7.2692,6.0099,0.045,0.082,0.282,0.164,14.864,-1.848,225.2,-90.8,17,-6.5,-3.6359,0.45204,-3.7533,1.5133,-3.7902,0.20816,-3.9367,1.2217,-3.7914,0.22015,-3.631,0.46622,-3.745,1.5383,-3.6202,0.46476
19B251.13,19B251.13.32,counterclockwise90deg,BlueRight,2,James,blue,32,6,1,1,17.2083,17.8462,0.364,0.377,0.662,0.6665,9.171,20.418,142.7,236.5,11.3,15.8,-2.2433,-4.9944,-2.3783,-3.9417,-2.3756,-5.149,-2.52,-4.1417,-2.3727,-5.1612,-2.2384,-4.9802,-2.37,-3.9167,-2.2259,-4.99
19B251.13,19B251.13.11,counterclockwise90deg,BlueRight,2,James,green,11,1,1,1,20,21.5,0.445,0.473,0.7275,0.742,-6.736,5.425,-91.1,15.7,-4.6,0.8,1.6477,-1.327,1.5183,-0.26167,1.4239,-1.5697,1.2883,-0.55333,1.4432,-1.5655,1.6403,-1.3272,1.5183,-0.26167,1.6389,-1.3209
19B251.13,19B251.13.12,counterclockwise90deg,BlueRight,2,James,green,12,2,1,1,21.3333,22.4783,0.475,0.5,0.746,0.757,-4.67,17.497,-60.2,192.9,-2.5,12.9,1.1423,-4.2799,1.0033,-3.215,0.94786,-4.4722,0.785,-3.4517,0.95397,-4.4763,1.135,-4.2802,1.0033,-3.215,1.1252,-4.2807
19B251.13,19B251.13.22,counterclockwise90deg,BlueRight,2,James,green,22,3,1,1,23.0455,24.1111,0.507,0.523,0.763,0.7605,6.478,18.815,102.9,212.6,8.6,14.2,-1.5846,-4.6023,-1.715,-3.5433,-1.734,-4.7579,-1.9067,-3.7517,-1.7123,-4.7699,-1.5919,-4.6026,-1.715,-3.5433,-1.59,-4.5986
19B251.13,19B251.13.21,counterclockwise90deg,BlueRight,2,James,green,21,4,1,1,21.32,25.4762,0.47,0.536,0.7395,0.7725,2.457,5.45,43.9,16.4,4.6,0.8,-0.601,-1.3331,-0.73167,-0.27333,-0.76269,-1.5246,-0.92333,-0.51,-0.75829,-1.5166,-0.60834,-1.3334,-0.73167,-0.27333,-0.61152,-1.3209
19B251.13,19B251.13.31,counterclockwise90deg,BlueRight,2,James,green,31,5,1,1,15.9565,19.5,0.322,0.355,0.6125,0.5795,8.648,5.576,134.6,18.5,10.8,0.9,-2.1154,-1.3639,-2.2433,-0.30833,-2.2533,-1.5721,-2.4083,-0.55667,-2.2504,-1.5655,-2.1227,-1.3642,-2.2433,-0.30833,-2.1281,-1.3453
19B251.13,19B251.13.32,counterclockwise90deg,BlueRight,2,James,green,32,6,1,1,20.5652,23.0476,0.453,0.499,0.7435,0.7385,5.469,21.921,88,257.8,7.6,17.3,-1.3378,-5.3621,-1.4667,-4.2967,-1.4672,-5.523,-1.6167,-4.515,-1.4677,-5.5282,-1.3451,-5.3623,-1.4667,-4.2967,-1.3453,-5.3569
19B167.04,19B167.04.11,counterclockwise90deg,RedRight,1,James,red,11,1,1,1,18.2692,18.3846,0.409,0.405,0.7585,0.7485,-9.226,1.601,-128.4,-40.1,-7.1,-3,2.2568,-0.39162,2.14,0.66833,1.7842,-0.86958,1.65,0.15,1.7856,-0.88059,2.2506,-0.40556,2.14,0.65667,2.2504,-0.41584
19B167.04,19B167.04.12,counterclockwise90deg,RedRight,1,James,red,12,2,1,1,17.7018,11.5614,0.424,0.149,0.498,0.6315,-8.851,16.343,-123,176.4,-6.7,11.7,2.165,-3.9976,2.05,-2.94,1.6313,-4.4054,1.495,-3.395,1.6389,-4.403,2.1589,-4.0116,2.05,-2.9517,2.1526,-4.0116
19B167.04,19B167.04.22,counterclockwise90deg,RedRight,1,James,red,22,3,1,1,19,16.1923,0.414,0.336,0.77,0.7395,7.705,9.591,120.9,76.9,9.9,5,-1.8847,-2.346,-2.015,-1.2817,-2.2932,-2.7939,-2.435,-1.7783,-2.2993,-2.813,-1.8908,-2.36,-2.015,-1.2933,-1.9079,-2.3727
19B167.04,19B167.04.21,counterclockwise90deg,RedRight,1,James,red,21,4,1,1,18.4828,15.5882,0.425,0.32,0.7955,0.7475,4.193,1.795,68.4,-37.3,6.4,-2.8,-1.0256,-0.43907,-1.14,0.62167,-1.4899,-0.99898,-1.6267,0.018333,-1.4921,-1.0029,-1.0318,-0.45302,-1.14,0.61,-1.0518,-0.46476
19B167.04,19B167.04.31,counterclockwise90deg,RedRight,1,James,red,31,5,1,1,19.4643,15.6579,0.44,0.325,0.797,0.7455,8.645,-4.538,134.1,-130.1,10.8,-9.2,-2.1146,1.11,-2.235,2.1683,-2.5339,0.57777,-2.6833,1.5833,-2.5195,0.58706,-2.1208,1.0961,-2.235,2.1567,-2.1281,1.1007
19B167.04,19B167.04.32,counterclockwise90deg,RedRight,1,James,red,32,6,1,1,19.8929,16.0833,0.455,0.344,0.8065,0.803,9.282,18.546,143.7,209.2,11.5,13.9,-2.2705,-4.5365,-2.395,-3.4867,-2.723,-4.9851,-2.87,-3.99,-2.7396,-4.99,-2.2766,-4.5505,-2.395,-3.4983,-2.2993,-4.5497
19B167.04,19B167.04.11,counterclockwise90deg,RedRight,1,James,green,11,1,1,1,16.92,9.6786,0.353,0.07,0.5895,0.436,-14.212,-3.643,-201.6,-116.4,-12,-8.3,3.4764,0.89111,3.36,1.94,3.1334,0.52175,2.9933,1.54,3.131,0.53814,3.469,0.89087,3.36,1.94,3.449,0.90505
19B167.04,19B167.04.12,counterclockwise90deg,RedRight,1,James,green,12,2,1,1,5.0194,7.8194,0.091,0.065,0.122,0.323,-10.59,16.695,-147.4,182.1,-8.4,12.1,2.5904,-4.0837,2.4567,-3.035,2.236,-4.299,2.08,-3.3067,2.2259,-4.3051,2.5831,-4.084,2.4567,-3.035,2.5684,-4.085
19B167.04,19B167.04.22,counterclockwise90deg,RedRight,1,James,green,22,3,1,1,12.5789,10.9259,0.225,0.239,0.5415,0.437,10.195,8.629,157.7,62.2,12.4,4,-2.4938,-2.1107,-2.6283,-1.0367,-2.7156,-2.3671,-2.88,-1.3333,-2.7152,-2.3727,-2.5011,-2.111,-2.6283,-1.0367,-2.5195,-2.1036
19B167.04,19B167.04.21,counterclockwise90deg,RedRight,1,James,green,21,4,1,1,13.7949,10.2321,0.257,0.132,0.5905,0.475,5.895,-1.212,94.4,-81.5,8.1,-5.9,-1.442,0.29647,-1.5733,1.3583,-1.7235,-0.08121,-1.88,0.945,-1.7367,-0.073383,-1.4493,0.29622,-1.5733,1.3583,-1.4677,0.31799
19B167.04,19B167.04.31,counterclockwise90deg,RedRight,1,James,green,31,5,1,1,14.3,11.3103,0.279,0.222,0.606,0.4895,13.932,-9.543,211.4,-203.4,16.1,-14.2,-3.4079,2.3343,-3.5233,3.39,-3.608,1.9552,-3.7417,2.97,-3.5957,1.9569,-3.4152,2.3341,-3.5233,3.39,-3.4245,2.3482
19B167.04,19B167.04.32,counterclockwise90deg,RedRight,1,James,green,32,6,1,1,13.2273,10.9615,0.224,0.188,0.613,0.5085,11.552,21.469,177.7,251.8,13.7,16.8,-2.8257,-5.2515,-2.9617,-4.1967,-3.0799,-5.4787,-3.2367,-4.4567,-3.0821,-5.4792,-2.8331,-5.2517,-2.9617,-4.1967,-2.8375,-5.2346
19B167.04,19B167.04.11,counterclockwise90deg,RedRight,2,James,red,11,1,1,1,18.037,18.16,0.41,0.4,0.7575,0.7515,-9.523,1.308,-132.1,-44.1,-7.4,-3.3,2.3294,-0.31995,2.2017,0.735,1.837,-0.77247,1.6967,0.24333,1.859,-0.78275,2.3233,-0.33389,2.2017,0.72333,2.3238,-0.34245
19B167.04,19B167.04.12,counterclockwise90deg,RedRight,2,James,red,12,2,1,1,17.8276,11.3276,0.431,0.133,0.502,0.617,-9.125,16.86,-126.3,183.4,-7,12.2,2.2321,-4.1241,2.105,-3.0567,1.6978,-4.5294,1.5517,-3.52,1.7123,-4.5253,2.2259,-4.138,2.105,-3.0683,2.2259,-4.1339
19B167.04,19B167.04.22,counterclockwise90deg,RedRight,2,James,red,22,3,1,1,18.4,15.3226,0.394,0.31,0.761,0.735,7.356,9.928,115.6,82.1,9.5,5.3,-1.7993,-2.4285,-1.9267,-1.3683,-2.213,-2.8649,-2.3733,-1.86,-2.2015,-2.8619,-1.8055,-2.4424,-1.9267,-1.38,-1.8101,-2.4461
19B167.04,19B167.04.21,counterclockwise90deg,RedRight,2,James,red,21,4,1,1,18.7647,15.5152,0.441,0.317,0.789,0.736,3.684,2.465,61.6,-28.5,5.9,-2.2,-0.90114,-0.60296,-1.0267,0.475,-1.3551,-1.144,-1.5083,-0.115,-1.3698,-1.1497,-0.90725,-0.6169,-1.0267,0.46333,-0.92951,-0.61152
19B167.04,19B167.04.31,counterclockwise90deg,RedRight,2,James,red,31,5,1,1,19.5185,15.5526,0.44,0.321,0.812,0.7385,9.089,-3.919,141.1,-121.8,11.3,-8.6,-2.2233,0.95862,-2.3517,2.03,-2.6623,0.40825,-2.81,1.445,-2.6662,0.41584,-2.2294,0.94468,-2.3517,2.0183,-2.2504,0.95397
19B167.04,19B167.04.32,counterclockwise90deg,RedRight,2,James,red,32,6,1,1,20.0833,16.3235,0.459,0.351,0.806,0.7975,9.532,18.709,147.4,211.4,11.7,14.1,-2.3316,-4.5764,-2.4567,-3.5233,-2.781,-5.0282,-2.9267,-4.0217,-2.7885,-5.0389,-2.3377,-4.5903,-2.4567,-3.535,-2.3482,-4.5986
19B167.04,19B167.04.11,counterclockwise90deg,RedRight,2,James,green,11,1,1,1,17,9.7321,0.354,0.075,0.5915,0.44,-14.679,-3.92,-208.1,-122,-12.5,-8.6,3.5906,0.95887,3.4683,2.0333,3.243,0.57043,3.0983,1.5933,3.2288,0.58706,3.5833,0.95862,3.4683,2.0333,3.5713,0.97844
19B167.04,19B167.04.12,counterclockwise90deg,RedRight,2,James,green,12,2,1,1,4.961,7.6901,0.091,0.062,0.12,0.3135,-10.349,16.834,-143.6,183.5,-8.2,12.2,2.5315,-4.1177,2.3933,-3.0583,2.1787,-4.3328,2.0233,-3.3283,2.177,-4.3296,2.5241,-4.118,2.3933,-3.0583,2.5195,-4.1094
19B167.04,19B167.04.22,counterclockwise90deg,RedRight,2,James,green,22,3,1,1,12.2632,10.3704,0.21,0.239,0.534,0.425,10.113,8.888,156,67.8,12.3,4.2,-2.4737,-2.1741,-2.6,-1.13,-2.7061,-2.404,-2.8433,-1.41,-2.7152,-2.3972,-2.4811,-2.1743,-2.6,-1.13,-2.495,-2.1526
19B167.04,19B167.04.21,counterclockwise90deg,RedRight,2,James,green,21,4,1,1,13.8974,10.375,0.261,0.137,0.592,0.4825,5.433,-0.953,87.6,-77.9,7.6,-5.6,-1.329,0.23311,-1.46,1.2983,-1.5846,-0.15533,-1.7283,0.86,-1.59,-0.14677,-1.3363,0.23287,-1.46,1.2983,-1.3453,0.24461
19B167.04,19B167.04.31,counterclockwise90deg,RedRight,2,James,green,31,5,1,1,14.2667,11.0741,0.278,0.221,0.607,0.4855,14.318,-9.056,218.1,-196.7,16.5,-13.7,-3.5023,2.2152,-3.635,3.2783,-3.7085,1.8326,-3.87,2.8583,-3.7181,1.8346,-3.5096,2.2149,-3.635,3.2783,-3.5224,2.2259
19B167.04,19B167.04.32,counterclockwise90deg,RedRight,2,James,green,32,6,1,1,13.2444,11.2973,0.224,0.202,0.613,0.5175,11.636,21.447,178.2,251.5,13.8,16.8,-2.8463,-5.2461,-2.97,-4.1917,-3.1366,-5.4604,-3.2867,-4.4533,-3.131,-5.4548,-2.8536,-5.2464,-2.97,-4.1917,-2.8619,-5.2346
